Transaction_Amount,Transaction_Type,Time_of_Transaction,Device_Used,Location,Previous_Fraudulent_Transactions,Account_Age,Number_of_Transactions_Last_24H,Payment_Method,Fraudulent
1800.11,Bank Transfer,11.0,Tablet,Boston,0,48,12,Net Banking,1
1752.48,Online Purchase,11.0,Mobile,Miami,2,37,4,Net Banking,1
1029.4,Bill Payment,21.0,Mobile,Seattle,4,88,3,Net Banking,1
3806.61,Online Purchase,18.0,Mobile,Los Angeles,0,70,6,UPI,1
3676.51,ATM Withdrawal,13.0,Mobile,Miami,3,14,4,Debit Card,1
3599.08,Bill Payment,17.0,Unknown Device,New York,2,100,5,Credit Card,1
2140.17,Online Purchase,15.0,Mobile,Chicago,2,26,11,UPI,1
3933.44,Bank Transfer,7.0,Mobile,Chicago,1,31,12,Debit Card,1
861.25,Bill Payment,15.0,Desktop,Seattle,0,70,2,Credit Card,1
4090.54,Bill Payment,16.0,Tablet,Boston,2,31,4,Net Banking,1
1288.75,Bank Transfer,12.0,Desktop,New York,0,114,9,Net Banking,1
4284.95,ATM Withdrawal,10.0,Tablet,Los Angeles,4,95,7,Debit Card,1
553.87,ATM Withdrawal,15.0,Mobile,New York,0,106,3,Net Banking,1
1115.53,Bank Transfer,11.0,Desktop,Houston,0,75,7,Credit Card,1
384.76,POS Payment,6.0,Mobile,Boston,0,75,10,UPI,1
4293.37,Bank Transfer,11.0,Mobile,Miami,3,44,6,Net Banking,1
4437.61,Bank Transfer,17.0,Tablet,Houston,1,37,8,UPI,1
3163.11,ATM Withdrawal,21.0,Desktop,Miami,4,112,13,Credit Card,1
1858.39,POS Payment,11.0,Tablet,Houston,2,108,12,Debit Card,1
3213.36,Bill Payment,6.0,Desktop,Boston,1,88,4,Credit Card,1
549.97,Bill Payment,23.0,Desktop,Seattle,3,108,7,Credit Card,1
1635.14,POS Payment,20.0,Tablet,Seattle,3,100,3,Net Banking,1
1436.12,Bill Payment,9.0,Tablet,Chicago,4,21,9,UPI,1
2356.76,Online Purchase,20.0,Tablet,Chicago,1,12,14,Net Banking,1
1171.78,Online Purchase,18.0,Tablet,Chicago,3,84,1,UPI,1
1815.01,Online Purchase,23.0,Mobile,Los Angeles,4,66,6,Credit Card,1
3638.45,Bank Transfer,9.0,Desktop,Los Angeles,0,49,8,Credit Card,1
2725.9,Bill Payment,21.0,Mobile,Miami,2,45,10,UPI,1
4894.93,POS Payment,11.0,Mobile,Chicago,4,45,8,UPI,1
4691.54,Bill Payment,16.0,Tablet,Boston,3,41,4,Debit Card,1
1992.97,ATM Withdrawal,0.0,Tablet,Boston,3,100,1,Debit Card,1
4311.6,Online Purchase,5.0,Tablet,Chicago,1,6,9,UPI,1
2273.72,Bank Transfer,5.0,Mobile,New York,4,117,5,Credit Card,1
2099.09,ATM Withdrawal,11.0,Mobile,Houston,1,10,1,Credit Card,1
637.45,ATM Withdrawal,11.0,Tablet,New York,1,59,1,Credit Card,1
4042.85,Bill Payment,18.0,Tablet,Chicago,4,101,9,Credit Card,1
685.12,Online Purchase,13.0,Mobile,Miami,2,5,1,Credit Card,1
4284.34,POS Payment,9.0,Tablet,Miami,4,110,13,Debit Card,1
3550.95,Online Purchase,11.0,Desktop,Los Angeles,2,34,6,Credit Card,1
1555.84,Online Purchase,19.0,Tablet,Los Angeles,2,17,5,UPI,1
3950.07,ATM Withdrawal,15.0,Mobile,Chicago,2,80,6,Net Banking,1
3757.62,Online Purchase,11.0,Tablet,San Francisco,4,87,1,UPI,1
2853.07,Bill Payment,7.0,Mobile,Miami,2,93,6,Net Banking,1
3960.52,Bill Payment,20.0,Mobile,Seattle,1,51,8,Credit Card,1
996.65,Bank Transfer,21.0,Mobile,New York,2,48,3,Credit Card,1
281.94,Bank Transfer,20.0,Mobile,Chicago,2,89,14,UPI,1
4194.06,Bank Transfer,5.0,Desktop,Chicago,2,65,4,Debit Card,1
51.58,Online Purchase,2.0,Tablet,Chicago,2,49,5,Credit Card,1
1557.24,Bank Transfer,1.0,Desktop,Chicago,3,70,5,Credit Card,1
508.45,Bank Transfer,22.0,Tablet,Chicago,2,107,14,UPI,1
3726.34,ATM Withdrawal,14.0,Desktop,New York,2,80,4,Credit Card,1
3084.31,Bill Payment,15.0,Unknown Device,Miami,4,113,8,Debit Card,1
1267.96,Online Purchase,17.0,Unknown Device,Chicago,1,64,2,Net Banking,1
401.14,Bill Payment,23.0,Mobile,Seattle,1,79,3,UPI,1
1484.23,Online Purchase,18.0,Unknown Device,Boston,2,105,3,Credit Card,1
49997.8,POS Payment,0.0,Tablet,New York,1,63,12,Debit Card,1
701.18,Bill Payment,9.0,Desktop,Miami,2,45,2,UPI,1
4791.69,Bill Payment,5.0,Tablet,Miami,4,74,5,Credit Card,1
49997.8,Online Purchase,16.0,Desktop,Miami,4,88,14,Credit Card,1
2110.99,POS Payment,11.0,Desktop,Los Angeles,1,75,7,Credit Card,1
3052.46,POS Payment,12.0,Desktop,Miami,1,96,1,Debit Card,1
4615.62,Bill Payment,18.0,Desktop,Los Angeles,0,17,14,Net Banking,1
4318.47,Bank Transfer,1.0,Tablet,Boston,2,86,10,Net Banking,1
2669.44,Bank Transfer,17.0,Tablet,San Francisco,2,86,11,Debit Card,1
4505.17,POS Payment,4.0,Tablet,Chicago,4,34,1,Net Banking,1
4422.43,Bill Payment,13.0,Tablet,Boston,2,13,5,Credit Card,1
4013.43,POS Payment,17.0,Mobile,Miami,1,94,2,UPI,1
910.93,POS Payment,18.0,Tablet,New York,1,92,14,Debit Card,1
3134.41,POS Payment,4.0,Desktop,Houston,4,64,1,Net Banking,1
4536.95,ATM Withdrawal,5.0,Mobile,Boston,0,8,14,Net Banking,1
4100.01,ATM Withdrawal,19.0,Desktop,Miami,2,45,12,Net Banking,1
173.19,ATM Withdrawal,13.0,Tablet,Houston,0,114,1,UPI,1
3073.77,Bill Payment,8.0,Desktop,Boston,4,109,3,Debit Card,1
3044.46,Bill Payment,0.0,Unknown Device,Chicago,3,79,7,Credit Card,1
2894.14,Bill Payment,8.0,Mobile,San Francisco,2,93,2,UPI,1
727.02,Bank Transfer,8.0,Tablet,San Francisco,0,116,3,Net Banking,1
3056.43,ATM Withdrawal,21.0,Desktop,Boston,0,105,3,Credit Card,1
288.93,Online Purchase,6.0,Mobile,Boston,2,23,3,UPI,1
4960.35,Bank Transfer,15.0,Tablet,Chicago,4,52,12,UPI,1
2332.54,POS Payment,6.0,Mobile,Houston,1,95,8,Credit Card,1
1278.87,Bank Transfer,8.0,Desktop,Boston,4,113,6,Credit Card,1
1323.67,Bill Payment,9.0,Desktop,Los Angeles,3,84,5,Credit Card,1
4691.11,Online Purchase,18.0,Mobile,Boston,1,119,8,UPI,1
2760.06,Online Purchase,15.0,Desktop,Houston,1,117,3,Net Banking,1
1409.99,Online Purchase,16.0,Mobile,Chicago,0,33,10,Credit Card,1
4469.14,Bill Payment,13.0,Tablet,Miami,4,73,10,Debit Card,1
4772.18,ATM Withdrawal,18.0,Desktop,San Francisco,3,61,7,Credit Card,1
4934.22,Online Purchase,18.0,Tablet,Chicago,2,55,11,Credit Card,1
4938.28,Online Purchase,11.0,Desktop,Houston,1,115,9,UPI,1
3062.29,Bank Transfer,21.0,Tablet,Houston,0,12,5,Credit Card,1
4722.84,Bank Transfer,22.0,Mobile,Los Angeles,3,9,6,Net Banking,1
4424.77,ATM Withdrawal,23.0,Mobile,Houston,1,79,12,Net Banking,1
813.82,Online Purchase,15.0,Tablet,Seattle,0,92,1,Debit Card,1
1467.82,Bill Payment,16.0,Tablet,Houston,2,86,14,Net Banking,1
73.81,Bank Transfer,13.0,Desktop,Boston,1,43,4,Net Banking,1
389.77,Bill Payment,13.0,Tablet,Houston,4,58,12,Credit Card,1
4475.36,Bank Transfer,14.0,Mobile,Miami,3,112,8,Credit Card,1
3185.5,ATM Withdrawal,11.0,Desktop,Chicago,2,92,10,Debit Card,1
2259.04,POS Payment,6.0,Desktop,Los Angeles,3,94,5,UPI,1
2703.1,Bank Transfer,14.0,Tablet,Boston,3,93,13,UPI,1
3519.82,Online Purchase,10.0,Tablet,Boston,4,58,12,Debit Card,1
4442.42,Bank Transfer,8.0,Mobile,Houston,2,117,10,Debit Card,1
3912.79,ATM Withdrawal,20.0,Mobile,San Francisco,0,44,6,UPI,1
2061.98,Bank Transfer,18.0,Mobile,Boston,2,20,9,Debit Card,1
4114.01,Bank Transfer,16.0,Mobile,New York,4,46,2,UPI,1
2046.4,Bill Payment,18.0,Mobile,New York,4,97,5,UPI,1
49997.8,POS Payment,5.0,Desktop,Los Angeles,2,21,7,Invalid Method,1
1309.04,ATM Withdrawal,15.0,Mobile,Chicago,4,102,9,Net Banking,1
3108.99,Bill Payment,17.0,Mobile,Houston,3,119,11,Credit Card,1
2553.98,Bank Transfer,14.0,Desktop,Chicago,1,16,3,Net Banking,1
2109.24,Online Purchase,15.0,Desktop,Boston,0,115,11,Credit Card,1
426.38,Bank Transfer,21.0,Desktop,Boston,3,26,13,Net Banking,1
1681.11,POS Payment,14.0,Desktop,Chicago,1,5,10,Net Banking,1
1461.41,POS Payment,20.0,Desktop,Boston,0,30,14,Net Banking,1
3278.38,POS Payment,18.0,Mobile,Boston,1,62,13,Debit Card,1
1029.76,ATM Withdrawal,17.0,Desktop,Boston,2,101,4,Credit Card,1
2136.04,Bill Payment,16.0,Unknown Device,Chicago,3,115,12,Net Banking,1
1827.61,Online Purchase,1.0,Unknown Device,Boston,0,106,11,Credit Card,1
488.6,Bank Transfer,7.0,Tablet,Houston,4,75,11,Debit Card,1
4114.52,Bill Payment,15.0,Tablet,New York,2,42,5,Credit Card,1
1727.77,Bill Payment,4.0,Mobile,Los Angeles,1,93,3,Net Banking,1
2044.67,ATM Withdrawal,19.0,Tablet,New York,2,87,5,UPI,1
3218.89,Bill Payment,14.0,Desktop,Houston,2,30,4,UPI,1
625.92,POS Payment,14.0,Mobile,Los Angeles,1,118,2,Credit Card,1
871.73,POS Payment,10.0,Tablet,Houston,3,59,2,Debit Card,1
2697.61,Bank Transfer,19.0,Mobile,New York,1,93,13,Credit Card,1
4087.87,Online Purchase,18.0,Tablet,Seattle,1,115,13,Credit Card,1
3707.6,Bill Payment,17.0,Mobile,Houston,3,1,8,Net Banking,1
2462.1,Online Purchase,22.0,Tablet,Los Angeles,2,84,11,UPI,1
266.07,Online Purchase,12.0,Desktop,Chicago,1,109,9,Debit Card,1
1704.38,POS Payment,16.0,Tablet,New York,1,75,2,Net Banking,1
4636.68,Online Purchase,3.0,Tablet,Houston,3,1,3,Net Banking,1
2855.98,ATM Withdrawal,18.0,Mobile,Houston,3,29,10,Net Banking,1
1813.31,ATM Withdrawal,14.0,Mobile,Houston,1,49,12,UPI,1
4498.19,Bank Transfer,20.0,Desktop,Houston,0,60,14,UPI,1
4910.85,Bill Payment,0.0,Desktop,Chicago,3,98,14,UPI,1
1757.59,POS Payment,22.0,Tablet,Houston,0,67,12,Invalid Method,1
4012.36,Bank Transfer,20.0,Desktop,Houston,1,115,13,UPI,1
2632.05,Online Purchase,11.0,Mobile,Houston,4,66,13,Credit Card,1
668.38,Online Purchase,9.0,Tablet,Boston,4,41,12,UPI,1
377.67,POS Payment,6.0,Desktop,Chicago,1,23,3,UPI,1
4679.12,POS Payment,11.0,Desktop,Miami,2,103,10,Credit Card,1
3309.84,Bill Payment,10.0,Desktop,Chicago,1,99,1,Net Banking,1
676.64,Bill Payment,15.0,Desktop,Los Angeles,0,100,4,UPI,1
4808.09,POS Payment,23.0,Mobile,Boston,0,111,4,Credit Card,1
2754.24,Bill Payment,19.0,Desktop,San Francisco,1,115,7,UPI,1
4456.69,Bill Payment,16.0,Tablet,Los Angeles,1,90,6,Credit Card,1
2850.32,POS Payment,18.0,Desktop,Chicago,2,41,9,Credit Card,1
1060.35,Bill Payment,23.0,Tablet,Chicago,0,69,13,Credit Card,1
4838.39,ATM Withdrawal,3.0,Tablet,Houston,4,84,6,UPI,1
326.09,POS Payment,19.0,Desktop,Boston,2,54,4,Debit Card,1
3577.66,POS Payment,13.0,Desktop,Miami,1,98,11,Debit Card,1
1829.16,Bank Transfer,1.0,Tablet,Chicago,2,75,4,Credit Card,1
2036.57,Bank Transfer,22.0,Desktop,Houston,4,67,13,UPI,1
1196.84,POS Payment,15.0,Tablet,Boston,2,119,6,UPI,1
2030.72,Bill Payment,23.0,Tablet,New York,2,54,9,Credit Card,1
4103.04,Bank Transfer,20.0,Mobile,Boston,4,80,5,Net Banking,1
508.04,Bank Transfer,8.0,Tablet,Los Angeles,2,74,4,Debit Card,1
4184.65,Bank Transfer,22.0,Mobile,Seattle,3,64,7,Net Banking,1
2373.68,Online Purchase,18.0,Desktop,Chicago,2,16,1,Debit Card,1
762.89,Bank Transfer,0.0,Tablet,Los Angeles,1,108,4,Net Banking,1
2105.06,Online Purchase,14.0,Desktop,Boston,1,83,9,Credit Card,1
340.95,POS Payment,19.0,Tablet,New York,3,78,7,UPI,1
693.77,POS Payment,14.0,Mobile,Miami,4,26,1,Credit Card,1
4854.03,ATM Withdrawal,21.0,Tablet,Chicago,0,54,12,Credit Card,1
3866.74,Bill Payment,18.0,Desktop,San Francisco,4,101,10,UPI,1
3541.07,Bill Payment,22.0,Desktop,New York,3,97,11,UPI,1
528.14,Bank Transfer,11.0,Tablet,Houston,1,20,7,Credit Card,1
4900.81,Bill Payment,17.0,Tablet,Miami,2,84,14,Net Banking,1
4629.41,Online Purchase,8.0,Mobile,Miami,0,21,1,Credit Card,1
3029.12,Online Purchase,4.0,Mobile,Los Angeles,2,107,12,UPI,1
2428.64,Online Purchase,10.0,Tablet,Los Angeles,2,44,5,Credit Card,1
398.73,Online Purchase,21.0,Desktop,Houston,3,93,5,Net Banking,1
432.41,Online Purchase,6.0,Desktop,Los Angeles,1,67,3,Credit Card,1
2868.85,Bank Transfer,21.0,Mobile,Los Angeles,3,59,2,Credit Card,1
279.1,Bill Payment,22.0,Mobile,Chicago,2,3,11,Net Banking,1
4343.67,ATM Withdrawal,21.0,Tablet,Miami,2,30,6,Net Banking,1
4304.25,Online Purchase,21.0,Unknown Device,Houston,2,100,4,Credit Card,1
3599.44,POS Payment,17.0,Desktop,Los Angeles,4,45,1,Invalid Method,1
3347.04,ATM Withdrawal,13.0,Tablet,Chicago,1,48,2,UPI,1
1692.45,Bill Payment,18.0,Desktop,Miami,1,75,14,UPI,1
396.92,POS Payment,9.0,Mobile,Los Angeles,3,47,3,Net Banking,1
953.19,Online Purchase,9.0,Tablet,Miami,2,67,7,Credit Card,1
2478.71,POS Payment,21.0,Desktop,San Francisco,4,86,2,Debit Card,1
1478.44,Bank Transfer,0.0,Tablet,Boston,4,45,3,Net Banking,1
1512.46,Online Purchase,18.0,Desktop,Houston,3,90,7,Debit Card,1
1211.51,Online Purchase,19.0,Tablet,Boston,4,80,6,Debit Card,1
4184.0,Online Purchase,21.0,Desktop,New York,2,101,5,Debit Card,1
4208.71,POS Payment,1.0,Tablet,Boston,4,83,13,Debit Card,1
2430.18,POS Payment,6.0,Tablet,Chicago,3,91,3,Debit Card,1
4606.87,POS Payment,16.0,Mobile,Boston,0,38,13,Net Banking,1
163.51,POS Payment,23.0,Tablet,Boston,0,40,8,Debit Card,1
2355.52,Online Purchase,1.0,Mobile,Houston,4,104,3,Invalid Method,1
3982.47,Bank Transfer,13.0,Tablet,San Francisco,1,77,8,Credit Card,1
2863.0,Bill Payment,21.0,Tablet,New York,3,18,4,Net Banking,1
3731.34,ATM Withdrawal,14.0,Mobile,Chicago,0,101,1,Debit Card,1
1870.33,Bill Payment,16.0,Unknown Device,Los Angeles,1,29,13,Credit Card,1
1394.52,ATM Withdrawal,13.0,Mobile,Chicago,1,41,6,Net Banking,1
4375.52,ATM Withdrawal,14.0,Desktop,Houston,0,111,3,Net Banking,1
3521.68,Bill Payment,2.0,Tablet,Chicago,1,110,3,UPI,1
465.31,Bill Payment,13.0,Tablet,New York,2,117,2,Net Banking,1
4444.01,Online Purchase,20.0,Tablet,Houston,2,87,10,Debit Card,1
4745.66,Bill Payment,14.0,Tablet,Los Angeles,3,26,3,Credit Card,1
3285.37,ATM Withdrawal,22.0,Tablet,Boston,3,90,1,Debit Card,1
3693.76,POS Payment,16.0,Mobile,Miami,0,27,2,UPI,1
3772.65,Bank Transfer,21.0,Tablet,Miami,4,104,1,Credit Card,1
960.41,POS Payment,15.0,Mobile,Houston,3,86,14,Net Banking,1
4009.36,Bill Payment,10.0,Mobile,Chicago,0,113,10,Net Banking,1
4947.13,ATM Withdrawal,19.0,Tablet,Houston,2,78,6,Net Banking,1
3112.43,ATM Withdrawal,9.0,Desktop,Boston,2,2,11,Net Banking,1
4459.57,POS Payment,1.0,Desktop,Chicago,3,50,1,Net Banking,1
259.81,Online Purchase,6.0,Mobile,Chicago,0,16,2,UPI,1
1830.21,ATM Withdrawal,2.0,Desktop,Chicago,4,75,3,Net Banking,1
3372.08,Bank Transfer,2.0,Tablet,Chicago,3,91,8,Net Banking,1
343.95,POS Payment,5.0,Desktop,Chicago,0,113,12,Net Banking,1
2902.19,Bank Transfer,3.0,Tablet,Chicago,4,42,7,Net Banking,1
4807.21,ATM Withdrawal,16.0,Desktop,San Francisco,0,106,12,Debit Card,1
4845.1,Bill Payment,18.0,Desktop,New York,4,40,11,UPI,1
422.31,Bill Payment,17.0,Tablet,Boston,3,92,8,UPI,1
4701.14,Online Purchase,20.0,Mobile,Boston,3,54,10,Net Banking,1
3890.99,Online Purchase,9.0,Desktop,San Francisco,4,104,7,UPI,1
336.09,POS Payment,19.0,Tablet,Miami,3,97,12,Net Banking,1
3255.78,ATM Withdrawal,20.0,Desktop,Chicago,2,98,1,Debit Card,1
3236.96,ATM Withdrawal,4.0,Desktop,Boston,1,116,12,Net Banking,1
492.71,POS Payment,12.0,Desktop,Los Angeles,2,81,3,Credit Card,1
379.94,POS Payment,19.0,Mobile,Houston,1,27,8,UPI,1
2092.71,ATM Withdrawal,15.0,Desktop,New York,2,109,13,Debit Card,1
4723.6,Bank Transfer,0.0,Mobile,Boston,3,73,5,Credit Card,1
4523.93,Bank Transfer,21.0,Mobile,Houston,4,36,13,Credit Card,1
2644.63,Bill Payment,22.0,Mobile,Houston,0,85,8,Debit Card,1
3828.95,Bill Payment,10.0,Tablet,Miami,0,94,6,Debit Card,1
1131.86,Bill Payment,16.0,Desktop,Houston,3,23,8,Debit Card,1
562.8,Bill Payment,2.0,Mobile,Houston,2,113,7,Net Banking,1
4941.99,Online Purchase,15.0,Desktop,Chicago,0,34,2,Debit Card,1
4717.58,POS Payment,20.0,Mobile,Chicago,3,7,10,Credit Card,1
4019.11,Bill Payment,3.0,Unknown Device,Boston,2,58,12,Net Banking,1
994.01,ATM Withdrawal,12.0,Tablet,Chicago,4,53,8,UPI,1
4815.81,POS Payment,16.0,Mobile,Boston,2,117,6,Credit Card,1
2297.33,Bill Payment,18.0,Desktop,Boston,4,50,5,Invalid Method,1
2624.15,Bank Transfer,0.0,Desktop,Los Angeles,1,101,6,Net Banking,1
2250.48,POS Payment,5.0,Desktop,Los Angeles,2,118,11,Net Banking,1
3391.8,ATM Withdrawal,2.0,Tablet,Chicago,3,54,10,UPI,1
3193.71,Online Purchase,20.0,Desktop,Chicago,4,115,7,Credit Card,1
1048.4,Bill Payment,23.0,Unknown Device,Los Angeles,4,20,11,Credit Card,1
3335.89,POS Payment,7.0,Tablet,New York,0,53,2,UPI,1
2769.67,Bill Payment,4.0,Mobile,Houston,1,98,5,Net Banking,1
2802.36,Online Purchase,10.0,Desktop,Miami,3,59,2,UPI,1
3374.99,ATM Withdrawal,6.0,Mobile,Boston,0,2,5,Debit Card,1
4839.85,Bank Transfer,14.0,Mobile,Chicago,0,105,6,Net Banking,1
108.01,POS Payment,3.0,Mobile,Chicago,2,99,9,Debit Card,1
3589.38,ATM Withdrawal,22.0,Mobile,Boston,2,34,7,Credit Card,1
4045.76,Online Purchase,8.0,Mobile,New York,4,89,3,Net Banking,1
3998.64,Bank Transfer,1.0,Mobile,San Francisco,4,117,1,Credit Card,1
4085.85,Online Purchase,3.0,Desktop,Los Angeles,3,88,4,Net Banking,1
250.66,Online Purchase,12.0,Tablet,Houston,2,11,1,Credit Card,1
1126.99,Bill Payment,21.0,Tablet,Miami,2,64,4,UPI,1
4662.11,Bill Payment,10.0,Tablet,Houston,1,56,6,Net Banking,1
371.92,POS Payment,10.0,Desktop,Boston,0,35,4,Credit Card,1
2194.17,Bank Transfer,10.0,Desktop,Houston,4,103,3,Debit Card,1
3164.57,Online Purchase,18.0,Desktop,Seattle,2,93,7,UPI,1
46.19,Bill Payment,21.0,Mobile,Los Angeles,2,60,5,Credit Card,1
4512.65,POS Payment,22.0,Desktop,Chicago,2,66,1,Credit Card,1
3239.3,POS Payment,17.0,Desktop,Chicago,3,33,3,Credit Card,1
517.16,Online Purchase,20.0,Desktop,New York,3,1,2,Net Banking,1
1865.73,Bill Payment,13.0,Tablet,Boston,0,58,3,UPI,1
49997.8,Online Purchase,6.0,Mobile,New York,4,34,8,Debit Card,1
1596.01,ATM Withdrawal,23.0,Mobile,New York,2,76,6,Credit Card,1
2676.1,Bank Transfer,0.0,Desktop,Boston,2,12,5,Invalid Method,1
3205.61,POS Payment,15.0,Mobile,Los Angeles,4,4,7,Debit Card,1
3310.51,Online Purchase,18.0,Desktop,Chicago,2,35,13,Credit Card,1
2697.33,ATM Withdrawal,11.0,Desktop,Chicago,0,13,2,Debit Card,1
629.0,POS Payment,16.0,Mobile,Houston,4,20,1,Net Banking,1
3237.75,POS Payment,2.0,Desktop,Miami,1,56,1,Debit Card,1
2375.49,Bill Payment,4.0,Tablet,Houston,4,113,2,Credit Card,1
848.3,Online Purchase,10.0,Tablet,Chicago,1,110,5,Net Banking,1
1435.05,Online Purchase,13.0,Tablet,Chicago,2,82,2,Credit Card,1
2067.77,Bill Payment,22.0,Mobile,Chicago,3,84,5,Credit Card,1
4454.74,Bank Transfer,1.0,Mobile,Miami,2,59,2,Net Banking,1
734.05,Online Purchase,6.0,Mobile,Los Angeles,0,17,1,Credit Card,1
4960.08,Online Purchase,18.0,Desktop,San Francisco,2,74,12,UPI,1
4594.69,ATM Withdrawal,18.0,Desktop,Boston,3,52,8,Net Banking,1
2057.51,POS Payment,19.0,Mobile,Los Angeles,0,112,7,Net Banking,1
2942.88,ATM Withdrawal,9.0,Mobile,Houston,1,112,1,UPI,1
3972.33,Bank Transfer,8.0,Mobile,Chicago,0,75,14,Debit Card,1
4844.97,Bank Transfer,4.0,Mobile,New York,2,89,5,Net Banking,1
2824.61,POS Payment,2.0,Desktop,Chicago,2,14,3,Credit Card,1
4062.16,POS Payment,17.0,Desktop,Houston,4,108,9,Debit Card,1
1111.21,ATM Withdrawal,19.0,Tablet,Houston,1,11,2,Debit Card,1
2272.01,Bill Payment,18.0,Tablet,New York,4,54,4,Debit Card,1
1947.85,ATM Withdrawal,7.0,Desktop,Chicago,2,54,13,UPI,1
4662.11,ATM Withdrawal,10.0,Mobile,Miami,1,90,2,Debit Card,1
847.84,Online Purchase,0.0,Mobile,Chicago,3,92,3,Debit Card,1
4615.25,Bank Transfer,11.0,Mobile,Chicago,1,4,13,UPI,1
3481.83,Bill Payment,16.0,Mobile,San Francisco,2,109,3,UPI,1
2796.14,POS Payment,23.0,Tablet,San Francisco,3,52,8,Debit Card,1
170.68,POS Payment,1.0,Tablet,Boston,3,63,8,UPI,1
1479.07,Bill Payment,1.0,Desktop,Chicago,0,112,13,UPI,1
4036.26,POS Payment,12.0,Desktop,Los Angeles,4,33,4,Credit Card,1
2758.39,POS Payment,14.0,Unknown Device,Chicago,1,30,11,Debit Card,1
533.52,Bill Payment,8.0,Tablet,Chicago,1,7,4,Debit Card,1
3512.45,Bank Transfer,16.0,Desktop,Houston,3,115,6,Debit Card,1
2261.89,Bank Transfer,22.0,Mobile,Seattle,2,109,3,Net Banking,1
4184.33,Online Purchase,17.0,Desktop,San Francisco,1,95,1,Debit Card,1
4849.81,Online Purchase,3.0,Mobile,Houston,0,99,5,Credit Card,1
897.06,Online Purchase,6.0,Mobile,Los Angeles,3,89,2,Net Banking,1
1591.4,Bank Transfer,22.0,Desktop,Boston,2,4,1,Net Banking,1
694.31,Bill Payment,22.0,Desktop,Houston,4,72,4,UPI,1
2521.39,ATM Withdrawal,6.0,Mobile,Boston,2,95,11,Debit Card,1
2411.9,ATM Withdrawal,18.0,Mobile,Houston,2,84,6,UPI,1
49997.8,Online Purchase,2.0,Desktop,New York,4,20,1,Net Banking,1
2823.58,Bill Payment,5.0,Tablet,Chicago,0,70,6,Net Banking,1
4578.03,ATM Withdrawal,16.0,Desktop,Chicago,3,71,14,Debit Card,1
1909.45,Bill Payment,7.0,Tablet,San Francisco,0,115,1,Debit Card,1
1021.27,POS Payment,10.0,Mobile,Chicago,2,77,3,Net Banking,1
2505.31,ATM Withdrawal,16.0,Tablet,Los Angeles,0,102,10,UPI,1
3775.92,Online Purchase,5.0,Mobile,Houston,3,46,1,UPI,1
950.36,Bank Transfer,7.0,Tablet,Los Angeles,1,20,1,Credit Card,1
4095.21,Bank Transfer,3.0,Unknown Device,Chicago,3,46,11,Net Banking,1
3304.51,Online Purchase,20.0,Mobile,Miami,4,31,11,Net Banking,1
257.32,Bill Payment,23.0,Tablet,Boston,4,26,4,Credit Card,1
402.18,Online Purchase,5.0,Tablet,Chicago,2,77,10,Net Banking,1
3435.02,Bill Payment,20.0,Mobile,San Francisco,4,21,4,Credit Card,1
533.43,Online Purchase,19.0,Mobile,Houston,2,16,1,Net Banking,1
4940.53,ATM Withdrawal,16.0,Tablet,Seattle,4,106,3,UPI,1
1863.4,ATM Withdrawal,12.0,Desktop,Chicago,4,14,6,UPI,1
60.67,POS Payment,17.0,Desktop,San Francisco,4,101,2,Net Banking,1
2797.7,POS Payment,21.0,Mobile,San Francisco,4,62,1,Debit Card,1
2655.34,ATM Withdrawal,23.0,Tablet,San Francisco,2,107,7,UPI,1
3589.87,ATM Withdrawal,21.0,Unknown Device,Miami,3,112,2,UPI,1
3206.34,Online Purchase,1.0,Desktop,Boston,0,61,1,Net Banking,1
3669.45,Bill Payment,23.0,Tablet,Seattle,2,8,3,UPI,1
3011.94,Bank Transfer,9.0,Desktop,Chicago,4,34,1,Net Banking,1
1288.75,Online Purchase,12.0,Desktop,Chicago,4,110,3,UPI,1
2406.02,Online Purchase,12.0,Tablet,San Francisco,1,92,1,Net Banking,1
2280.81,ATM Withdrawal,16.0,Desktop,Boston,2,90,8,Net Banking,1
3403.95,Bank Transfer,0.0,Mobile,Houston,1,47,2,UPI,1
4873.51,Bill Payment,20.0,Tablet,Houston,4,101,7,Debit Card,1
2058.07,Bank Transfer,9.0,Desktop,Chicago,2,98,13,Debit Card,1
4133.02,Online Purchase,4.0,Tablet,Boston,0,69,2,Net Banking,1
854.82,POS Payment,21.0,Tablet,Boston,2,118,7,UPI,1
721.36,ATM Withdrawal,20.0,Unknown Device,Miami,3,18,3,Invalid Method,1
4295.73,Bank Transfer,21.0,Tablet,Los Angeles,4,63,10,Invalid Method,1
2567.78,Online Purchase,20.0,Tablet,Los Angeles,0,74,8,Debit Card,1
1428.06,POS Payment,15.0,Tablet,Miami,4,37,7,Debit Card,1
1342.76,Online Purchase,15.0,Tablet,Chicago,2,45,13,Debit Card,1
2179.16,Online Purchase,18.0,Mobile,Boston,2,81,1,Net Banking,1
1760.44,POS Payment,6.0,Mobile,Boston,2,118,13,UPI,1
1031.63,ATM Withdrawal,11.0,Mobile,Chicago,0,41,1,Credit Card,1
3706.65,Online Purchase,13.0,Tablet,Boston,1,13,4,Credit Card,1
4726.11,Bill Payment,10.0,Desktop,New York,1,20,1,UPI,1
2431.15,Bank Transfer,19.0,Tablet,Seattle,1,94,3,UPI,1
569.02,Online Purchase,1.0,Mobile,Chicago,0,106,3,UPI,1
2478.71,Online Purchase,21.0,Mobile,Chicago,0,100,12,Debit Card,1
4289.96,Bill Payment,13.0,Tablet,Miami,4,118,9,Net Banking,1
4095.21,ATM Withdrawal,3.0,Desktop,Los Angeles,2,50,1,Net Banking,1
4219.73,Bank Transfer,14.0,Mobile,New York,4,108,11,UPI,1
3482.66,Online Purchase,23.0,Desktop,New York,3,75,11,UPI,1
4132.33,Online Purchase,8.0,Tablet,Boston,2,83,9,Invalid Method,1
2854.7,ATM Withdrawal,18.0,Mobile,New York,0,58,8,Debit Card,1
973.26,ATM Withdrawal,17.0,Tablet,Los Angeles,3,78,8,Credit Card,1
3977.78,Bank Transfer,15.0,Tablet,Seattle,4,53,1,Credit Card,1
3490.15,Bill Payment,21.0,Tablet,Los Angeles,4,29,10,Debit Card,1
3027.29,Online Purchase,1.0,Tablet,Boston,4,14,8,Net Banking,1
3841.41,Online Purchase,20.0,Mobile,Los Angeles,0,107,4,Net Banking,1
2053.59,ATM Withdrawal,9.0,Desktop,Chicago,4,71,10,Debit Card,1
1833.94,POS Payment,15.0,Desktop,Boston,3,29,2,Net Banking,1
2349.88,Online Purchase,18.0,Tablet,Los Angeles,2,3,6,Debit Card,1
2940.1,Online Purchase,1.0,Desktop,Chicago,2,52,10,Credit Card,1
4569.16,Bank Transfer,10.0,Mobile,Chicago,0,103,6,Credit Card,1
544.53,ATM Withdrawal,9.0,Desktop,Boston,4,73,10,Net Banking,1
3313.52,POS Payment,18.0,Tablet,San Francisco,2,83,10,Credit Card,1
4653.33,Bank Transfer,14.0,Unknown Device,Boston,4,62,10,Net Banking,1
4098.89,Bill Payment,21.0,Mobile,New York,4,32,13,UPI,1
3272.94,POS Payment,21.0,Mobile,San Francisco,4,98,11,UPI,1
3714.79,ATM Withdrawal,16.0,Desktop,Los Angeles,0,111,3,Debit Card,1
3346.4,ATM Withdrawal,19.0,Desktop,San Francisco,0,4,2,Credit Card,1
126.01,Online Purchase,13.0,Desktop,Chicago,0,19,10,Net Banking,1
1532.02,Bank Transfer,5.0,Mobile,Chicago,3,1,5,UPI,1
4536.81,Bill Payment,23.0,Tablet,Houston,3,65,14,Debit Card,1
3666.8,Bill Payment,22.0,Desktop,Boston,3,58,6,Net Banking,1
2657.67,POS Payment,13.0,Tablet,San Francisco,1,106,3,UPI,1
3805.48,POS Payment,11.0,Unknown Device,Boston,3,40,2,Net Banking,1
3341.51,Bill Payment,6.0,Desktop,Miami,2,94,6,UPI,1
4741.68,Bill Payment,21.0,Mobile,Houston,2,57,7,Credit Card,1
1498.07,Bank Transfer,12.0,Tablet,Chicago,4,117,6,UPI,1
4094.43,ATM Withdrawal,8.0,Tablet,San Francisco,2,88,2,Credit Card,1
2898.31,ATM Withdrawal,15.0,Tablet,Miami,1,52,4,UPI,1
2113.06,ATM Withdrawal,15.0,Desktop,Los Angeles,4,50,2,Net Banking,1
4426.63,POS Payment,6.0,Mobile,Chicago,0,58,5,Credit Card,1
799.23,Bank Transfer,14.0,Tablet,Chicago,0,56,12,Net Banking,1
1870.33,POS Payment,16.0,Tablet,Chicago,3,55,6,Credit Card,1
3670.69,Online Purchase,15.0,Mobile,Seattle,0,107,6,Net Banking,1
4749.13,Online Purchase,0.0,Desktop,Chicago,0,80,4,Credit Card,1
780.92,Bank Transfer,10.0,Desktop,Los Angeles,3,85,12,Debit Card,1
2030.56,ATM Withdrawal,14.0,Desktop,Chicago,2,116,14,Net Banking,1
1416.36,Online Purchase,15.0,Tablet,New York,0,108,13,Credit Card,1
4145.81,Bank Transfer,14.0,Desktop,Seattle,2,112,9,Credit Card,1
3183.61,POS Payment,13.0,Desktop,Houston,0,93,6,Net Banking,1
3433.71,Bill Payment,2.0,Tablet,New York,1,107,5,Debit Card,1
4018.85,Bill Payment,4.0,Mobile,Boston,1,45,3,Debit Card,1
3821.22,Bill Payment,7.0,Desktop,Boston,3,35,10,Net Banking,1
4780.55,POS Payment,10.0,Tablet,Miami,1,78,9,Credit Card,1
2571.74,Bill Payment,15.0,Tablet,San Francisco,0,97,2,Net Banking,1
871.28,Bank Transfer,20.0,Desktop,Chicago,4,95,12,Invalid Method,1
258.91,Bill Payment,13.0,Tablet,Los Angeles,0,114,8,Debit Card,1
1717.08,Bill Payment,18.0,Tablet,Houston,4,18,7,Debit Card,1
3242.48,Bill Payment,21.0,Tablet,Miami,3,26,6,Invalid Method,1
2206.12,Bill Payment,5.0,Desktop,Los Angeles,1,79,5,UPI,1
3040.44,ATM Withdrawal,11.0,Tablet,Los Angeles,2,72,4,Debit Card,1
2399.23,Bill Payment,17.0,Tablet,Chicago,4,77,7,Net Banking,1
2859.74,POS Payment,6.0,Mobile,Boston,1,21,11,Debit Card,1
2163.88,Bill Payment,23.0,Tablet,Chicago,2,21,10,Debit Card,1
275.72,Online Purchase,3.0,Tablet,Boston,0,85,1,Net Banking,1
2144.92,Bill Payment,16.0,Desktop,Miami,4,59,6,Credit Card,1
2338.22,Bank Transfer,16.0,Tablet,San Francisco,2,112,10,Debit Card,1
3772.25,Bill Payment,6.0,Unknown Device,Miami,0,102,11,Debit Card,1
1301.92,Bank Transfer,12.0,Mobile,Chicago,2,33,12,Credit Card,1
580.28,POS Payment,15.0,Desktop,Boston,4,34,9,UPI,1
1981.39,Bank Transfer,14.0,Desktop,New York,1,85,12,Debit Card,1
460.45,Bill Payment,11.0,Tablet,Boston,2,92,11,Debit Card,1
2377.46,Bank Transfer,10.0,Tablet,New York,4,68,5,UPI,1
4188.52,Online Purchase,9.0,Tablet,Boston,3,63,11,Credit Card,1
4133.42,ATM Withdrawal,5.0,Desktop,Miami,0,35,3,UPI,1
1738.26,Bill Payment,20.0,Tablet,Boston,2,12,6,UPI,1
2182.03,ATM Withdrawal,23.0,Mobile,Boston,2,76,9,Debit Card,1
836.67,ATM Withdrawal,5.0,Desktop,Boston,3,48,13,Net Banking,1
4423.79,Bank Transfer,12.0,Tablet,Boston,2,71,11,Credit Card,1
4463.95,Bank Transfer,13.0,Mobile,Miami,0,1,1,Net Banking,1
1669.28,Bill Payment,23.0,Desktop,Los Angeles,4,83,3,Credit Card,1
3127.75,Bank Transfer,7.0,Mobile,Miami,1,79,4,UPI,1
2092.66,ATM Withdrawal,6.0,Tablet,Boston,0,83,2,Debit Card,1
2938.22,POS Payment,4.0,Tablet,Los Angeles,0,64,5,Net Banking,1
49997.8,ATM Withdrawal,19.0,Desktop,New York,0,92,4,UPI,1
4753.0,ATM Withdrawal,7.0,Tablet,Houston,3,96,1,UPI,1
3125.9,Bill Payment,11.0,Desktop,Houston,2,89,14,Debit Card,1
964.55,Bank Transfer,14.0,Mobile,Houston,1,33,9,Debit Card,1
3810.95,POS Payment,10.0,Tablet,Chicago,0,2,13,UPI,1
4024.59,ATM Withdrawal,15.0,Desktop,Seattle,4,77,6,Debit Card,1
3940.73,Bank Transfer,7.0,Tablet,Miami,1,57,2,Debit Card,1
871.45,Online Purchase,22.0,Desktop,Houston,1,31,9,Net Banking,1
193.97,POS Payment,22.0,Mobile,Los Angeles,2,48,4,Credit Card,1
1173.42,Bank Transfer,9.0,Desktop,Chicago,3,30,2,Credit Card,1
4962.51,Bill Payment,23.0,Mobile,Houston,0,89,4,Debit Card,1
3986.92,Bill Payment,18.0,Tablet,Los Angeles,3,112,13,Debit Card,1
4975.43,Bank Transfer,16.0,Tablet,Chicago,1,91,4,Credit Card,1
3512.11,Bill Payment,18.0,Mobile,Chicago,2,33,6,Debit Card,1
2133.31,ATM Withdrawal,10.0,Mobile,Boston,1,31,6,Debit Card,1
1977.87,ATM Withdrawal,20.0,Desktop,New York,3,105,1,Debit Card,1
4321.24,Online Purchase,4.0,Tablet,Chicago,1,95,1,Net Banking,1
4210.92,Bill Payment,7.0,Mobile,Houston,0,83,1,Invalid Method,1
3645.81,Bank Transfer,19.0,Desktop,Los Angeles,0,27,13,Net Banking,1
4488.5,Online Purchase,10.0,Mobile,Miami,4,70,2,UPI,1
1312.67,Online Purchase,22.0,Mobile,Chicago,0,56,10,UPI,1
4293.27,Bank Transfer,5.0,Desktop,Miami,0,97,11,Invalid Method,1
894.15,Bill Payment,15.0,Tablet,Houston,3,23,3,Credit Card,1
2263.59,POS Payment,23.0,Desktop,Chicago,4,75,12,Debit Card,1
4024.61,ATM Withdrawal,16.0,Tablet,Los Angeles,0,73,2,Debit Card,1
2294.66,ATM Withdrawal,1.0,Tablet,Chicago,2,112,14,Credit Card,1
1281.93,Bill Payment,13.0,Tablet,Chicago,2,8,1,Credit Card,1
3436.17,Bank Transfer,0.0,Desktop,Boston,1,85,8,Net Banking,1
2352.62,ATM Withdrawal,9.0,Desktop,Houston,1,89,4,Credit Card,1
2562.46,ATM Withdrawal,16.0,Mobile,San Francisco,2,67,7,Debit Card,1
36.75,Bill Payment,13.0,Mobile,Chicago,1,98,5,Credit Card,1
1007.61,POS Payment,6.0,Mobile,Houston,4,100,7,Debit Card,1
705.9,Bank Transfer,2.0,Tablet,Boston,2,54,11,Debit Card,1
931.8,ATM Withdrawal,17.0,Mobile,New York,4,82,3,Net Banking,1
4887.54,Bill Payment,19.0,Desktop,Chicago,1,76,9,UPI,1
3961.95,ATM Withdrawal,21.0,Mobile,Los Angeles,3,44,11,Credit Card,1
4449.23,ATM Withdrawal,11.0,Mobile,Boston,3,54,11,Invalid Method,1
3094.3,Bill Payment,2.0,Mobile,New York,2,113,5,Debit Card,1
3602.79,Bill Payment,11.0,Tablet,New York,1,53,3,Credit Card,1
3960.6,Online Purchase,13.0,Mobile,Los Angeles,1,91,11,Debit Card,1
2809.62,Online Purchase,14.0,Tablet,Los Angeles,2,40,11,UPI,1
4364.67,Bank Transfer,9.0,Tablet,Chicago,2,39,8,Invalid Method,1
4408.8,POS Payment,6.0,Tablet,Miami,0,112,13,Net Banking,1
3446.01,POS Payment,13.0,Desktop,Seattle,3,95,3,Net Banking,1
2766.74,ATM Withdrawal,14.0,Mobile,San Francisco,0,98,6,Credit Card,1
2923.32,ATM Withdrawal,21.0,Desktop,Los Angeles,2,106,7,Credit Card,1
4635.9,Bank Transfer,0.0,Mobile,Boston,0,104,4,Credit Card,1
3939.8,Online Purchase,16.0,Tablet,San Francisco,1,35,2,UPI,1
4878.6,Online Purchase,12.0,Mobile,New York,0,74,6,Credit Card,1
4906.19,Online Purchase,23.0,Desktop,New York,1,95,14,UPI,1
1410.16,Bill Payment,18.0,Desktop,Chicago,4,52,4,Net Banking,1
541.21,POS Payment,23.0,Mobile,Boston,1,45,5,Debit Card,1
2101.17,Online Purchase,4.0,Tablet,Houston,0,68,9,Net Banking,1
156.74,Bill Payment,11.0,Tablet,Houston,0,28,5,Debit Card,1
2009.06,Bill Payment,23.0,Tablet,Miami,4,107,9,Debit Card,1
4077.67,ATM Withdrawal,5.0,Mobile,Chicago,3,16,4,Credit Card,1
4693.26,Online Purchase,22.0,Tablet,Seattle,2,87,12,Credit Card,1
4063.75,POS Payment,16.0,Desktop,Houston,3,21,6,Net Banking,1
1587.1,Bill Payment,23.0,Desktop,Miami,2,5,7,Credit Card,1
1867.98,Bill Payment,21.0,Desktop,Miami,3,81,6,UPI,1
3532.03,Bill Payment,15.0,Desktop,San Francisco,0,98,6,Net Banking,1
4929.27,POS Payment,3.0,Mobile,Chicago,1,2,1,Debit Card,1
2693.35,ATM Withdrawal,1.0,Tablet,Los Angeles,2,84,4,Net Banking,1
3953.13,Bank Transfer,9.0,Tablet,Houston,2,72,13,Credit Card,1
2993.96,Online Purchase,7.0,Unknown Device,Chicago,0,71,4,Net Banking,1
1406.14,Online Purchase,7.0,Tablet,Boston,2,48,3,Net Banking,1
3000.27,ATM Withdrawal,20.0,Mobile,Chicago,3,94,3,UPI,1
4689.2,Bank Transfer,0.0,Tablet,Los Angeles,3,57,4,Net Banking,1
792.11,POS Payment,22.0,Tablet,Chicago,1,42,1,UPI,1
43.71,ATM Withdrawal,23.0,Tablet,Houston,2,98,9,Credit Card,1
1345.64,Bank Transfer,16.0,Tablet,Houston,3,12,13,Credit Card,1
1765.45,ATM Withdrawal,23.0,Mobile,San Francisco,0,112,10,Debit Card,1
2717.32,Online Purchase,19.0,Tablet,Boston,1,58,2,Invalid Method,1
3339.01,Bank Transfer,15.0,Mobile,New York,2,43,4,Net Banking,1
4430.35,Bill Payment,6.0,Mobile,Houston,3,111,6,Credit Card,1
491.79,POS Payment,6.0,Tablet,Boston,1,108,7,UPI,1
4168.73,POS Payment,8.0,Desktop,Chicago,1,81,12,Debit Card,1
3938.38,ATM Withdrawal,6.0,Desktop,Miami,4,118,1,Debit Card,1
2863.02,Bank Transfer,2.0,Tablet,Chicago,1,71,9,Debit Card,1
1708.57,ATM Withdrawal,11.0,Tablet,Houston,3,42,10,UPI,1
3649.85,POS Payment,3.0,Mobile,Miami,4,84,2,Debit Card,1
1460.01,Online Purchase,20.0,Tablet,Chicago,2,65,11,UPI,1
2443.38,Bank Transfer,10.0,Mobile,Boston,4,33,4,Credit Card,1
1525.18,Online Purchase,4.0,Mobile,Chicago,3,94,12,Credit Card,1
4150.99,Bill Payment,19.0,Unknown Device,San Francisco,2,29,5,Credit Card,1
623.33,Online Purchase,11.0,Tablet,Los Angeles,4,66,9,UPI,1
4362.16,Bill Payment,12.0,Tablet,Houston,2,27,4,Net Banking,1
3551.26,POS Payment,12.0,Mobile,Houston,3,85,14,Credit Card,1
1769.98,Bill Payment,18.0,Desktop,Miami,2,85,14,Invalid Method,1
3314.39,POS Payment,18.0,Mobile,Chicago,3,11,7,Debit Card,1
1599.87,POS Payment,22.0,Unknown Device,Chicago,4,81,13,Credit Card,1
2042.17,ATM Withdrawal,12.0,Desktop,Houston,3,101,9,Invalid Method,1
4128.48,Bank Transfer,17.0,Tablet,Chicago,2,15,7,Invalid Method,1
738.32,Bank Transfer,22.0,Mobile,Boston,4,117,7,Credit Card,1
4443.05,Online Purchase,22.0,Tablet,Chicago,0,12,8,Debit Card,1
625.92,ATM Withdrawal,14.0,Desktop,Los Angeles,3,30,5,UPI,1
3163.0,Bank Transfer,17.0,Mobile,Boston,1,88,12,Debit Card,1
2930.68,Online Purchase,3.0,Desktop,Houston,4,116,9,UPI,1
3936.54,ATM Withdrawal,17.0,Mobile,San Francisco,3,109,9,Credit Card,1
257.64,POS Payment,14.0,Desktop,Chicago,4,66,14,UPI,1
459.55,Bill Payment,9.0,Desktop,Chicago,0,95,10,Net Banking,1
2991.59,Online Purchase,14.0,Desktop,Miami,2,77,9,Credit Card,1
1197.1,Online Purchase,0.0,Desktop,Boston,4,87,12,Net Banking,1
3344.94,ATM Withdrawal,21.0,Desktop,Seattle,2,58,7,UPI,1
1848.49,POS Payment,10.0,Desktop,Boston,2,5,12,Credit Card,1
2579.28,POS Payment,6.0,Mobile,Chicago,3,3,7,Credit Card,1
4214.79,ATM Withdrawal,20.0,Tablet,San Francisco,3,67,5,Net Banking,1
3933.44,POS Payment,7.0,Tablet,Chicago,3,111,10,Debit Card,1
3486.0,ATM Withdrawal,15.0,Tablet,Chicago,2,16,7,UPI,1
2516.7,POS Payment,15.0,Mobile,New York,3,93,2,Net Banking,1
3606.99,Online Purchase,22.0,Tablet,Boston,2,91,10,UPI,1
157.94,Bill Payment,19.0,Desktop,San Francisco,4,70,8,Credit Card,1
2310.31,Online Purchase,15.0,Desktop,Los Angeles,1,42,13,Credit Card,1
3871.73,Online Purchase,19.0,Tablet,Los Angeles,1,80,1,Net Banking,1
3970.2,Bill Payment,15.0,Mobile,Chicago,4,89,14,Credit Card,1
1557.04,Online Purchase,1.0,Mobile,Boston,4,40,6,Net Banking,1
4553.41,ATM Withdrawal,11.0,Mobile,San Francisco,0,91,5,Credit Card,1
506.82,ATM Withdrawal,20.0,Mobile,Chicago,1,47,5,Net Banking,1
2253.45,Bill Payment,18.0,Tablet,New York,2,13,2,Debit Card,1
3653.39,Online Purchase,17.0,Mobile,Houston,1,80,11,Net Banking,1
667.79,Bill Payment,6.0,Desktop,Chicago,4,61,7,UPI,1
2176.54,Bank Transfer,16.0,Mobile,Seattle,0,64,3,UPI,1
2239.1,POS Payment,17.0,Tablet,Chicago,3,87,13,UPI,1
1840.47,ATM Withdrawal,22.0,Desktop,Houston,4,107,13,UPI,1
2906.58,Bank Transfer,12.0,Mobile,Los Angeles,0,62,6,Net Banking,1
3847.38,Bill Payment,18.0,Mobile,Los Angeles,1,14,14,Debit Card,1
690.92,Bill Payment,21.0,Mobile,Houston,3,108,7,UPI,1
4231.96,ATM Withdrawal,14.0,Mobile,Houston,1,7,11,Credit Card,1
2723.58,Bank Transfer,6.0,Mobile,Houston,1,78,7,Debit Card,1
201.37,ATM Withdrawal,20.0,Mobile,Miami,4,101,2,Credit Card,1
1600.87,POS Payment,9.0,Desktop,Chicago,4,83,9,UPI,1
4007.06,POS Payment,20.0,Tablet,Miami,4,15,4,UPI,1
3480.75,Bill Payment,23.0,Mobile,Chicago,2,31,4,Net Banking,1
2853.75,Bill Payment,6.0,Mobile,Houston,4,53,3,Net Banking,1
348.05,ATM Withdrawal,23.0,Tablet,New York,4,103,11,UPI,1
2146.99,Bill Payment,18.0,Tablet,Chicago,0,3,7,Net Banking,1
3096.37,Online Purchase,4.0,Tablet,Chicago,3,52,2,Net Banking,1
1597.19,ATM Withdrawal,10.0,Mobile,Miami,4,64,5,Debit Card,1
3078.17,Bill Payment,14.0,Desktop,Los Angeles,3,41,9,Debit Card,1
808.91,POS Payment,17.0,Mobile,San Francisco,0,115,6,Net Banking,1
3897.11,Bank Transfer,11.0,Mobile,Houston,0,16,8,Credit Card,1
4184.69,Bank Transfer,16.0,Mobile,Houston,0,108,7,Net Banking,1
3203.19,Bill Payment,22.0,Tablet,Los Angeles,4,75,8,Net Banking,1
998.97,ATM Withdrawal,23.0,Tablet,Houston,2,118,11,Debit Card,1
4087.05,POS Payment,20.0,Mobile,Boston,4,30,1,Net Banking,1
4640.63,ATM Withdrawal,14.0,Desktop,San Francisco,3,117,9,Debit Card,1
4227.49,ATM Withdrawal,8.0,Desktop,Chicago,3,4,10,UPI,1
2076.47,Bill Payment,15.0,Tablet,Los Angeles,2,97,14,Credit Card,1
4591.66,Online Purchase,7.0,Desktop,New York,0,112,5,Debit Card,1
901.39,Bank Transfer,20.0,Desktop,Houston,4,52,8,Debit Card,1
3297.73,ATM Withdrawal,19.0,Mobile,Houston,4,7,7,UPI,1
3057.17,Bill Payment,2.0,Desktop,Boston,0,29,6,Debit Card,1
3828.33,Bill Payment,6.0,Mobile,Chicago,1,61,14,Credit Card,1
419.49,Bill Payment,7.0,Desktop,Boston,4,41,10,Credit Card,1
1481.11,Bank Transfer,23.0,Desktop,Chicago,0,111,14,Net Banking,1
1794.94,Bank Transfer,12.0,Tablet,Los Angeles,3,68,9,UPI,1
205.18,POS Payment,14.0,Desktop,Boston,0,44,9,Net Banking,1
1035.97,Bill Payment,14.0,Unknown Device,New York,4,73,5,Debit Card,1
4404.22,Bill Payment,3.0,Tablet,Boston,2,39,11,Debit Card,1
3464.47,POS Payment,1.0,Mobile,Boston,2,96,13,UPI,1
705.95,Bill Payment,12.0,Tablet,New York,0,98,1,Credit Card,1
2047.41,Bank Transfer,9.0,Mobile,Houston,0,32,10,Credit Card,1
3645.81,Bill Payment,19.0,Mobile,Los Angeles,1,46,2,Debit Card,1
3999.94,Bank Transfer,23.0,Mobile,Miami,1,20,2,UPI,1
4844.86,POS Payment,11.0,Desktop,Boston,1,111,9,Net Banking,1
2945.41,Online Purchase,4.0,Mobile,New York,0,69,2,Debit Card,1
2784.07,Online Purchase,12.0,Tablet,Boston,2,68,9,Net Banking,1
2114.95,Bank Transfer,20.0,Desktop,Chicago,3,43,6,Debit Card,1
4847.95,POS Payment,17.0,Unknown Device,New York,1,7,4,UPI,1
3638.66,Bank Transfer,7.0,Tablet,New York,1,64,3,Debit Card,1
3305.06,Bill Payment,23.0,Tablet,Seattle,1,42,8,UPI,1
441.89,Bank Transfer,20.0,Tablet,Miami,3,6,3,Debit Card,1
876.99,Bill Payment,19.0,Mobile,Boston,1,91,1,Net Banking,1
631.23,Bill Payment,23.0,Tablet,Seattle,3,80,1,Credit Card,1
181.98,ATM Withdrawal,23.0,Mobile,Los Angeles,3,67,9,UPI,1
4651.01,Online Purchase,2.0,Tablet,Miami,2,106,4,Debit Card,1
4607.26,Bank Transfer,11.0,Mobile,Miami,3,27,5,Net Banking,1
58.3,Bank Transfer,17.0,Mobile,Seattle,1,108,6,Debit Card,1
2479.68,ATM Withdrawal,12.0,Mobile,San Francisco,4,109,5,UPI,1
1693.42,Bank Transfer,3.0,Mobile,Houston,2,103,9,Debit Card,1
471.63,POS Payment,4.0,Mobile,Houston,2,72,3,UPI,1
3031.34,ATM Withdrawal,21.0,Mobile,Los Angeles,3,3,4,Debit Card,1
49997.8,ATM Withdrawal,10.0,Mobile,San Francisco,4,59,7,Credit Card,1
999.98,Bank Transfer,8.0,Tablet,Boston,3,16,2,UPI,1
1682.53,Online Purchase,13.0,Tablet,Houston,0,26,9,UPI,1
4272.71,Bill Payment,13.0,Mobile,Seattle,1,73,3,UPI,1
1286.73,Online Purchase,16.0,Tablet,Chicago,2,98,12,UPI,1
3616.7,Online Purchase,5.0,Tablet,New York,4,108,5,UPI,1
2014.38,Bill Payment,20.0,Desktop,Chicago,3,1,3,Credit Card,1
1484.56,ATM Withdrawal,17.0,Tablet,Chicago,2,71,2,Net Banking,1
4716.55,POS Payment,11.0,Tablet,Los Angeles,0,85,8,UPI,1
3449.82,Bank Transfer,19.0,Mobile,Houston,0,98,6,Invalid Method,1
4243.18,Bill Payment,15.0,Desktop,San Francisco,0,66,3,Invalid Method,1
510.9,Online Purchase,12.0,Tablet,Chicago,4,49,13,Credit Card,1
3348.66,Online Purchase,23.0,Mobile,San Francisco,0,11,1,UPI,1
3913.31,Bill Payment,0.0,Mobile,Boston,0,43,9,Credit Card,1
1264.04,Bank Transfer,23.0,Tablet,New York,0,113,2,Net Banking,1
3892.54,Bill Payment,20.0,Mobile,Seattle,0,62,3,Debit Card,1
2659.04,ATM Withdrawal,22.0,Mobile,Houston,2,92,12,Debit Card,1
3253.11,Bank Transfer,18.0,Desktop,Chicago,1,112,13,Invalid Method,1
496.99,POS Payment,15.0,Desktop,Boston,2,32,11,Credit Card,1
249.9,Bank Transfer,8.0,Desktop,Houston,4,88,14,Debit Card,1
1780.44,Bill Payment,19.0,Desktop,Los Angeles,1,16,3,UPI,1
201.03,Online Purchase,23.0,Mobile,Miami,4,44,4,Credit Card,1
398.68,Online Purchase,7.0,Desktop,Houston,1,45,3,Net Banking,1
1871.84,ATM Withdrawal,23.0,Desktop,Houston,4,20,3,UPI,1
950.36,ATM Withdrawal,7.0,Unknown Device,Houston,4,81,9,Net Banking,1
3847.38,Bill Payment,18.0,Mobile,Chicago,4,79,5,Debit Card,1
2884.74,Online Purchase,19.0,Desktop,Los Angeles,4,18,6,Debit Card,1
2708.88,Bank Transfer,12.0,Mobile,Boston,3,40,5,UPI,1
1398.12,Bill Payment,9.0,Tablet,Chicago,3,23,7,Net Banking,1
1692.32,Bank Transfer,17.0,Tablet,New York,3,117,13,Debit Card,1
1032.07,Bank Transfer,19.0,Desktop,Los Angeles,1,56,5,Debit Card,1
3940.5,Bank Transfer,19.0,Mobile,Chicago,2,88,2,Credit Card,1
1427.22,POS Payment,19.0,Mobile,Los Angeles,0,32,12,Net Banking,1
3272.2,Bank Transfer,20.0,Mobile,Houston,0,28,10,Invalid Method,1
3730.4,ATM Withdrawal,10.0,Tablet,San Francisco,1,112,7,UPI,1
4414.54,POS Payment,23.0,Desktop,Miami,0,84,2,Debit Card,1
3475.71,Online Purchase,7.0,Tablet,Los Angeles,0,23,5,Credit Card,1
538.52,POS Payment,17.0,Tablet,New York,4,61,5,Credit Card,1
3206.58,Bank Transfer,21.0,Desktop,Chicago,0,96,3,Credit Card,1
3057.8,Bank Transfer,15.0,Tablet,Miami,2,110,14,UPI,1
1032.12,Bill Payment,23.0,Tablet,Miami,2,11,7,Debit Card,1
4505.59,ATM Withdrawal,21.0,Mobile,Houston,1,22,9,UPI,1
2849.37,ATM Withdrawal,15.0,Unknown Device,Boston,1,78,5,UPI,1
3747.87,Bank Transfer,14.0,Tablet,Miami,0,7,5,Net Banking,1
194.86,POS Payment,20.0,Desktop,Houston,4,2,14,Invalid Method,1
2387.57,Bill Payment,5.0,Mobile,Chicago,0,76,1,Credit Card,1
3317.22,ATM Withdrawal,11.0,Mobile,Los Angeles,4,74,12,Net Banking,1
4424.45,POS Payment,13.0,Tablet,Boston,0,9,11,Credit Card,1
819.16,ATM Withdrawal,0.0,Tablet,Houston,1,77,1,Net Banking,1
2049.89,Online Purchase,10.0,Desktop,Houston,0,86,2,Net Banking,1
4712.51,POS Payment,14.0,Mobile,Miami,4,47,9,UPI,1
4446.65,Bank Transfer,15.0,Desktop,New York,4,88,11,Net Banking,1
4188.0,ATM Withdrawal,15.0,Mobile,Seattle,4,101,7,Net Banking,1
452.59,Bank Transfer,22.0,Tablet,New York,4,80,12,Credit Card,1
30.49,Online Purchase,23.0,Mobile,Houston,3,52,13,UPI,1
2101.52,ATM Withdrawal,20.0,Desktop,Chicago,0,1,2,Net Banking,1
3391.01,Bill Payment,18.0,Desktop,San Francisco,3,59,1,Credit Card,1
49997.8,ATM Withdrawal,22.0,Mobile,Boston,1,52,13,Net Banking,1
1820.79,Online Purchase,11.0,Mobile,Chicago,4,52,1,UPI,1
4295.73,Online Purchase,21.0,Mobile,Chicago,1,63,13,Debit Card,1
1839.22,POS Payment,3.0,Desktop,Chicago,2,62,2,Net Banking,1
3153.42,Online Purchase,8.0,Mobile,Houston,3,48,6,UPI,1
1924.38,Bank Transfer,17.0,Tablet,Miami,2,105,1,UPI,1
2149.0,ATM Withdrawal,15.0,Desktop,Miami,2,109,6,Net Banking,1
2286.12,Bank Transfer,17.0,Tablet,Miami,2,74,7,Net Banking,1
2129.87,Online Purchase,15.0,Desktop,Boston,4,46,3,Net Banking,1
4476.62,Bill Payment,17.0,Tablet,Miami,4,38,11,UPI,1
4849.81,Online Purchase,3.0,Tablet,Los Angeles,0,55,6,Debit Card,1
1667.17,Bill Payment,11.0,Mobile,Houston,1,35,13,UPI,1
4420.78,Online Purchase,13.0,Desktop,Houston,3,47,7,UPI,1
3887.93,Bill Payment,23.0,Mobile,Seattle,4,111,14,Credit Card,1
3656.26,POS Payment,12.0,Desktop,Houston,4,38,4,Net Banking,1
2646.03,Bank Transfer,18.0,Mobile,New York,2,97,14,Credit Card,1
4116.96,Online Purchase,18.0,Tablet,Houston,3,101,4,Credit Card,1
169.84,ATM Withdrawal,10.0,Mobile,Chicago,2,31,3,Net Banking,1
872.69,Online Purchase,0.0,Tablet,Boston,0,102,1,Debit Card,1
897.71,Online Purchase,4.0,Mobile,Los Angeles,2,70,2,Credit Card,1
1716.66,Online Purchase,12.0,Mobile,Boston,2,53,2,Debit Card,1
4420.92,Bill Payment,20.0,Mobile,Chicago,0,117,11,Credit Card,1
3807.42,Bank Transfer,14.0,Tablet,Houston,4,106,5,UPI,1
850.29,Bill Payment,14.0,Mobile,Miami,3,94,5,Credit Card,1
1125.89,Bill Payment,17.0,Tablet,Houston,3,58,1,UPI,1
3059.89,POS Payment,17.0,Mobile,Seattle,0,71,6,Debit Card,1
3071.67,Bank Transfer,16.0,Desktop,San Francisco,0,106,12,Net Banking,1
2233.3,Bill Payment,18.0,Tablet,New York,4,27,4,Net Banking,1
1881.31,Bank Transfer,21.0,Desktop,Miami,1,60,6,Credit Card,1
1450.84,ATM Withdrawal,5.0,Mobile,Los Angeles,2,22,1,Net Banking,1
3846.41,POS Payment,18.0,Desktop,Boston,0,94,12,Credit Card,1
2406.97,Bank Transfer,21.0,Tablet,New York,3,72,10,Debit Card,1
1107.1,Online Purchase,8.0,Desktop,Boston,2,38,4,Credit Card,1
676.94,POS Payment,18.0,Tablet,New York,0,84,1,Debit Card,1
3721.84,Bank Transfer,13.0,Desktop,Miami,0,97,1,Credit Card,1
3431.77,Bill Payment,9.0,Mobile,Houston,1,65,8,Credit Card,1
181.72,Online Purchase,13.0,Mobile,Chicago,0,18,10,Debit Card,1
4073.35,Online Purchase,9.0,Tablet,New York,1,82,8,Credit Card,1
1831.67,Online Purchase,11.0,Tablet,Los Angeles,0,117,12,Credit Card,1
49997.8,Bank Transfer,3.0,Tablet,Los Angeles,3,75,13,Credit Card,1
2787.31,POS Payment,15.0,Desktop,New York,3,1,2,UPI,1
1742.52,Online Purchase,15.0,Unknown Device,Houston,2,16,1,Credit Card,1
97.0,Online Purchase,7.0,Desktop,Chicago,4,61,6,Debit Card,1
762.7,ATM Withdrawal,6.0,Desktop,Chicago,0,107,5,Net Banking,1
25.12,POS Payment,2.0,Desktop,Houston,1,100,10,Net Banking,1
2859.2,Bank Transfer,21.0,Mobile,Houston,3,6,9,Net Banking,1
3747.79,Bill Payment,2.0,Tablet,Houston,1,76,7,Net Banking,1
1315.87,Bank Transfer,17.0,Desktop,Houston,4,45,9,Credit Card,1
4482.57,Bank Transfer,6.0,Mobile,Boston,0,20,8,Debit Card,1
2047.25,Bill Payment,13.0,Mobile,Boston,3,90,10,Credit Card,1
2051.31,Online Purchase,6.0,Desktop,Houston,4,105,6,UPI,1
1981.09,POS Payment,5.0,Mobile,Boston,1,64,10,Credit Card,1
3591.93,Online Purchase,4.0,Tablet,Houston,1,100,4,Credit Card,1
2157.02,POS Payment,13.0,Tablet,Boston,3,92,1,UPI,1
4420.18,ATM Withdrawal,20.0,Mobile,Boston,0,105,10,Invalid Method,1
3318.36,Online Purchase,13.0,Unknown Device,Houston,2,59,8,Credit Card,1
3826.83,Online Purchase,16.0,Mobile,San Francisco,2,94,4,Net Banking,1
3525.68,ATM Withdrawal,22.0,Tablet,San Francisco,3,80,3,Invalid Method,1
1152.58,Bill Payment,20.0,Desktop,Boston,2,83,1,Debit Card,1
49997.8,Online Purchase,1.0,Desktop,Miami,3,19,3,Debit Card,1
3833.66,Online Purchase,23.0,Mobile,Seattle,2,61,5,Debit Card,1
2442.09,POS Payment,17.0,Mobile,Boston,1,68,2,UPI,1
2250.58,ATM Withdrawal,19.0,Tablet,Houston,3,49,5,Credit Card,1
1298.49,Bill Payment,9.0,Mobile,Los Angeles,0,115,10,UPI,1
1996.04,Bill Payment,23.0,Desktop,Los Angeles,2,55,4,Invalid Method,1
4214.5,POS Payment,22.0,Mobile,New York,4,114,13,Net Banking,1
1085.11,Bank Transfer,21.0,Mobile,Chicago,1,20,6,Net Banking,1
1566.99,Bill Payment,10.0,Tablet,Houston,1,58,3,UPI,1
2548.22,Online Purchase,18.0,Mobile,Chicago,0,85,7,Net Banking,1
1600.32,Online Purchase,2.0,Mobile,Houston,0,91,9,Credit Card,1
1866.79,Online Purchase,13.0,Desktop,Chicago,0,2,1,UPI,1
67.75,Bill Payment,14.0,Tablet,Los Angeles,4,111,14,UPI,1
3185.64,POS Payment,12.0,Mobile,Miami,2,58,6,Credit Card,1
3123.59,Bank Transfer,20.0,Mobile,Miami,2,115,2,Debit Card,1
720.7,Bill Payment,15.0,Tablet,Miami,0,30,4,Credit Card,1
2825.48,Bank Transfer,11.0,Tablet,Houston,4,28,9,Credit Card,1
3466.88,Bill Payment,15.0,Tablet,Miami,4,94,11,Credit Card,1
4180.03,Online Purchase,21.0,Tablet,Houston,2,94,12,Credit Card,1
3470.42,POS Payment,18.0,Tablet,Miami,2,84,2,UPI,1
721.75,ATM Withdrawal,3.0,Mobile,Chicago,1,29,7,Debit Card,1
3285.66,Bank Transfer,18.0,Mobile,Seattle,3,107,3,UPI,1
850.03,POS Payment,9.0,Tablet,Boston,4,68,11,Credit Card,1
2661.84,Bank Transfer,16.0,Desktop,Los Angeles,1,81,1,Net Banking,1
4229.04,POS Payment,23.0,Desktop,Chicago,1,76,5,Net Banking,1
1081.15,ATM Withdrawal,7.0,Unknown Device,Boston,0,110,9,Invalid Method,1
4320.53,ATM Withdrawal,13.0,Mobile,Houston,4,48,1,UPI,1
218.96,ATM Withdrawal,10.0,Desktop,Boston,3,33,1,Debit Card,1
3844.49,Online Purchase,8.0,Tablet,Los Angeles,4,114,9,Invalid Method,1
2306.24,Bank Transfer,2.0,Tablet,Chicago,4,107,11,Net Banking,1
2860.21,POS Payment,23.0,Tablet,Los Angeles,1,33,3,Net Banking,1
3209.74,ATM Withdrawal,9.0,Mobile,Miami,1,115,3,Debit Card,1
3890.55,Bank Transfer,18.0,Mobile,Miami,3,102,1,Credit Card,1
4563.54,Online Purchase,21.0,Tablet,Los Angeles,0,2,1,UPI,1
942.67,Online Purchase,18.0,Tablet,Chicago,3,51,10,Debit Card,1
4545.88,POS Payment,13.0,Tablet,Houston,1,65,8,Invalid Method,1
3245.24,POS Payment,23.0,Desktop,Miami,3,3,3,Debit Card,1
837.05,POS Payment,10.0,Mobile,New York,3,118,6,Debit Card,1
2996.42,Online Purchase,1.0,Mobile,Boston,1,71,9,Debit Card,1
4398.07,Online Purchase,23.0,Tablet,New York,3,34,9,Net Banking,1
4422.96,Bill Payment,22.0,Mobile,Miami,0,14,2,UPI,1
4519.96,Online Purchase,18.0,Tablet,Los Angeles,1,38,3,Debit Card,1
4275.0,Bill Payment,9.0,Tablet,Boston,1,60,14,Credit Card,1
4668.02,Bank Transfer,21.0,Tablet,New York,3,74,13,UPI,1
2012.88,POS Payment,19.0,Tablet,New York,2,29,3,Net Banking,1
3302.35,Bill Payment,22.0,Desktop,Chicago,4,73,1,Credit Card,1
4861.8,Online Purchase,12.0,Tablet,New York,1,112,3,Invalid Method,1
2889.91,Online Purchase,21.0,Unknown Device,Boston,4,90,8,Credit Card,1
993.93,ATM Withdrawal,16.0,Desktop,Chicago,3,66,2,Net Banking,1
1320.89,Bill Payment,11.0,Mobile,Chicago,0,110,9,Net Banking,1
1931.45,POS Payment,14.0,Desktop,Miami,2,91,5,Debit Card,1
4462.18,Online Purchase,4.0,Desktop,Miami,3,114,5,UPI,1
1740.28,ATM Withdrawal,22.0,Tablet,Chicago,1,15,13,Debit Card,1
3491.74,POS Payment,23.0,Tablet,New York,2,58,6,Debit Card,1
1597.64,POS Payment,9.0,Mobile,Boston,1,112,8,Net Banking,1
2656.21,ATM Withdrawal,8.0,Mobile,New York,1,108,5,UPI,1
1385.78,Bank Transfer,10.0,Tablet,Miami,0,100,4,Net Banking,1
120.81,POS Payment,18.0,Mobile,Houston,0,119,6,Debit Card,1
3139.6,Bill Payment,11.0,Desktop,Chicago,2,7,3,Net Banking,1
2143.26,Online Purchase,9.0,Mobile,Los Angeles,0,107,3,UPI,1
3429.7,POS Payment,9.0,Tablet,Boston,4,57,1,Debit Card,1
3373.26,Bill Payment,21.0,Mobile,Los Angeles,1,68,3,Credit Card,1
3251.75,POS Payment,13.0,Desktop,Chicago,4,13,12,Net Banking,1
4979.85,ATM Withdrawal,7.0,Mobile,Boston,2,30,14,Credit Card,1
1455.05,POS Payment,16.0,Mobile,Houston,2,81,8,Debit Card,1
1965.74,Bill Payment,10.0,Tablet,Boston,0,52,6,Debit Card,1
1732.49,Online Purchase,15.0,Mobile,Houston,1,32,6,Net Banking,1
3089.14,Online Purchase,9.0,Desktop,Miami,2,103,4,Net Banking,1
509.21,POS Payment,19.0,Desktop,Houston,2,86,4,Net Banking,1
284.11,Bill Payment,23.0,Mobile,Houston,4,89,3,UPI,1
3508.46,POS Payment,11.0,Tablet,New York,1,94,2,Debit Card,1
4149.7,Bill Payment,20.0,Desktop,Boston,0,15,8,Debit Card,1
4307.44,Bill Payment,10.0,Mobile,New York,2,81,7,Credit Card,1
3547.44,Bank Transfer,8.0,Mobile,Boston,1,17,3,Net Banking,1
1492.11,ATM Withdrawal,11.0,Mobile,Los Angeles,3,105,11,Debit Card,1
2976.56,Bank Transfer,10.0,Desktop,Chicago,3,66,14,UPI,1
740.71,Online Purchase,4.0,Mobile,Boston,0,32,10,Credit Card,1
2208.19,ATM Withdrawal,17.0,Desktop,San Francisco,0,56,8,Net Banking,1
978.29,ATM Withdrawal,19.0,Tablet,San Francisco,4,119,2,Debit Card,1
1201.14,POS Payment,7.0,Tablet,Houston,1,90,3,Net Banking,1
4459.96,POS Payment,11.0,Desktop,Los Angeles,0,99,6,Debit Card,1
3191.19,Bank Transfer,18.0,Mobile,Seattle,0,108,11,UPI,1
1532.05,POS Payment,22.0,Mobile,Houston,0,117,8,Debit Card,1
1808.45,POS Payment,5.0,Desktop,Miami,0,51,1,Net Banking,1
10.63,Bank Transfer,17.0,Desktop,Los Angeles,0,36,2,Debit Card,1
2047.87,Online Purchase,16.0,Desktop,Chicago,4,108,5,UPI,1
3225.97,Bill Payment,19.0,Tablet,Seattle,4,49,3,UPI,1
1632.34,Online Purchase,17.0,Mobile,Houston,2,73,5,Net Banking,1
2885.15,ATM Withdrawal,14.0,Desktop,New York,4,116,9,Net Banking,1
2393.01,Bank Transfer,13.0,Mobile,Chicago,0,4,8,UPI,1
1772.42,Online Purchase,18.0,Tablet,San Francisco,3,29,3,Debit Card,1
4648.64,Bank Transfer,23.0,Mobile,New York,3,32,8,Net Banking,1
197.52,Bill Payment,11.0,Tablet,Los Angeles,1,72,10,Credit Card,1
4108.54,Bank Transfer,4.0,Tablet,Miami,1,104,7,Debit Card,1
3860.79,ATM Withdrawal,2.0,Mobile,Boston,2,119,5,Credit Card,1
1830.85,Online Purchase,21.0,Mobile,Houston,4,67,6,Debit Card,1
1528.77,POS Payment,17.0,Desktop,Los Angeles,4,84,3,UPI,1
3677.66,Online Purchase,18.0,Mobile,Houston,2,35,14,Net Banking,1
2178.01,Bill Payment,0.0,Mobile,Boston,2,68,12,Debit Card,1
4626.44,Bill Payment,18.0,Tablet,Chicago,0,46,11,Debit Card,1
3292.8,Online Purchase,7.0,Desktop,Houston,2,68,1,UPI,1
49997.8,POS Payment,18.0,Tablet,Los Angeles,2,5,11,Debit Card,1
202.48,POS Payment,21.0,Tablet,Houston,2,114,3,UPI,1
3083.39,POS Payment,13.0,Tablet,Houston,0,99,4,UPI,1
3049.64,ATM Withdrawal,20.0,Desktop,Seattle,3,111,2,Credit Card,1
3129.13,Bill Payment,16.0,Desktop,Seattle,4,101,4,Debit Card,1
882.37,ATM Withdrawal,20.0,Mobile,Seattle,2,113,4,UPI,1
2062.21,Bank Transfer,21.0,Mobile,New York,0,107,9,UPI,1
1682.27,Bank Transfer,17.0,Tablet,Chicago,1,27,7,Net Banking,1
784.53,Bill Payment,15.0,Desktop,Los Angeles,0,112,7,Credit Card,1
3862.17,Bank Transfer,12.0,Desktop,New York,4,78,10,Invalid Method,1
2603.91,ATM Withdrawal,20.0,Desktop,Los Angeles,0,44,8,Debit Card,1
793.26,ATM Withdrawal,17.0,Mobile,Boston,2,6,4,Credit Card,1
2036.29,POS Payment,12.0,Unknown Device,Chicago,1,116,9,Credit Card,1
2934.61,ATM Withdrawal,21.0,Desktop,Los Angeles,1,94,7,Debit Card,1
3066.75,Bill Payment,11.0,Tablet,Houston,1,118,8,Net Banking,1
3981.64,Bank Transfer,11.0,Tablet,Los Angeles,2,81,7,Credit Card,1
1042.07,ATM Withdrawal,8.0,Tablet,Boston,2,31,2,Net Banking,1
3307.33,POS Payment,22.0,Tablet,New York,3,89,8,UPI,1
3127.8,ATM Withdrawal,20.0,Tablet,Los Angeles,2,91,14,Net Banking,1
691.69,Bank Transfer,4.0,Mobile,Chicago,0,73,10,Debit Card,1
818.24,Bill Payment,8.0,Mobile,Boston,0,14,4,Debit Card,1
3449.57,Bill Payment,10.0,Desktop,New York,2,109,12,Net Banking,1
2442.51,Bank Transfer,6.0,Desktop,Chicago,0,110,6,UPI,1
31.77,Bill Payment,17.0,Desktop,Boston,0,61,11,UPI,1
3469.06,ATM Withdrawal,22.0,Tablet,Chicago,3,54,5,Debit Card,1
4198.28,POS Payment,5.0,Mobile,Houston,2,91,14,Debit Card,1
4033.26,Bill Payment,0.0,Tablet,New York,3,115,4,Credit Card,1
2801.79,Bill Payment,21.0,Desktop,Chicago,1,17,9,Debit Card,1
812.88,POS Payment,12.0,Tablet,Miami,3,91,8,UPI,1
1286.06,POS Payment,19.0,Tablet,Houston,3,56,8,Net Banking,1
2096.54,Bill Payment,13.0,Desktop,New York,4,119,12,Net Banking,1
4815.29,Bill Payment,13.0,Tablet,Los Angeles,1,96,13,UPI,1
1737.71,ATM Withdrawal,23.0,Tablet,Houston,0,71,4,Credit Card,1
4676.92,POS Payment,23.0,Desktop,Seattle,2,110,13,UPI,1
2540.71,Online Purchase,9.0,Mobile,New York,3,119,9,Net Banking,1
4790.55,POS Payment,19.0,Tablet,Boston,2,2,5,Debit Card,1
4535.75,Online Purchase,15.0,Desktop,Miami,1,98,10,UPI,1
748.72,Bill Payment,17.0,Mobile,Houston,1,106,5,Debit Card,1
3970.2,ATM Withdrawal,15.0,Desktop,New York,3,67,2,UPI,1
2579.59,Online Purchase,16.0,Tablet,Chicago,1,9,14,UPI,1
4147.2,ATM Withdrawal,8.0,Mobile,Los Angeles,4,99,8,Debit Card,1
54.85,ATM Withdrawal,17.0,Tablet,Miami,1,76,10,Debit Card,1
863.7,Bill Payment,9.0,Tablet,Houston,2,94,4,Credit Card,1
2143.02,Bill Payment,9.0,Mobile,Houston,0,71,10,Net Banking,1
1424.71,Online Purchase,6.0,Unknown Device,Chicago,1,119,12,Invalid Method,1
3037.24,Bank Transfer,7.0,Desktop,Houston,0,45,11,UPI,1
1601.99,Online Purchase,23.0,Tablet,Chicago,1,14,10,UPI,1
3598.48,Bill Payment,16.0,Desktop,Miami,2,68,12,Debit Card,1
476.33,POS Payment,22.0,Tablet,Boston,4,37,9,Net Banking,1
4031.24,Online Purchase,23.0,Desktop,Miami,2,74,14,Credit Card,1
4917.17,Bill Payment,19.0,Desktop,Houston,4,28,5,Credit Card,1
2196.31,POS Payment,23.0,Unknown Device,New York,1,111,7,UPI,1
3798.45,POS Payment,20.0,Mobile,Los Angeles,3,29,12,UPI,1
2357.42,POS Payment,0.0,Desktop,Houston,0,87,4,Debit Card,1
591.31,ATM Withdrawal,19.0,Mobile,New York,4,54,6,UPI,1
500.15,Bank Transfer,22.0,Mobile,Seattle,1,77,3,Debit Card,1
4991.18,Bank Transfer,14.0,Desktop,Chicago,3,82,4,Credit Card,1
2826.09,Online Purchase,15.0,Tablet,Chicago,3,91,7,UPI,1
4756.31,Bill Payment,2.0,Mobile,Houston,0,66,2,Credit Card,1
3286.46,Online Purchase,23.0,Desktop,New York,1,95,13,Net Banking,1
3309.84,POS Payment,10.0,Mobile,Boston,1,58,3,Invalid Method,1
4521.69,ATM Withdrawal,7.0,Mobile,Houston,1,24,9,Credit Card,1
1335.2,Online Purchase,18.0,Tablet,Seattle,1,111,11,Debit Card,1
3635.4,Online Purchase,15.0,Tablet,Los Angeles,3,58,7,UPI,1
1029.03,ATM Withdrawal,8.0,Tablet,Boston,2,24,11,Debit Card,1
2919.5,Bank Transfer,8.0,Desktop,Chicago,1,96,10,Credit Card,1
3407.05,ATM Withdrawal,9.0,Tablet,Miami,4,106,9,Debit Card,1
777.29,Online Purchase,19.0,Mobile,Los Angeles,1,84,4,UPI,1
4008.8,Bank Transfer,23.0,Tablet,Boston,4,105,11,UPI,1
3194.82,POS Payment,13.0,Desktop,San Francisco,0,104,9,Credit Card,1
1935.0,POS Payment,17.0,Desktop,Miami,0,107,5,Credit Card,1
4519.9,POS Payment,16.0,Desktop,Chicago,0,64,8,Net Banking,1
2837.11,Bill Payment,13.0,Tablet,Houston,3,42,13,Credit Card,1
4725.73,Bank Transfer,9.0,Tablet,Chicago,2,14,10,UPI,1
3176.63,Online Purchase,8.0,Desktop,Los Angeles,1,18,3,UPI,1
4250.6,ATM Withdrawal,17.0,Desktop,Seattle,0,47,6,UPI,1
2704.13,Bank Transfer,17.0,Mobile,Boston,0,115,6,Invalid Method,1
1216.18,Online Purchase,23.0,Mobile,Chicago,0,18,2,Net Banking,1
4047.16,Bank Transfer,13.0,Desktop,Miami,4,113,14,Credit Card,1
2114.5,ATM Withdrawal,0.0,Tablet,Houston,3,80,6,Credit Card,1
4860.88,Bill Payment,14.0,Mobile,Houston,4,33,7,Net Banking,1
850.31,Bank Transfer,21.0,Tablet,Miami,1,103,3,Credit Card,1
2345.61,Online Purchase,16.0,Desktop,Boston,1,38,13,Credit Card,1
1692.32,Bank Transfer,17.0,Mobile,New York,1,44,7,Debit Card,1
806.23,Bill Payment,18.0,Unknown Device,Chicago,2,90,14,Net Banking,1
4845.1,Online Purchase,18.0,Tablet,Boston,0,75,10,Credit Card,1
3987.92,Bank Transfer,19.0,Mobile,San Francisco,0,108,6,UPI,1
2256.64,Bill Payment,22.0,Desktop,Miami,1,117,2,UPI,1
2398.63,Bank Transfer,17.0,Desktop,Chicago,2,99,9,Debit Card,1
517.75,Bank Transfer,23.0,Desktop,Houston,1,38,13,Net Banking,1
1791.91,POS Payment,18.0,Tablet,Los Angeles,2,117,3,Debit Card,1
2491.13,POS Payment,22.0,Tablet,Miami,2,51,4,UPI,1
677.78,Bill Payment,8.0,Mobile,Chicago,0,77,13,Credit Card,1
3668.06,POS Payment,5.0,Unknown Device,Miami,1,66,1,UPI,1
1451.94,POS Payment,9.0,Desktop,Los Angeles,0,82,13,Credit Card,1
879.27,ATM Withdrawal,3.0,Tablet,Chicago,0,91,11,UPI,1
2204.64,Online Purchase,22.0,Tablet,Miami,1,57,13,Net Banking,1
2610.37,Online Purchase,21.0,Tablet,Houston,0,7,8,Credit Card,1
1374.77,ATM Withdrawal,7.0,Tablet,Chicago,1,2,5,UPI,1
2169.56,Online Purchase,6.0,Mobile,Houston,1,49,1,Credit Card,1
1019.46,Bank Transfer,17.0,Tablet,Chicago,0,52,3,Net Banking,1
4324.83,Bill Payment,11.0,Tablet,Los Angeles,0,28,4,Debit Card,1
2100.98,Bank Transfer,18.0,Mobile,Seattle,1,109,10,Debit Card,1
4380.03,Bill Payment,9.0,Tablet,San Francisco,2,115,8,Credit Card,1
1495.22,Bank Transfer,0.0,Mobile,Chicago,4,33,1,UPI,1
4559.99,ATM Withdrawal,20.0,Tablet,San Francisco,0,113,13,Debit Card,1
4532.88,Online Purchase,19.0,Mobile,San Francisco,4,13,3,Credit Card,1
3648.93,Online Purchase,20.0,Mobile,San Francisco,3,29,8,UPI,1
1029.13,Bill Payment,23.0,Tablet,Miami,0,43,1,Credit Card,1
2027.32,POS Payment,23.0,Desktop,Houston,4,11,12,UPI,1
3604.27,Online Purchase,0.0,Tablet,Boston,0,71,9,Net Banking,1
3826.78,ATM Withdrawal,21.0,Desktop,Miami,1,67,12,Invalid Method,1
2383.32,POS Payment,20.0,Desktop,Chicago,1,47,4,Net Banking,1
4687.86,Bill Payment,16.0,Desktop,Houston,3,105,5,Debit Card,1
1606.38,POS Payment,20.0,Tablet,Los Angeles,4,58,14,Net Banking,1
1913.67,Online Purchase,20.0,Tablet,Boston,3,9,13,Net Banking,1
530.42,Bill Payment,6.0,Desktop,Chicago,1,84,5,Debit Card,1
3075.69,ATM Withdrawal,22.0,Tablet,Miami,1,12,9,Credit Card,1
1159.55,Bill Payment,23.0,Tablet,Chicago,3,43,6,Credit Card,1
2667.5,POS Payment,17.0,Mobile,Miami,0,74,10,UPI,1
3830.27,Online Purchase,18.0,Desktop,Boston,1,26,11,UPI,1
4745.03,POS Payment,2.0,Tablet,Boston,3,48,6,Debit Card,1
4806.62,ATM Withdrawal,1.0,Mobile,Boston,2,93,4,Invalid Method,1
2276.52,POS Payment,16.0,Tablet,Los Angeles,3,90,9,Debit Card,1
159.79,Online Purchase,20.0,Tablet,Houston,1,85,7,Net Banking,1
942.4,Bill Payment,20.0,Tablet,Boston,2,113,7,Credit Card,1
4290.28,Online Purchase,17.0,Mobile,Boston,4,8,6,Net Banking,1
1730.28,POS Payment,16.0,Mobile,Boston,4,81,5,Credit Card,1
2399.85,POS Payment,5.0,Unknown Device,Chicago,4,38,10,UPI,1
4340.35,Bank Transfer,6.0,Tablet,Los Angeles,4,88,8,UPI,1
2524.98,Bank Transfer,18.0,Mobile,Houston,0,51,14,Credit Card,1
1919.6,POS Payment,0.0,Mobile,Boston,3,16,3,Debit Card,1
715.78,POS Payment,18.0,Tablet,New York,1,12,4,UPI,1
200.72,Bill Payment,4.0,Tablet,Houston,3,85,1,UPI,1
3950.48,ATM Withdrawal,18.0,Desktop,Houston,0,86,6,Net Banking,1
3479.17,Online Purchase,16.0,Tablet,New York,2,51,8,Debit Card,1
4596.26,Bank Transfer,7.0,Mobile,New York,3,90,7,UPI,1
3149.95,Bank Transfer,11.0,Desktop,Boston,0,56,10,UPI,1
1899.96,POS Payment,18.0,Desktop,Chicago,3,66,5,Net Banking,1
1711.64,POS Payment,18.0,Mobile,Miami,1,53,13,Net Banking,1
1092.43,POS Payment,22.0,Tablet,San Francisco,2,24,1,Net Banking,1
917.47,ATM Withdrawal,22.0,Tablet,Los Angeles,4,117,11,UPI,1
1028.47,Bill Payment,21.0,Tablet,Miami,0,95,1,Debit Card,1
2045.4,Bank Transfer,15.0,Tablet,Houston,2,49,5,Net Banking,1
4398.85,Bank Transfer,19.0,Desktop,San Francisco,0,1,1,UPI,1
1141.62,Bank Transfer,9.0,Desktop,Los Angeles,1,96,14,UPI,1
4309.02,Bank Transfer,2.0,Tablet,Los Angeles,1,84,9,Credit Card,1
1909.85,Bank Transfer,10.0,Mobile,New York,1,105,9,Credit Card,1
335.13,Bill Payment,22.0,Desktop,Los Angeles,0,88,14,UPI,1
2911.35,ATM Withdrawal,19.0,Desktop,San Francisco,1,83,1,Net Banking,1
2776.09,Bank Transfer,11.0,Tablet,Chicago,2,57,8,Debit Card,1
4000.07,ATM Withdrawal,17.0,Tablet,Miami,0,77,1,Debit Card,1
814.07,Bill Payment,22.0,Desktop,Miami,3,94,8,Net Banking,1
1997.52,ATM Withdrawal,8.0,Mobile,Houston,1,78,12,Net Banking,1
711.13,ATM Withdrawal,18.0,Tablet,Seattle,2,97,4,UPI,1
313.42,POS Payment,18.0,Desktop,Miami,4,100,13,Invalid Method,1
2845.74,POS Payment,16.0,Mobile,Boston,2,40,9,Debit Card,1
1204.33,Online Purchase,7.0,Tablet,Los Angeles,2,92,6,Net Banking,1
4952.11,POS Payment,20.0,Tablet,Los Angeles,3,73,5,Net Banking,1
2711.52,Bill Payment,9.0,Desktop,Houston,3,77,11,Debit Card,1
4566.35,POS Payment,6.0,Desktop,Boston,4,83,4,UPI,1
3217.65,Online Purchase,6.0,Mobile,Chicago,2,72,8,Credit Card,1
871.28,Bank Transfer,17.0,Tablet,New York,0,67,1,UPI,1
1931.63,Online Purchase,12.0,Tablet,Boston,4,113,14,Debit Card,1
941.91,Bill Payment,19.0,Desktop,Houston,0,95,1,UPI,1
4404.22,Online Purchase,3.0,Mobile,Los Angeles,3,108,3,Debit Card,1
2387.01,Bank Transfer,4.0,Mobile,Chicago,0,97,8,Debit Card,1
3495.69,Bill Payment,18.0,Tablet,Houston,4,24,1,Debit Card,1
139.71,ATM Withdrawal,3.0,Tablet,Chicago,0,80,8,Net Banking,1
1232.81,Bank Transfer,14.0,Desktop,Chicago,3,15,12,Credit Card,1
1048.98,Bank Transfer,20.0,Tablet,San Francisco,4,54,2,UPI,1
1637.34,Online Purchase,8.0,Tablet,Chicago,3,111,3,UPI,1
3550.75,ATM Withdrawal,8.0,Tablet,Boston,2,21,4,Debit Card,1
4151.9,Bank Transfer,20.0,Mobile,Seattle,3,90,8,Debit Card,1
3784.0,POS Payment,22.0,Mobile,Chicago,0,21,9,UPI,1
4077.68,ATM Withdrawal,0.0,Desktop,Chicago,4,90,10,UPI,1
4112.18,Bill Payment,8.0,Mobile,Boston,1,72,7,Net Banking,1
4628.44,POS Payment,20.0,Mobile,Seattle,0,63,11,Debit Card,1
1040.56,Bill Payment,19.0,Desktop,Houston,0,69,6,Net Banking,1
4759.96,ATM Withdrawal,15.0,Mobile,Houston,4,16,11,UPI,1
221.1,Bill Payment,13.0,Mobile,Houston,3,16,2,Net Banking,1
2415.47,Bank Transfer,7.0,Desktop,Los Angeles,4,107,13,Credit Card,1
430.79,Online Purchase,16.0,Mobile,New York,0,83,2,UPI,1
1445.87,ATM Withdrawal,8.0,Desktop,Boston,4,91,2,UPI,1
3305.06,POS Payment,23.0,Tablet,Boston,2,48,7,Debit Card,1
3624.51,Online Purchase,13.0,Tablet,New York,0,94,3,Net Banking,1
2519.24,ATM Withdrawal,11.0,Tablet,Los Angeles,1,11,2,Credit Card,1
3727.98,Online Purchase,10.0,Mobile,Boston,0,104,11,UPI,1
4620.65,Bank Transfer,9.0,Unknown Device,Boston,4,95,12,Debit Card,1
1890.78,Bank Transfer,7.0,Tablet,Chicago,1,65,1,Debit Card,1
4591.27,POS Payment,20.0,Tablet,Los Angeles,1,60,11,UPI,1
4837.43,ATM Withdrawal,10.0,Mobile,New York,0,73,6,Debit Card,1
2256.14,Bank Transfer,17.0,Desktop,Miami,2,116,14,Net Banking,1
1652.86,Bank Transfer,22.0,Tablet,Los Angeles,2,83,3,Debit Card,1
1730.0,ATM Withdrawal,5.0,Desktop,Boston,4,108,10,Debit Card,1
2501.76,POS Payment,12.0,Tablet,New York,0,94,7,Debit Card,1
233.62,ATM Withdrawal,15.0,Tablet,Chicago,0,39,7,Credit Card,1
3884.39,Bill Payment,21.0,Tablet,Chicago,1,16,8,Net Banking,1
91.36,Bill Payment,21.0,Desktop,Houston,0,7,8,Net Banking,1
3139.63,Bill Payment,17.0,Desktop,New York,0,61,7,Credit Card,1
2442.89,POS Payment,5.0,Mobile,Boston,3,51,1,UPI,1
748.78,POS Payment,15.0,Tablet,Seattle,0,59,2,Debit Card,1
3960.52,ATM Withdrawal,20.0,Mobile,Boston,3,24,13,Net Banking,1
4035.51,Bank Transfer,4.0,Desktop,Los Angeles,0,37,2,UPI,1
535.95,ATM Withdrawal,13.0,Unknown Device,Boston,2,115,14,UPI,1
4950.09,Online Purchase,0.0,Tablet,Houston,4,110,14,Net Banking,1
2553.26,Bill Payment,13.0,Mobile,Houston,0,102,13,Debit Card,1
3881.97,POS Payment,7.0,Desktop,Boston,3,16,8,Net Banking,1
320.19,Bill Payment,8.0,Desktop,Houston,3,4,4,Net Banking,1
1769.18,POS Payment,14.0,Tablet,Los Angeles,1,97,12,Debit Card,1
2740.06,ATM Withdrawal,11.0,Tablet,Chicago,0,101,10,UPI,1
1075.43,Bank Transfer,22.0,Mobile,Miami,1,44,2,Credit Card,1
1688.56,Bill Payment,22.0,Desktop,Houston,4,45,12,Credit Card,1
817.38,Bill Payment,15.0,Mobile,New York,3,108,10,Debit Card,1
3379.29,Online Purchase,1.0,Desktop,Chicago,4,112,6,Credit Card,1
3252.28,Bill Payment,20.0,Desktop,Miami,2,104,3,Debit Card,1
3398.37,Bank Transfer,17.0,Tablet,Los Angeles,3,3,4,Debit Card,1
3326.92,Bank Transfer,20.0,Unknown Device,Los Angeles,1,119,7,Debit Card,1
2277.72,Bank Transfer,21.0,Mobile,Chicago,1,8,2,Net Banking,1
1972.4,Bill Payment,22.0,Tablet,New York,1,99,2,Debit Card,1
1334.92,ATM Withdrawal,22.0,Desktop,Chicago,2,32,10,UPI,1
4472.79,Online Purchase,11.0,Tablet,Chicago,1,37,3,Debit Card,1
4350.33,ATM Withdrawal,16.0,Mobile,Chicago,0,30,1,UPI,1
1425.78,Bank Transfer,23.0,Tablet,New York,3,64,9,UPI,1
1563.61,POS Payment,17.0,Mobile,Chicago,2,89,7,Net Banking,1
3526.51,Online Purchase,20.0,Desktop,Chicago,3,15,5,Credit Card,1
2159.76,ATM Withdrawal,18.0,Desktop,Miami,4,47,5,UPI,1
3586.07,POS Payment,11.0,Mobile,Chicago,2,10,10,Net Banking,1
1199.75,ATM Withdrawal,21.0,Desktop,Miami,0,44,4,Credit Card,1
50.75,ATM Withdrawal,8.0,Tablet,Chicago,2,87,12,Net Banking,1
2228.89,Online Purchase,22.0,Desktop,Boston,4,59,14,Net Banking,1
2525.36,Bill Payment,2.0,Mobile,Chicago,2,92,12,Credit Card,1
79.06,POS Payment,6.0,Mobile,Chicago,1,26,4,Net Banking,1
1560.69,Bill Payment,14.0,Unknown Device,New York,1,102,9,Credit Card,1
4781.44,ATM Withdrawal,12.0,Desktop,Houston,2,83,6,Credit Card,1
2689.07,Bill Payment,19.0,Tablet,Boston,0,11,14,UPI,1
4204.17,ATM Withdrawal,22.0,Mobile,Los Angeles,0,65,6,Debit Card,1
3867.36,POS Payment,19.0,Mobile,Miami,1,42,2,Credit Card,1
1925.76,Bank Transfer,21.0,Desktop,Houston,3,99,8,Credit Card,1
707.87,POS Payment,0.0,Desktop,Miami,1,88,1,UPI,1
2969.62,POS Payment,21.0,Desktop,Seattle,4,101,12,Debit Card,1
2251.72,Bank Transfer,20.0,Tablet,San Francisco,2,109,4,Credit Card,1
911.29,Bill Payment,19.0,Tablet,Boston,0,24,2,UPI,1
1495.78,Online Purchase,20.0,Desktop,Houston,2,49,5,UPI,1
857.78,ATM Withdrawal,18.0,Desktop,Houston,0,115,4,Credit Card,1
937.26,ATM Withdrawal,18.0,Desktop,New York,0,44,6,UPI,1
2101.25,POS Payment,9.0,Tablet,New York,3,110,7,Credit Card,1
1126.64,Bill Payment,13.0,Tablet,Boston,2,31,8,Net Banking,1
1558.27,Bill Payment,13.0,Tablet,Miami,0,79,7,Net Banking,1
1329.99,POS Payment,17.0,Mobile,San Francisco,1,41,1,Debit Card,1
1833.03,POS Payment,7.0,Tablet,Houston,3,15,5,Invalid Method,1
2555.2,Bank Transfer,20.0,Tablet,Los Angeles,0,90,10,Credit Card,1
115.27,Bank Transfer,1.0,Tablet,Chicago,1,113,3,Debit Card,1
2744.6,ATM Withdrawal,6.0,Mobile,Chicago,3,89,14,UPI,1
3011.6,ATM Withdrawal,9.0,Desktop,Boston,3,27,3,Debit Card,1
195.72,Online Purchase,9.0,Desktop,Boston,3,13,4,Net Banking,1
4985.33,ATM Withdrawal,15.0,Desktop,Los Angeles,4,77,6,Net Banking,1
434.66,Online Purchase,15.0,Mobile,Miami,1,47,9,Debit Card,1
3417.44,Online Purchase,10.0,Tablet,New York,0,62,7,Debit Card,1
3558.35,Online Purchase,22.0,Tablet,Chicago,2,62,14,Credit Card,1
1495.77,Online Purchase,8.0,Tablet,Boston,4,91,6,Net Banking,1
2569.32,Online Purchase,15.0,Desktop,Boston,1,105,10,Debit Card,1
3565.45,Online Purchase,21.0,Mobile,Boston,1,24,10,Credit Card,1
1428.48,POS Payment,23.0,Tablet,Chicago,2,30,11,UPI,1
491.79,Bill Payment,6.0,Desktop,Houston,2,112,9,UPI,1
2383.32,Bank Transfer,20.0,Unknown Device,Houston,4,82,6,UPI,1
4575.82,Bill Payment,23.0,Desktop,San Francisco,0,8,9,Net Banking,1
4658.31,POS Payment,10.0,Desktop,New York,0,111,14,Debit Card,1
517.85,Bill Payment,10.0,Tablet,Miami,1,103,2,Credit Card,1
878.15,Online Purchase,3.0,Mobile,Houston,0,36,1,Invalid Method,1
734.32,Bank Transfer,22.0,Desktop,Los Angeles,4,90,12,Net Banking,1
1789.87,Bank Transfer,1.0,Tablet,Boston,3,73,9,Credit Card,1
1201.38,Bill Payment,22.0,Tablet,Los Angeles,2,81,2,UPI,1
4036.26,Bill Payment,12.0,Mobile,Los Angeles,1,56,14,Debit Card,1
2860.47,Online Purchase,11.0,Desktop,Houston,3,99,5,Debit Card,1
4808.06,ATM Withdrawal,7.0,Tablet,Chicago,2,102,5,Net Banking,1
2310.46,Online Purchase,18.0,Mobile,Los Angeles,3,82,9,Debit Card,1
1152.83,ATM Withdrawal,4.0,Mobile,Chicago,0,60,10,Net Banking,1
3432.06,Bank Transfer,4.0,Tablet,Chicago,3,58,9,Debit Card,1
819.52,ATM Withdrawal,9.0,Mobile,Houston,1,56,9,Debit Card,1
2389.37,Bill Payment,8.0,Mobile,Boston,2,118,2,Credit Card,1
1921.71,POS Payment,3.0,Tablet,Houston,0,110,6,Credit Card,1
3737.76,POS Payment,4.0,Mobile,Boston,2,41,8,Debit Card,1
4667.52,POS Payment,5.0,Desktop,Boston,0,13,7,Net Banking,1
69.69,Bill Payment,19.0,Tablet,Los Angeles,2,63,12,Net Banking,1
2253.84,Bill Payment,11.0,Unknown Device,Chicago,3,14,1,Debit Card,1
3124.8,POS Payment,14.0,Tablet,Los Angeles,3,4,2,Credit Card,1
4131.58,Bill Payment,5.0,Mobile,Chicago,2,73,6,UPI,1
1821.8,Bill Payment,3.0,Desktop,Boston,0,50,14,Credit Card,1
2471.96,Bank Transfer,17.0,Desktop,San Francisco,3,69,1,Credit Card,1
690.92,Bill Payment,21.0,Mobile,New York,0,108,7,Net Banking,1
4387.77,Bank Transfer,15.0,Desktop,Houston,4,12,12,Debit Card,1
2850.24,Bill Payment,13.0,Desktop,Chicago,1,22,10,Invalid Method,1
782.81,Bill Payment,14.0,Mobile,Boston,3,113,13,UPI,1
4465.78,Online Purchase,22.0,Mobile,Houston,3,99,10,Credit Card,1
1290.59,POS Payment,2.0,Desktop,Chicago,3,55,8,Credit Card,1
2328.89,Bank Transfer,12.0,Desktop,Houston,2,75,11,Debit Card,1
4339.63,POS Payment,18.0,Desktop,Boston,2,3,4,Credit Card,1
3835.49,ATM Withdrawal,8.0,Desktop,Houston,1,100,5,Debit Card,1
4431.18,Bill Payment,23.0,Desktop,Houston,4,85,2,UPI,1
4906.93,Online Purchase,21.0,Desktop,Boston,4,50,1,Credit Card,1
4258.63,ATM Withdrawal,14.0,Mobile,Boston,3,102,5,Credit Card,1
1666.92,Bill Payment,22.0,Mobile,Seattle,2,102,10,Credit Card,1
1214.36,Bank Transfer,18.0,Desktop,New York,2,52,4,Net Banking,1
4626.44,ATM Withdrawal,18.0,Desktop,Miami,0,17,2,Net Banking,1
2434.39,Online Purchase,21.0,Tablet,San Francisco,0,104,13,Net Banking,1
1956.77,POS Payment,0.0,Tablet,Houston,3,103,10,Net Banking,1
4326.08,ATM Withdrawal,9.0,Desktop,Chicago,1,34,11,Credit Card,1
2406.02,Bill Payment,12.0,Desktop,Houston,4,48,11,UPI,1
3006.17,Bank Transfer,14.0,Mobile,Houston,4,29,5,Debit Card,1
2486.89,Bill Payment,23.0,Mobile,Chicago,0,56,11,Credit Card,1
1766.58,Bank Transfer,20.0,Tablet,Los Angeles,4,119,2,Credit Card,1
1556.96,Online Purchase,14.0,Tablet,Boston,3,52,13,Debit Card,1
4141.0,POS Payment,11.0,Mobile,San Francisco,3,60,3,UPI,1
2778.47,Online Purchase,18.0,Tablet,Miami,0,18,1,Net Banking,1
3169.02,ATM Withdrawal,13.0,Mobile,Chicago,0,97,2,Credit Card,1
49997.8,ATM Withdrawal,18.0,Tablet,Miami,0,57,5,Debit Card,1
2316.44,Online Purchase,14.0,Mobile,Chicago,4,39,7,Net Banking,1
162.03,Bill Payment,12.0,Tablet,San Francisco,0,100,1,Net Banking,1
2756.22,ATM Withdrawal,7.0,Tablet,Boston,3,109,9,Debit Card,1
3910.78,Bill Payment,7.0,Tablet,San Francisco,2,97,4,Invalid Method,1
2252.15,Bank Transfer,20.0,Tablet,Los Angeles,3,96,13,Credit Card,1
4438.27,ATM Withdrawal,2.0,Mobile,Chicago,4,53,8,UPI,1
2887.9,Bank Transfer,21.0,Desktop,Los Angeles,3,92,5,Debit Card,1
4497.89,ATM Withdrawal,4.0,Tablet,Chicago,4,119,4,Debit Card,1
4402.39,POS Payment,23.0,Mobile,Los Angeles,4,64,2,Invalid Method,1
2035.38,Online Purchase,18.0,Desktop,New York,0,45,6,UPI,1
3334.8,POS Payment,16.0,Desktop,Houston,1,65,6,UPI,1
910.04,POS Payment,15.0,Tablet,Chicago,0,34,2,Credit Card,1
2200.89,ATM Withdrawal,21.0,Tablet,Chicago,0,15,9,Debit Card,1
3226.98,Bank Transfer,13.0,Desktop,San Francisco,4,47,2,Debit Card,1
2272.01,Online Purchase,18.0,Desktop,San Francisco,1,61,3,UPI,1
3713.98,Online Purchase,6.0,Desktop,Chicago,2,111,13,Credit Card,1
375.48,ATM Withdrawal,9.0,Tablet,Chicago,0,17,1,Invalid Method,1
3321.79,POS Payment,20.0,Mobile,Miami,0,102,10,Debit Card,1
1403.9,Online Purchase,15.0,Mobile,Houston,0,114,1,Credit Card,1
4646.3,POS Payment,22.0,Tablet,Houston,2,48,8,UPI,1
2134.77,Bill Payment,23.0,Desktop,New York,4,35,13,UPI,1
49997.8,ATM Withdrawal,11.0,Desktop,Chicago,3,84,2,UPI,1
1331.76,Bill Payment,21.0,Mobile,Houston,0,15,13,UPI,1
1343.31,POS Payment,15.0,Desktop,New York,2,92,6,Net Banking,1
4953.22,ATM Withdrawal,4.0,Tablet,Boston,3,64,5,UPI,1
1815.61,Bill Payment,4.0,Desktop,Houston,2,111,11,Credit Card,1
4229.75,Bill Payment,11.0,Desktop,New York,1,38,2,Credit Card,1
2762.73,POS Payment,9.0,Desktop,Boston,4,115,7,Net Banking,1
3278.7,Bill Payment,18.0,Desktop,Miami,3,74,12,Debit Card,1
2272.81,Bill Payment,21.0,Desktop,Miami,1,14,2,Credit Card,1
3312.13,Bill Payment,14.0,Tablet,Houston,3,85,13,Credit Card,1
1427.22,Bank Transfer,19.0,Desktop,Chicago,1,112,3,Credit Card,1
2635.64,Bank Transfer,14.0,Tablet,Los Angeles,2,43,7,UPI,1
4354.89,Bill Payment,1.0,Desktop,Boston,0,5,3,Net Banking,1
133.54,Bill Payment,20.0,Desktop,Chicago,2,99,1,UPI,1
1200.84,POS Payment,17.0,Tablet,Houston,3,73,6,Credit Card,1
1414.2,POS Payment,7.0,Tablet,Chicago,4,7,7,UPI,1
2451.97,Bank Transfer,17.0,Desktop,Miami,2,99,1,Credit Card,1
2837.03,Bill Payment,7.0,Tablet,New York,3,63,1,Debit Card,1
3584.51,Bill Payment,22.0,Tablet,Miami,3,105,2,UPI,1
1464.02,Online Purchase,8.0,Tablet,Los Angeles,2,119,7,Net Banking,1
4725.73,Bank Transfer,9.0,Desktop,New York,2,119,13,Credit Card,1
271.47,POS Payment,22.0,Desktop,Seattle,4,94,8,UPI,1
1035.31,POS Payment,22.0,Desktop,New York,0,77,3,Net Banking,1
4790.07,Bank Transfer,23.0,Mobile,New York,1,77,11,Net Banking,1
4861.81,Bill Payment,12.0,Tablet,Seattle,3,57,2,UPI,1
1953.24,POS Payment,14.0,Desktop,Chicago,2,40,5,UPI,1
63.92,POS Payment,22.0,Mobile,Houston,0,42,11,UPI,1
4208.34,POS Payment,1.0,Tablet,Boston,2,96,2,Debit Card,1
2157.7,ATM Withdrawal,10.0,Desktop,Houston,4,52,7,Net Banking,1
4597.19,Online Purchase,15.0,Tablet,Seattle,2,112,7,Credit Card,1
1075.31,POS Payment,22.0,Tablet,Boston,0,73,14,Credit Card,1
2048.4,Bank Transfer,1.0,Tablet,Boston,4,21,5,Debit Card,1
982.6,ATM Withdrawal,17.0,Tablet,Boston,2,110,13,Credit Card,1
1732.21,ATM Withdrawal,1.0,Tablet,Boston,4,114,3,UPI,1
2730.39,POS Payment,11.0,Desktop,Los Angeles,1,41,1,Debit Card,1
4524.74,Online Purchase,17.0,Tablet,New York,3,92,1,Net Banking,1
3649.25,Bill Payment,15.0,Mobile,Chicago,3,61,10,UPI,1
420.51,Online Purchase,8.0,Mobile,Chicago,0,100,12,Debit Card,1
4989.03,Bank Transfer,11.0,Desktop,Los Angeles,2,59,1,Credit Card,1
4784.47,ATM Withdrawal,16.0,Tablet,Boston,0,101,8,Debit Card,1
4592.45,Bank Transfer,19.0,Tablet,New York,2,90,13,Net Banking,1
1709.82,Bill Payment,12.0,Desktop,Houston,0,89,5,Credit Card,1
870.92,Online Purchase,6.0,Desktop,Chicago,3,34,6,Credit Card,1
871.16,Bank Transfer,14.0,Mobile,Chicago,1,119,7,Credit Card,1
49997.8,Online Purchase,18.0,Desktop,New York,3,85,3,Credit Card,1
2935.39,Online Purchase,22.0,Tablet,Houston,2,28,5,Credit Card,1
1395.01,Online Purchase,16.0,Mobile,Boston,2,46,13,UPI,1
4845.36,Bank Transfer,10.0,Desktop,Miami,2,10,1,Debit Card,1
2459.53,POS Payment,5.0,Desktop,New York,0,88,4,Debit Card,1
593.76,ATM Withdrawal,12.0,Desktop,Los Angeles,2,50,3,Debit Card,1
866.26,POS Payment,18.0,Desktop,San Francisco,2,113,11,UPI,1
3197.59,ATM Withdrawal,22.0,Mobile,Los Angeles,1,53,7,Credit Card,1
4540.8,Online Purchase,21.0,Desktop,New York,3,105,13,Net Banking,1
3952.47,Online Purchase,0.0,Tablet,Houston,0,40,4,Debit Card,1
3224.31,Bill Payment,21.0,Mobile,New York,1,112,7,Debit Card,1
2294.8,Bill Payment,3.0,Mobile,Boston,2,14,3,UPI,1
716.16,Online Purchase,6.0,Mobile,Los Angeles,3,65,2,UPI,1
942.46,Online Purchase,19.0,Mobile,San Francisco,2,102,13,UPI,1
638.37,POS Payment,19.0,Desktop,Los Angeles,0,111,14,Credit Card,1
4914.57,ATM Withdrawal,14.0,Desktop,New York,0,81,10,Invalid Method,1
1109.44,ATM Withdrawal,16.0,Unknown Device,Chicago,2,7,1,Credit Card,1
2363.09,ATM Withdrawal,10.0,Mobile,Houston,0,9,5,Debit Card,1
4991.92,ATM Withdrawal,9.0,Desktop,New York,0,77,3,Net Banking,1
2169.12,POS Payment,13.0,Desktop,New York,4,98,9,Credit Card,1
49997.8,POS Payment,18.0,Mobile,Houston,4,44,13,UPI,1
3654.38,Bill Payment,15.0,Mobile,Houston,2,38,4,Net Banking,1
1375.73,Bill Payment,15.0,Desktop,Houston,4,101,9,Net Banking,1
4415.15,Bank Transfer,21.0,Mobile,Chicago,0,76,4,Debit Card,1
3215.72,POS Payment,9.0,Desktop,New York,4,93,2,UPI,1
862.02,Online Purchase,12.0,Tablet,Boston,2,20,7,Net Banking,1
3071.06,Bill Payment,8.0,Mobile,Chicago,4,27,4,UPI,1
3169.02,POS Payment,21.0,Mobile,Miami,2,59,5,Net Banking,1
3031.77,Bill Payment,21.0,Mobile,Houston,0,58,14,Credit Card,1
4242.8,Bank Transfer,20.0,Tablet,Chicago,2,114,4,Net Banking,1
4104.71,POS Payment,6.0,Mobile,Miami,4,76,3,Debit Card,1
1378.32,ATM Withdrawal,16.0,Tablet,Miami,2,93,7,Credit Card,1
2850.53,Bill Payment,23.0,Desktop,Boston,3,42,5,Debit Card,1
2677.51,POS Payment,22.0,Desktop,Los Angeles,1,32,12,UPI,1
3215.36,Bill Payment,23.0,Mobile,Miami,0,103,1,UPI,1
2272.66,Online Purchase,5.0,Desktop,Chicago,1,98,9,Invalid Method,1
1981.39,Bank Transfer,14.0,Tablet,Chicago,2,28,6,Net Banking,1
670.79,Bank Transfer,16.0,Mobile,Seattle,4,94,3,UPI,1
54.21,Online Purchase,20.0,Mobile,Chicago,0,71,11,Net Banking,1
1283.32,Bank Transfer,16.0,Tablet,Miami,1,119,9,Net Banking,1
164.87,ATM Withdrawal,3.0,Tablet,Houston,2,111,2,Invalid Method,1
2138.97,POS Payment,7.0,Tablet,Boston,2,108,13,Net Banking,1
1469.88,Bank Transfer,5.0,Desktop,Boston,4,76,14,UPI,1
3549.06,Bill Payment,15.0,Mobile,Los Angeles,3,66,3,Credit Card,1
4563.13,ATM Withdrawal,0.0,Mobile,New York,2,118,5,Credit Card,1
2654.34,Bill Payment,3.0,Tablet,Chicago,4,80,5,Net Banking,1
1461.69,ATM Withdrawal,9.0,Mobile,Houston,4,26,2,Credit Card,1
3300.79,ATM Withdrawal,21.0,Desktop,New York,4,83,5,Debit Card,1
1903.34,Online Purchase,17.0,Tablet,Los Angeles,4,2,9,Net Banking,1
1403.9,ATM Withdrawal,15.0,Tablet,Boston,1,36,6,Credit Card,1
3402.87,Bill Payment,21.0,Desktop,Chicago,3,49,1,Net Banking,1
3867.82,Bill Payment,17.0,Tablet,Chicago,4,100,12,Credit Card,1
2638.27,Bank Transfer,12.0,Desktop,Houston,1,88,14,UPI,1
49997.8,POS Payment,11.0,Desktop,Los Angeles,1,69,7,UPI,1
841.51,POS Payment,2.0,Mobile,Chicago,0,111,4,UPI,1
2247.26,Bill Payment,10.0,Tablet,Chicago,2,40,11,UPI,1
982.43,Bill Payment,17.0,Mobile,Boston,4,73,4,Credit Card,1
4236.37,Bank Transfer,16.0,Mobile,San Francisco,4,117,7,Credit Card,1
204.42,POS Payment,3.0,Tablet,Houston,4,98,2,Debit Card,1
1420.1,Online Purchase,20.0,Desktop,Miami,1,30,5,Net Banking,1
3263.09,Online Purchase,20.0,Desktop,Miami,1,81,1,Debit Card,1
353.48,POS Payment,11.0,Desktop,San Francisco,0,107,7,Debit Card,1
3081.49,ATM Withdrawal,12.0,Mobile,Chicago,0,112,12,Net Banking,1
927.22,POS Payment,5.0,Mobile,Chicago,1,64,5,Debit Card,1
4385.36,POS Payment,8.0,Mobile,Boston,2,98,7,Credit Card,1
3438.22,Bill Payment,12.0,Tablet,Miami,2,115,4,UPI,1
4718.4,ATM Withdrawal,7.0,Mobile,New York,0,107,7,Debit Card,1
3484.39,Online Purchase,13.0,Desktop,Los Angeles,1,119,5,Net Banking,1
3839.25,Bank Transfer,20.0,Mobile,Miami,3,93,3,Net Banking,1
892.39,ATM Withdrawal,0.0,Desktop,Houston,0,108,1,Credit Card,1
3269.52,ATM Withdrawal,14.0,Tablet,Los Angeles,1,30,7,Credit Card,1
1155.18,Bank Transfer,20.0,Mobile,San Francisco,0,108,4,Debit Card,1
1618.06,Bank Transfer,20.0,Mobile,San Francisco,1,80,11,Debit Card,1
3283.24,Bill Payment,7.0,Mobile,Boston,3,58,5,Debit Card,1
4707.2,Online Purchase,4.0,Desktop,Boston,0,27,10,Credit Card,1
335.4,ATM Withdrawal,18.0,Desktop,New York,0,40,6,UPI,1
49997.8,Online Purchase,12.0,Tablet,New York,4,17,5,Invalid Method,1
3310.2,Online Purchase,2.0,Desktop,Houston,3,23,1,Credit Card,1
4881.39,Online Purchase,12.0,Desktop,Miami,0,43,8,Net Banking,1
1191.15,ATM Withdrawal,23.0,Mobile,Houston,2,40,6,Net Banking,1
870.6,Bill Payment,12.0,Tablet,Houston,1,100,5,Credit Card,1
411.58,ATM Withdrawal,20.0,Desktop,Boston,1,51,1,Debit Card,1
1717.05,POS Payment,15.0,Mobile,Houston,0,54,13,Net Banking,1
1738.9,POS Payment,5.0,Desktop,Boston,4,91,2,Debit Card,1
2079.28,Bill Payment,11.0,Mobile,Los Angeles,4,76,6,Credit Card,1
2146.12,Bill Payment,16.0,Mobile,Los Angeles,3,74,13,Net Banking,1
3403.9,POS Payment,23.0,Desktop,Boston,3,17,9,UPI,1
4868.74,POS Payment,21.0,Tablet,Houston,2,110,1,UPI,1
4237.81,Bill Payment,19.0,Tablet,New York,2,84,4,Credit Card,1
4938.71,Bank Transfer,18.0,Tablet,San Francisco,1,103,2,Debit Card,1
3054.26,Online Purchase,9.0,Tablet,New York,2,79,3,UPI,1
396.05,Bank Transfer,16.0,Desktop,Miami,2,117,4,UPI,1
4015.11,Bank Transfer,6.0,Mobile,Boston,0,99,2,UPI,1
4867.51,POS Payment,0.0,Mobile,Chicago,2,67,1,Credit Card,1
1691.35,POS Payment,23.0,Desktop,San Francisco,0,77,14,UPI,1
1434.64,Bill Payment,10.0,Desktop,Miami,2,37,4,Debit Card,1
3867.35,ATM Withdrawal,16.0,Desktop,San Francisco,0,95,10,Debit Card,1
2860.16,Bill Payment,23.0,Desktop,Houston,4,49,4,Net Banking,1
4329.12,Bill Payment,22.0,Desktop,Boston,2,38,4,Credit Card,1
963.3,Online Purchase,16.0,Desktop,Los Angeles,2,17,1,Credit Card,1
621.58,ATM Withdrawal,11.0,Tablet,Boston,0,61,4,Credit Card,1
2278.46,ATM Withdrawal,7.0,Mobile,Boston,4,47,12,Debit Card,1
2312.95,Online Purchase,11.0,Mobile,Houston,0,101,10,Credit Card,1
2736.7,POS Payment,14.0,Tablet,Miami,0,105,1,UPI,1
4385.24,Online Purchase,5.0,Mobile,Boston,3,26,11,Credit Card,1
1450.04,Online Purchase,5.0,Tablet,Boston,4,33,4,Debit Card,1
3810.64,Bill Payment,15.0,Tablet,New York,0,58,10,Debit Card,1
3807.93,POS Payment,18.0,Tablet,Los Angeles,4,35,3,Net Banking,1
3954.23,Online Purchase,18.0,Tablet,New York,3,109,13,Credit Card,1
49997.8,POS Payment,23.0,Tablet,Chicago,3,119,9,UPI,1
208.71,Bill Payment,19.0,Mobile,Los Angeles,2,115,1,Net Banking,1
2609.16,Online Purchase,22.0,Desktop,San Francisco,4,79,13,Debit Card,1
254.43,POS Payment,22.0,Desktop,Miami,2,94,5,Credit Card,1
2926.93,Bank Transfer,8.0,Mobile,Los Angeles,3,17,4,Debit Card,1
4269.65,Bill Payment,1.0,Desktop,Boston,2,80,3,UPI,1
2292.41,Bank Transfer,18.0,Tablet,Chicago,0,48,4,UPI,1
2431.88,Online Purchase,22.0,Mobile,Houston,4,114,5,Net Banking,1
3016.07,ATM Withdrawal,18.0,Tablet,Houston,2,14,2,Debit Card,1
3646.14,ATM Withdrawal,23.0,Mobile,Miami,0,55,11,Debit Card,1
3945.88,Bill Payment,8.0,Desktop,Los Angeles,3,9,3,Debit Card,1
11.61,Online Purchase,8.0,Mobile,Boston,1,69,7,UPI,1
2259.79,POS Payment,4.0,Tablet,Chicago,4,21,3,Credit Card,1
2825.69,POS Payment,9.0,Desktop,Los Angeles,4,66,8,Debit Card,1
3842.26,ATM Withdrawal,5.0,Mobile,Los Angeles,2,50,4,UPI,1
2441.66,Bill Payment,5.0,Mobile,Miami,0,118,1,UPI,1
2794.72,ATM Withdrawal,23.0,Desktop,Chicago,3,106,13,UPI,1
4477.6,ATM Withdrawal,7.0,Tablet,Boston,1,77,6,Net Banking,1
3691.91,Online Purchase,3.0,Tablet,Chicago,2,61,13,Credit Card,1
4044.48,Online Purchase,3.0,Tablet,New York,0,96,1,Net Banking,1
1428.9,ATM Withdrawal,4.0,Tablet,Boston,2,57,1,Debit Card,1
4941.58,ATM Withdrawal,19.0,Desktop,New York,0,81,11,Credit Card,1
61.49,Bill Payment,15.0,Tablet,Los Angeles,2,93,3,Debit Card,1
3487.73,ATM Withdrawal,3.0,Tablet,Boston,1,111,13,Debit Card,1
502.61,Bill Payment,20.0,Desktop,Seattle,2,32,1,Debit Card,1
1998.07,Bill Payment,23.0,Mobile,Chicago,4,27,9,Credit Card,1
3931.2,Bank Transfer,2.0,Mobile,Houston,1,94,4,UPI,1
4934.95,Bill Payment,19.0,Mobile,Los Angeles,3,2,2,Net Banking,1
3977.27,Bank Transfer,5.0,Tablet,Boston,4,57,5,Net Banking,1
2085.84,POS Payment,23.0,Mobile,Seattle,4,30,4,Net Banking,1
4126.08,Bank Transfer,11.0,Tablet,Boston,0,26,11,Credit Card,1
4723.65,Online Purchase,21.0,Unknown Device,New York,0,4,3,Credit Card,1
4264.76,Online Purchase,15.0,Tablet,Chicago,3,44,10,Credit Card,1
3214.05,Bank Transfer,23.0,Mobile,New York,3,14,4,Debit Card,1
129.11,Online Purchase,20.0,Tablet,Houston,3,69,9,Credit Card,1
2883.36,Bill Payment,23.0,Tablet,Houston,1,19,12,Net Banking,1
3548.98,Bill Payment,14.0,Tablet,Boston,1,57,4,UPI,1
2894.14,Online Purchase,4.0,Mobile,Boston,1,51,1,Credit Card,1
3597.18,ATM Withdrawal,12.0,Desktop,Houston,1,66,10,UPI,1
3351.04,Bill Payment,11.0,Unknown Device,Los Angeles,3,60,1,Debit Card,1
543.64,POS Payment,22.0,Tablet,Houston,4,35,7,Credit Card,1
4590.95,Bank Transfer,4.0,Mobile,Boston,3,109,11,Debit Card,1
3246.06,POS Payment,21.0,Tablet,Boston,0,89,4,Debit Card,1
1569.1,Online Purchase,16.0,Desktop,Miami,1,18,7,Credit Card,1
4385.51,ATM Withdrawal,8.0,Mobile,Chicago,0,59,10,Debit Card,1
532.67,Bank Transfer,3.0,Tablet,Boston,4,43,8,UPI,1
307.55,ATM Withdrawal,13.0,Mobile,Los Angeles,0,48,4,Credit Card,1
1982.08,POS Payment,22.0,Tablet,New York,3,101,5,Debit Card,1
180.5,POS Payment,1.0,Tablet,Chicago,3,62,8,Net Banking,1
3594.08,Bank Transfer,9.0,Mobile,San Francisco,1,108,6,Debit Card,1
4034.51,Online Purchase,19.0,Desktop,Boston,2,86,10,Debit Card,1
3122.97,ATM Withdrawal,22.0,Tablet,Miami,2,31,7,Debit Card,1
1814.86,Bill Payment,19.0,Desktop,New York,2,97,5,UPI,1
4428.14,POS Payment,15.0,Mobile,Chicago,0,28,13,Net Banking,1
3765.41,POS Payment,19.0,Desktop,Boston,4,28,1,Net Banking,1
1318.86,Bank Transfer,3.0,Mobile,Boston,1,72,6,Debit Card,1
4439.0,Online Purchase,12.0,Tablet,Boston,3,92,8,UPI,1
4782.87,Bill Payment,0.0,Tablet,Los Angeles,0,98,3,Debit Card,1
1935.31,Bill Payment,11.0,Desktop,Boston,3,45,12,Credit Card,1
3504.7,Bill Payment,6.0,Tablet,Boston,1,55,7,Net Banking,1
3532.93,POS Payment,21.0,Tablet,Seattle,0,114,11,Invalid Method,1
4689.37,Bill Payment,8.0,Mobile,Boston,2,22,2,UPI,1
3351.78,ATM Withdrawal,13.0,Mobile,Miami,4,57,2,Net Banking,1
2297.57,Online Purchase,11.0,Desktop,Chicago,3,110,10,Debit Card,1
2012.44,Online Purchase,3.0,Tablet,Chicago,1,94,10,Credit Card,1
4136.04,ATM Withdrawal,13.0,Tablet,Houston,3,76,11,Credit Card,1
214.56,POS Payment,5.0,Desktop,Boston,4,100,8,Debit Card,1
4422.56,Bill Payment,23.0,Tablet,San Francisco,3,65,8,Debit Card,1
22.43,ATM Withdrawal,7.0,Mobile,Boston,3,7,5,Credit Card,1
3363.68,Bill Payment,11.0,Tablet,Boston,0,30,2,Credit Card,1
1998.69,Bill Payment,10.0,Mobile,Chicago,4,96,1,UPI,1
3444.25,ATM Withdrawal,20.0,Desktop,Chicago,3,57,4,Credit Card,1
3051.85,ATM Withdrawal,12.0,Mobile,New York,3,70,3,Net Banking,1
4590.83,POS Payment,3.0,Unknown Device,Boston,3,31,5,Debit Card,1
427.63,Online Purchase,7.0,Unknown Device,Boston,2,8,8,Net Banking,1
2303.83,Bill Payment,23.0,Tablet,Seattle,0,116,1,Net Banking,1
2160.68,POS Payment,11.0,Tablet,Miami,3,78,4,Net Banking,1
2259.44,Bill Payment,13.0,Desktop,Los Angeles,2,52,7,Credit Card,1
823.35,Online Purchase,18.0,Desktop,Houston,4,44,4,Net Banking,1
901.35,Online Purchase,23.0,Mobile,Los Angeles,0,107,1,UPI,1
2936.79,ATM Withdrawal,18.0,Desktop,Houston,0,114,10,Credit Card,1
2283.98,Online Purchase,15.0,Desktop,Seattle,3,94,1,Debit Card,1
4308.32,ATM Withdrawal,15.0,Desktop,Seattle,0,74,4,Debit Card,1
3446.75,ATM Withdrawal,17.0,Desktop,Houston,2,62,5,Debit Card,1
1229.53,Online Purchase,10.0,Desktop,Houston,2,76,6,Net Banking,1
3101.97,Bill Payment,23.0,Tablet,Chicago,4,45,9,Debit Card,1
3536.55,POS Payment,19.0,Mobile,Boston,0,4,6,UPI,1
4068.41,Bill Payment,6.0,Desktop,Miami,3,78,5,Debit Card,1
1417.24,Bank Transfer,17.0,Mobile,New York,3,19,5,Net Banking,1
3749.08,Bank Transfer,13.0,Mobile,Chicago,4,17,1,Net Banking,1
397.31,POS Payment,23.0,Desktop,Miami,4,46,7,Net Banking,1
3246.09,POS Payment,13.0,Tablet,Chicago,2,74,13,Credit Card,1
4990.74,Bank Transfer,23.0,Desktop,Chicago,0,53,2,UPI,1
949.51,Online Purchase,15.0,Mobile,Chicago,2,44,5,Net Banking,1
2650.88,POS Payment,10.0,Desktop,Chicago,4,25,1,UPI,1
1784.79,POS Payment,19.0,Desktop,New York,0,16,6,Debit Card,1
4630.98,Bank Transfer,15.0,Mobile,Houston,3,102,14,Invalid Method,1
224.42,Bill Payment,21.0,Desktop,New York,2,63,6,Debit Card,1
3357.89,Bill Payment,19.0,Tablet,Miami,0,62,5,Net Banking,1
3921.33,Online Purchase,10.0,Tablet,Houston,0,65,7,Net Banking,1
2625.38,Bank Transfer,15.0,Desktop,Boston,4,46,5,Credit Card,1
908.79,Bank Transfer,18.0,Mobile,Los Angeles,2,62,1,Credit Card,1
4632.22,Bank Transfer,22.0,Desktop,Boston,0,19,10,UPI,1
4374.2,Bill Payment,13.0,Desktop,Miami,2,34,10,Credit Card,1
295.99,POS Payment,12.0,Desktop,Chicago,0,56,4,Invalid Method,1
4053.39,Online Purchase,15.0,Desktop,Miami,0,64,9,Debit Card,1
2854.7,POS Payment,21.0,Tablet,Los Angeles,1,9,14,Debit Card,1
3968.97,POS Payment,22.0,Desktop,Miami,3,11,14,Net Banking,1
2491.31,POS Payment,17.0,Mobile,Boston,3,58,8,Credit Card,1
2687.69,Online Purchase,12.0,Mobile,Boston,1,95,8,UPI,1
1187.85,Bill Payment,3.0,Tablet,Boston,4,20,4,UPI,1
2698.23,ATM Withdrawal,1.0,Mobile,Chicago,2,104,14,Credit Card,1
3169.51,ATM Withdrawal,11.0,Tablet,Chicago,0,107,7,Net Banking,1
2288.6,Online Purchase,17.0,Tablet,Chicago,3,106,14,Debit Card,1
3726.97,Bill Payment,10.0,Tablet,Miami,3,53,1,UPI,1
3511.31,ATM Withdrawal,13.0,Tablet,New York,1,3,1,Credit Card,1
2472.19,Bank Transfer,1.0,Mobile,Boston,4,39,1,Credit Card,1
725.15,Online Purchase,18.0,Mobile,Miami,0,113,5,UPI,1
4766.93,POS Payment,1.0,Desktop,Chicago,2,34,9,Credit Card,1
3090.06,Online Purchase,14.0,Desktop,Chicago,4,104,7,Debit Card,1
4238.43,Online Purchase,20.0,Desktop,Boston,1,113,6,UPI,1
1127.12,POS Payment,13.0,Desktop,Chicago,1,80,9,Net Banking,1
1230.41,Bank Transfer,16.0,Tablet,Chicago,0,6,3,Net Banking,1
2138.68,Online Purchase,3.0,Tablet,Los Angeles,0,73,1,Net Banking,1
3569.63,Bill Payment,11.0,Tablet,Houston,2,90,5,Invalid Method,1
2297.4,ATM Withdrawal,22.0,Tablet,Miami,2,101,6,Net Banking,1
4478.73,Bill Payment,6.0,Desktop,Miami,4,117,13,Credit Card,1
1244.38,Bank Transfer,21.0,Tablet,Miami,3,36,3,Debit Card,1
4815.63,ATM Withdrawal,10.0,Tablet,Chicago,4,58,10,Net Banking,1
4608.92,ATM Withdrawal,6.0,Mobile,Boston,2,21,1,Credit Card,1
2935.87,Bank Transfer,23.0,Mobile,Miami,3,102,3,Debit Card,1
2964.47,Bank Transfer,9.0,Desktop,Los Angeles,3,68,4,Invalid Method,1
4338.41,Online Purchase,4.0,Mobile,Houston,2,59,2,Invalid Method,1
1023.69,Online Purchase,18.0,Mobile,Los Angeles,1,73,14,Debit Card,1
1951.39,POS Payment,20.0,Desktop,Boston,3,91,4,Debit Card,1
1105.53,Online Purchase,1.0,Tablet,Boston,0,88,4,Debit Card,1
4905.5,Bill Payment,10.0,Desktop,Houston,4,77,2,Debit Card,1
1697.94,ATM Withdrawal,3.0,Desktop,Chicago,2,97,7,Debit Card,1
3262.58,Online Purchase,18.0,Mobile,Houston,1,70,2,Invalid Method,1
4438.34,Online Purchase,2.0,Tablet,Boston,0,34,14,Debit Card,1
49997.8,Bill Payment,0.0,Mobile,Houston,1,15,13,Debit Card,1
664.92,Bill Payment,19.0,Mobile,Los Angeles,2,88,8,Debit Card,1
1118.72,Online Purchase,18.0,Desktop,Los Angeles,0,59,7,Credit Card,1
1459.48,POS Payment,3.0,Desktop,Chicago,3,80,9,Credit Card,1
3775.63,Online Purchase,17.0,Tablet,Miami,3,61,4,UPI,1
4741.49,ATM Withdrawal,8.0,Desktop,Chicago,4,81,10,Net Banking,1
2038.46,ATM Withdrawal,21.0,Tablet,Seattle,2,113,12,Debit Card,1
3394.73,Bank Transfer,22.0,Mobile,Los Angeles,1,39,12,UPI,1
613.63,POS Payment,2.0,Desktop,Boston,2,29,7,Credit Card,1
3704.34,ATM Withdrawal,11.0,Mobile,Boston,0,100,1,Debit Card,1
2064.44,Online Purchase,11.0,Mobile,San Francisco,2,60,1,Net Banking,1
657.69,ATM Withdrawal,22.0,Mobile,San Francisco,1,41,1,Debit Card,1
2882.51,POS Payment,15.0,Tablet,San Francisco,2,89,6,Debit Card,1
860.05,ATM Withdrawal,20.0,Tablet,Houston,1,8,12,Net Banking,1
2364.32,Bank Transfer,19.0,Tablet,Boston,1,63,1,Credit Card,1
628.18,ATM Withdrawal,18.0,Unknown Device,Miami,0,25,3,Credit Card,1
857.78,Bill Payment,22.0,Mobile,Miami,0,14,7,Debit Card,1
2700.12,Bank Transfer,4.0,Mobile,Los Angeles,2,74,2,Credit Card,1
284.16,Online Purchase,17.0,Mobile,Houston,4,4,10,Credit Card,1
4613.85,ATM Withdrawal,23.0,Mobile,Boston,0,5,2,UPI,1
4489.79,ATM Withdrawal,21.0,Unknown Device,New York,2,76,9,Debit Card,1
65.36,POS Payment,5.0,Tablet,Miami,1,57,1,Debit Card,1
4422.56,Bill Payment,3.0,Mobile,Boston,1,90,2,Credit Card,1
3219.74,Bank Transfer,22.0,Mobile,Houston,2,118,11,UPI,1
2112.03,Bank Transfer,18.0,Desktop,Miami,4,36,10,Credit Card,1
1014.22,ATM Withdrawal,18.0,Tablet,New York,0,102,1,Credit Card,1
1971.66,Bill Payment,17.0,Tablet,Miami,0,63,8,UPI,1
49997.8,Bill Payment,22.0,Tablet,Seattle,0,72,5,Credit Card,1
2072.14,Online Purchase,15.0,Mobile,San Francisco,4,42,3,Net Banking,1
2975.93,ATM Withdrawal,4.0,Desktop,Boston,0,22,3,Debit Card,1
3954.95,Bill Payment,19.0,Mobile,Houston,4,100,5,Debit Card,1
189.76,Bank Transfer,18.0,Tablet,Chicago,2,112,9,Debit Card,1
2568.11,Bank Transfer,2.0,Tablet,Chicago,1,114,12,Debit Card,1
75.67,Bill Payment,14.0,Desktop,San Francisco,1,87,2,Credit Card,1
3728.19,Bill Payment,0.0,Mobile,Boston,2,43,9,Credit Card,1
2935.25,Bank Transfer,22.0,Desktop,Houston,4,28,12,UPI,1
1136.59,Bill Payment,15.0,Mobile,Los Angeles,3,1,5,UPI,1
3596.1,Bank Transfer,22.0,Desktop,Houston,3,82,12,Invalid Method,1
1955.98,ATM Withdrawal,6.0,Desktop,Los Angeles,0,105,2,Net Banking,1
2322.88,ATM Withdrawal,23.0,Tablet,Miami,3,55,14,UPI,1
4105.8,Bank Transfer,15.0,Tablet,New York,3,47,8,Credit Card,1
4275.0,Bank Transfer,21.0,Mobile,Chicago,2,45,7,Net Banking,1
1242.87,Bill Payment,4.0,Desktop,Houston,3,84,6,Credit Card,1
713.47,POS Payment,9.0,Tablet,Houston,2,119,5,Debit Card,1
49997.8,Bill Payment,15.0,Desktop,Houston,1,110,12,Debit Card,1
3952.69,Bank Transfer,13.0,Mobile,Houston,1,44,3,Credit Card,1
822.4,ATM Withdrawal,22.0,Desktop,Boston,1,27,14,Net Banking,1
4588.5,ATM Withdrawal,13.0,Mobile,Los Angeles,1,113,10,Debit Card,1
2480.88,Bank Transfer,6.0,Mobile,Boston,3,63,12,UPI,1
4835.91,ATM Withdrawal,13.0,Desktop,Los Angeles,0,75,11,UPI,1
612.05,ATM Withdrawal,21.0,Mobile,Chicago,3,100,4,Credit Card,1
1432.91,Online Purchase,5.0,Tablet,Houston,1,32,5,UPI,1
2764.98,POS Payment,12.0,Desktop,Chicago,1,98,11,Debit Card,1
1959.42,POS Payment,16.0,Tablet,Boston,2,108,10,Debit Card,1
49997.8,Bank Transfer,0.0,Tablet,Houston,2,71,9,Debit Card,1
3006.21,Online Purchase,21.0,Unknown Device,San Francisco,1,12,3,Net Banking,1
293.06,Online Purchase,14.0,Desktop,Miami,1,56,7,Net Banking,1
4823.78,Bill Payment,20.0,Mobile,Boston,3,37,3,UPI,1
2656.82,POS Payment,3.0,Desktop,Los Angeles,4,111,9,UPI,1
4618.15,Bill Payment,10.0,Desktop,New York,2,107,8,UPI,1
3632.77,Bill Payment,22.0,Tablet,Chicago,2,119,7,Credit Card,1
1503.75,POS Payment,15.0,Unknown Device,New York,3,100,4,Debit Card,1
802.91,Bill Payment,21.0,Desktop,New York,1,80,14,UPI,1
3565.45,Bank Transfer,14.0,Mobile,Miami,2,45,10,Net Banking,1
3775.53,ATM Withdrawal,2.0,Tablet,Chicago,2,51,1,Net Banking,1
4270.85,POS Payment,5.0,Tablet,Miami,3,81,5,Net Banking,1
1701.96,POS Payment,2.0,Tablet,Houston,0,80,4,UPI,1
4048.07,Bank Transfer,19.0,Tablet,Chicago,3,18,9,Net Banking,1
2638.27,ATM Withdrawal,14.0,Tablet,Houston,2,96,1,Net Banking,1
4151.62,Online Purchase,18.0,Tablet,Boston,4,69,11,UPI,1
4366.93,Bill Payment,3.0,Unknown Device,Los Angeles,1,106,2,UPI,1
2314.67,Online Purchase,22.0,Desktop,Miami,3,64,8,UPI,1
1299.99,Bill Payment,12.0,Mobile,Houston,3,82,2,Credit Card,1
2736.62,Bill Payment,23.0,Tablet,Boston,2,88,6,UPI,1
1681.69,ATM Withdrawal,20.0,Mobile,Houston,2,9,5,Net Banking,1
4733.5,Bank Transfer,14.0,Tablet,New York,0,91,7,Net Banking,1
4057.26,ATM Withdrawal,19.0,Tablet,Los Angeles,1,47,1,UPI,1
4542.29,Bill Payment,23.0,Tablet,Seattle,1,67,13,Credit Card,1
3529.87,Bill Payment,11.0,Desktop,New York,4,118,2,Debit Card,1
4487.29,Bank Transfer,19.0,Desktop,Los Angeles,0,35,8,Net Banking,1
2013.19,POS Payment,10.0,Desktop,Miami,4,108,13,Credit Card,1
4679.6,POS Payment,1.0,Mobile,Chicago,3,113,13,UPI,1
915.18,Online Purchase,9.0,Tablet,Los Angeles,1,76,8,Credit Card,1
1036.24,POS Payment,7.0,Mobile,Chicago,2,36,4,Credit Card,1
4576.68,ATM Withdrawal,7.0,Tablet,Miami,4,78,8,Net Banking,1
4381.54,POS Payment,12.0,Tablet,Miami,0,110,5,UPI,1
1447.08,Bank Transfer,20.0,Desktop,Chicago,3,25,5,Net Banking,1
2343.94,ATM Withdrawal,19.0,Mobile,Los Angeles,3,33,4,UPI,1
4913.66,POS Payment,22.0,Desktop,Chicago,0,94,1,Credit Card,1
2109.99,Online Purchase,23.0,Tablet,Chicago,3,10,7,Credit Card,1
2147.42,Online Purchase,22.0,Desktop,Los Angeles,4,119,12,Credit Card,1
1985.66,Online Purchase,7.0,Desktop,Miami,2,108,8,Debit Card,1
579.42,ATM Withdrawal,8.0,Mobile,Boston,3,73,13,UPI,1
2684.98,Bank Transfer,8.0,Mobile,Chicago,1,5,2,Net Banking,1
1401.47,Bank Transfer,12.0,Tablet,Boston,0,25,3,Debit Card,1
3105.16,ATM Withdrawal,23.0,Tablet,New York,3,29,10,Net Banking,1
2978.33,Bank Transfer,14.0,Mobile,Miami,4,116,13,Credit Card,1
3646.3,ATM Withdrawal,11.0,Mobile,Los Angeles,3,43,6,UPI,1
66.65,Bill Payment,20.0,Mobile,Boston,4,67,4,Net Banking,1
923.59,Online Purchase,8.0,Mobile,Boston,0,88,4,Debit Card,1
2301.74,Bill Payment,6.0,Tablet,Boston,4,70,7,Net Banking,1
4609.35,POS Payment,2.0,Tablet,Chicago,0,89,8,UPI,1
4387.23,Bank Transfer,8.0,Tablet,Houston,4,19,4,Credit Card,1
2415.99,ATM Withdrawal,12.0,Tablet,Los Angeles,1,110,3,Debit Card,1
2376.41,POS Payment,21.0,Mobile,New York,2,113,12,Credit Card,1
1783.68,POS Payment,23.0,Mobile,Seattle,0,93,8,Debit Card,1
3300.28,Bank Transfer,19.0,Tablet,Miami,1,75,10,Credit Card,1
3303.71,POS Payment,7.0,Mobile,Houston,1,28,7,Debit Card,1
3639.37,ATM Withdrawal,7.0,Desktop,New York,0,62,4,UPI,1
772.84,Bill Payment,18.0,Tablet,Seattle,2,96,3,Credit Card,1
4019.13,ATM Withdrawal,20.0,Mobile,Houston,1,48,11,Debit Card,1
4077.98,Bank Transfer,11.0,Tablet,Los Angeles,3,64,4,Net Banking,1
4117.24,Bill Payment,20.0,Mobile,Los Angeles,2,77,8,Net Banking,1
119.29,Bill Payment,23.0,Tablet,Chicago,0,103,5,Debit Card,1
2030.72,Bank Transfer,20.0,Desktop,Houston,3,10,6,Debit Card,1
3805.41,Bill Payment,11.0,Unknown Device,San Francisco,2,118,2,Net Banking,1
1697.19,POS Payment,14.0,Desktop,Chicago,4,119,12,Invalid Method,1
4317.47,Online Purchase,2.0,Tablet,Los Angeles,2,43,4,Credit Card,1
3139.16,Bill Payment,13.0,Desktop,Seattle,0,111,7,UPI,1
1067.68,Online Purchase,18.0,Mobile,Chicago,4,41,5,Credit Card,1
2402.26,Bank Transfer,10.0,Unknown Device,Boston,4,60,4,Debit Card,1
21.42,Online Purchase,23.0,Desktop,Boston,3,89,5,UPI,1
3262.7,Online Purchase,18.0,Desktop,New York,2,26,1,Debit Card,1
3705.55,Online Purchase,17.0,Tablet,New York,0,64,6,Net Banking,1
3412.48,Bank Transfer,20.0,Desktop,San Francisco,1,119,4,Net Banking,1
2420.51,Bank Transfer,6.0,Tablet,Chicago,2,102,9,Net Banking,1
4963.0,ATM Withdrawal,21.0,Tablet,Chicago,4,26,9,UPI,1
2391.36,Bill Payment,11.0,Tablet,Seattle,3,118,1,Net Banking,1
3626.92,ATM Withdrawal,3.0,Desktop,Houston,2,79,2,UPI,1
1179.88,POS Payment,18.0,Mobile,Seattle,2,99,7,UPI,1
3985.86,Online Purchase,14.0,Unknown Device,Seattle,3,69,3,UPI,1
2010.85,ATM Withdrawal,16.0,Mobile,Los Angeles,0,4,5,Debit Card,1
1517.06,Bank Transfer,18.0,Tablet,Chicago,0,68,8,Invalid Method,1
3388.71,Bill Payment,15.0,Desktop,Los Angeles,0,57,5,UPI,1
1226.41,Bill Payment,6.0,Tablet,Chicago,3,113,8,Debit Card,1
379.01,Online Purchase,23.0,Desktop,Houston,2,49,3,Net Banking,1
4904.03,ATM Withdrawal,19.0,Desktop,Chicago,4,45,14,Net Banking,1
170.21,Bill Payment,23.0,Mobile,New York,0,106,14,Net Banking,1
3523.77,ATM Withdrawal,15.0,Mobile,Miami,0,97,2,UPI,1
532.12,ATM Withdrawal,21.0,Desktop,Los Angeles,4,51,2,Debit Card,1
3110.2,ATM Withdrawal,14.0,Desktop,San Francisco,4,116,3,Net Banking,1
2693.5,Bill Payment,5.0,Desktop,Chicago,1,113,6,Debit Card,1
1734.02,Bank Transfer,6.0,Tablet,Los Angeles,0,27,4,Debit Card,1
3407.64,Bill Payment,22.0,Mobile,Seattle,2,119,11,Credit Card,1
3072.89,ATM Withdrawal,12.0,Desktop,San Francisco,2,86,7,Credit Card,1
132.89,Bank Transfer,21.0,Desktop,New York,0,98,4,Debit Card,1
3592.85,POS Payment,13.0,Mobile,Boston,0,45,8,UPI,1
4229.88,ATM Withdrawal,13.0,Desktop,Miami,3,50,8,UPI,1
4639.71,Online Purchase,14.0,Mobile,Seattle,4,84,1,Debit Card,1
2030.56,Bill Payment,18.0,Mobile,Boston,1,71,2,Debit Card,1
3775.8,Bill Payment,11.0,Tablet,Houston,1,29,13,Credit Card,1
2079.28,POS Payment,19.0,Desktop,Boston,1,67,6,UPI,1
618.98,Online Purchase,17.0,Desktop,Miami,0,10,2,Net Banking,1
3770.16,Bill Payment,19.0,Mobile,Los Angeles,4,69,3,Debit Card,1
379.6,ATM Withdrawal,2.0,Desktop,Boston,1,89,11,UPI,1
4921.49,ATM Withdrawal,12.0,Mobile,Chicago,1,26,6,Debit Card,1
2542.94,ATM Withdrawal,5.0,Mobile,Houston,4,59,4,UPI,1
2305.02,Bank Transfer,21.0,Unknown Device,Los Angeles,4,94,5,Credit Card,1
3181.32,Bank Transfer,11.0,Tablet,Boston,0,68,12,Credit Card,1
3729.17,Bank Transfer,5.0,Tablet,Miami,2,98,7,UPI,1
1091.95,POS Payment,17.0,Mobile,Boston,1,96,10,Net Banking,1
3535.64,ATM Withdrawal,10.0,Mobile,Miami,2,96,11,UPI,1
3766.14,ATM Withdrawal,10.0,Mobile,Boston,2,81,8,UPI,1
1135.83,Online Purchase,7.0,Mobile,Los Angeles,2,65,7,UPI,1
1669.1,POS Payment,23.0,Tablet,Chicago,1,90,3,Invalid Method,1
602.31,ATM Withdrawal,15.0,Mobile,Miami,4,89,11,UPI,1
4307.54,Online Purchase,22.0,Desktop,Houston,1,103,13,UPI,1
4162.37,Bill Payment,20.0,Mobile,Houston,4,55,12,Debit Card,1
4265.68,Bill Payment,14.0,Unknown Device,Chicago,0,41,10,Net Banking,1
81.78,Online Purchase,21.0,Desktop,Houston,0,43,4,Credit Card,1
545.28,ATM Withdrawal,5.0,Desktop,Los Angeles,3,95,9,Credit Card,1
3654.84,Bill Payment,21.0,Mobile,San Francisco,0,26,9,UPI,1
695.58,POS Payment,14.0,Tablet,Chicago,3,95,9,Net Banking,1
1769.18,POS Payment,22.0,Desktop,Boston,1,68,12,UPI,1
3901.2,Bill Payment,17.0,Mobile,Boston,2,37,11,UPI,1
2357.75,Bank Transfer,13.0,Mobile,Houston,2,73,4,Net Banking,1
2105.84,Bank Transfer,18.0,Tablet,Houston,0,103,6,Credit Card,1
1343.12,Online Purchase,23.0,Tablet,Chicago,3,105,8,UPI,1
4189.48,Bank Transfer,4.0,Tablet,Miami,0,116,2,Net Banking,1
3220.27,Bill Payment,15.0,Mobile,Chicago,2,83,11,Net Banking,1
311.95,Online Purchase,10.0,Desktop,Boston,4,89,5,Net Banking,1
768.66,Bill Payment,20.0,Tablet,Miami,0,7,3,Net Banking,1
3146.2,Online Purchase,18.0,Mobile,Miami,4,72,6,UPI,1
614.04,POS Payment,17.0,Mobile,Miami,3,95,9,Invalid Method,1
9.4,POS Payment,6.0,Tablet,Chicago,1,78,5,Debit Card,1
1478.39,POS Payment,19.0,Mobile,Seattle,1,89,4,Net Banking,1
4873.24,ATM Withdrawal,5.0,Tablet,Chicago,4,66,12,Credit Card,1
3583.42,Bill Payment,17.0,Mobile,San Francisco,4,7,2,Net Banking,1
2756.48,ATM Withdrawal,20.0,Tablet,Houston,4,10,7,UPI,1
719.25,Bill Payment,19.0,Mobile,Houston,0,21,12,Debit Card,1
4533.01,Bank Transfer,17.0,Desktop,New York,0,80,14,Net Banking,1
3976.75,Online Purchase,18.0,Tablet,Houston,1,2,6,Debit Card,1
2467.28,Online Purchase,20.0,Desktop,Houston,4,78,9,Credit Card,1
1679.8,Bill Payment,9.0,Tablet,Boston,3,98,1,Credit Card,1
1489.66,Online Purchase,21.0,Tablet,New York,0,116,1,Net Banking,1
782.88,Bank Transfer,8.0,Tablet,Chicago,0,35,6,Debit Card,1
3958.15,Bill Payment,22.0,Desktop,Seattle,4,91,6,UPI,1
666.66,ATM Withdrawal,20.0,Desktop,Los Angeles,3,5,3,Credit Card,1
2377.81,POS Payment,15.0,Mobile,Miami,4,111,8,Net Banking,1
1804.78,Bill Payment,12.0,Unknown Device,Miami,2,76,2,Debit Card,1
1644.29,Bill Payment,20.0,Tablet,Houston,3,36,9,Debit Card,1
4103.65,Bank Transfer,22.0,Desktop,New York,4,54,11,Net Banking,1
2358.14,Bank Transfer,13.0,Desktop,Houston,2,100,8,UPI,1
1214.64,Online Purchase,16.0,Tablet,San Francisco,2,69,6,UPI,1
2012.99,Online Purchase,12.0,Desktop,New York,4,117,10,Credit Card,1
2498.45,ATM Withdrawal,1.0,Desktop,Houston,3,72,3,UPI,1
4315.14,Bank Transfer,13.0,Tablet,Boston,0,27,3,Credit Card,1
4253.22,Bank Transfer,22.0,Desktop,Miami,1,116,5,Debit Card,1
4882.05,POS Payment,7.0,Mobile,New York,0,41,3,UPI,1
1886.77,Online Purchase,16.0,Mobile,Miami,1,18,5,Net Banking,1
456.7,Bank Transfer,21.0,Desktop,Houston,1,84,12,Net Banking,1
4325.13,Online Purchase,5.0,Desktop,Los Angeles,3,119,4,Credit Card,1
1736.77,ATM Withdrawal,2.0,Desktop,Boston,3,82,9,Credit Card,1
2880.95,ATM Withdrawal,18.0,Tablet,Seattle,1,88,9,Debit Card,1
3861.34,POS Payment,8.0,Mobile,Houston,1,16,7,Credit Card,1
200.88,Bank Transfer,20.0,Tablet,Chicago,0,90,8,Net Banking,1
4711.35,POS Payment,20.0,Mobile,New York,4,18,7,Credit Card,1
1639.75,Online Purchase,20.0,Unknown Device,Boston,1,14,14,Debit Card,1
113.32,Online Purchase,5.0,Tablet,Miami,1,103,2,Debit Card,1
927.22,ATM Withdrawal,15.0,Desktop,Houston,2,102,12,UPI,1
2200.57,ATM Withdrawal,0.0,Tablet,Chicago,3,16,2,Credit Card,1
3111.86,Bill Payment,12.0,Mobile,Boston,3,103,7,UPI,1
2876.27,ATM Withdrawal,20.0,Mobile,San Francisco,1,36,3,Net Banking,1
853.42,Bank Transfer,0.0,Tablet,Houston,2,101,2,Credit Card,1
3806.02,Bill Payment,8.0,Tablet,Boston,0,7,13,Credit Card,1
912.29,POS Payment,16.0,Desktop,Chicago,1,52,14,Debit Card,1
1388.1,Bill Payment,19.0,Desktop,Miami,3,53,4,Debit Card,1
4037.19,POS Payment,2.0,Tablet,Houston,3,50,2,UPI,1
2549.78,Bank Transfer,18.0,Mobile,Chicago,1,51,11,Net Banking,1
4241.91,Bill Payment,21.0,Desktop,Chicago,2,1,9,UPI,1
897.65,ATM Withdrawal,21.0,Desktop,San Francisco,1,64,5,Net Banking,1
385.38,Bill Payment,15.0,Desktop,Houston,4,87,5,Credit Card,1
1773.75,Bank Transfer,1.0,Mobile,Chicago,3,96,3,Credit Card,1
3494.28,Online Purchase,21.0,Mobile,Los Angeles,4,110,7,Invalid Method,1
4100.01,Bank Transfer,0.0,Desktop,Houston,1,97,12,Credit Card,1
2079.89,Bank Transfer,18.0,Tablet,Chicago,2,71,5,Net Banking,1
4381.31,Bill Payment,14.0,Desktop,Miami,3,62,11,Credit Card,1
1504.4,Bank Transfer,22.0,Tablet,Los Angeles,3,101,11,Net Banking,1
3888.48,Bank Transfer,22.0,Desktop,Chicago,1,74,12,UPI,1
943.1,Online Purchase,15.0,Mobile,Los Angeles,3,47,2,Debit Card,1
54.27,Bank Transfer,9.0,Mobile,Miami,4,114,8,UPI,1
2895.27,POS Payment,19.0,Tablet,Boston,0,9,9,UPI,1
2912.24,ATM Withdrawal,21.0,Desktop,New York,0,76,7,UPI,1
1386.21,Online Purchase,12.0,Mobile,Houston,2,72,5,Invalid Method,1
3277.7,Bank Transfer,5.0,Tablet,Chicago,4,31,2,Net Banking,1
4307.88,ATM Withdrawal,15.0,Tablet,Chicago,4,56,7,Net Banking,1
606.59,Bank Transfer,1.0,Mobile,Boston,0,46,3,UPI,1
314.53,POS Payment,14.0,Tablet,Los Angeles,4,27,6,Debit Card,1
2665.86,Online Purchase,17.0,Tablet,Chicago,0,25,4,Credit Card,1
2808.07,POS Payment,21.0,Desktop,Boston,2,82,4,Debit Card,1
545.56,POS Payment,6.0,Mobile,Chicago,1,49,10,Net Banking,1
2420.3,POS Payment,4.0,Desktop,Boston,0,84,8,Debit Card,1
3313.48,Bill Payment,5.0,Desktop,Boston,2,80,9,Debit Card,1
2280.68,Bank Transfer,14.0,Mobile,Houston,4,97,13,Debit Card,1
4350.33,ATM Withdrawal,22.0,Desktop,Seattle,0,14,5,Invalid Method,1
4969.0,Bank Transfer,10.0,Mobile,Boston,1,105,10,Credit Card,1
1174.62,Bill Payment,23.0,Mobile,San Francisco,4,78,9,Credit Card,1
2961.33,POS Payment,18.0,Mobile,Houston,1,17,2,UPI,1
4277.57,Online Purchase,18.0,Mobile,San Francisco,3,109,8,Debit Card,1
1893.02,Bank Transfer,8.0,Desktop,Chicago,2,44,10,Credit Card,1
2851.94,ATM Withdrawal,4.0,Desktop,Houston,0,63,5,Net Banking,1
2905.95,Online Purchase,18.0,Mobile,New York,3,85,3,Credit Card,1
3347.18,Bank Transfer,18.0,Mobile,Boston,2,12,14,Net Banking,1
3051.82,POS Payment,21.0,Tablet,Boston,2,17,6,Credit Card,1
1645.2,Bill Payment,23.0,Desktop,Chicago,1,107,4,Debit Card,1
2941.97,Bank Transfer,9.0,Tablet,Miami,2,113,1,Net Banking,1
3242.02,POS Payment,16.0,Tablet,Chicago,2,42,6,Net Banking,1
4566.29,Online Purchase,7.0,Tablet,San Francisco,3,107,4,Debit Card,1
1139.81,Bank Transfer,2.0,Tablet,Chicago,3,45,7,Credit Card,1
4306.47,Bank Transfer,17.0,Mobile,New York,2,89,8,Credit Card,1
524.89,Bill Payment,8.0,Tablet,New York,1,89,2,UPI,1
236.84,Bill Payment,16.0,Tablet,Miami,2,59,2,Credit Card,1
184.21,ATM Withdrawal,16.0,Tablet,Houston,2,23,1,Credit Card,1
3391.46,Bank Transfer,10.0,Tablet,Houston,3,88,4,Debit Card,1
2733.33,Bank Transfer,13.0,Desktop,Houston,4,85,2,UPI,1
522.69,ATM Withdrawal,22.0,Desktop,San Francisco,4,20,2,Credit Card,1
3103.03,ATM Withdrawal,0.0,Mobile,Boston,4,102,11,Net Banking,1
1317.49,Bill Payment,23.0,Tablet,Los Angeles,4,12,6,Credit Card,1
4421.06,ATM Withdrawal,8.0,Mobile,Houston,2,50,7,UPI,1
3413.68,POS Payment,3.0,Tablet,Houston,2,97,14,Credit Card,1
4007.97,POS Payment,1.0,Mobile,Chicago,4,98,12,Credit Card,1
1354.29,POS Payment,12.0,Tablet,Miami,0,66,9,UPI,1
2615.06,POS Payment,10.0,Desktop,Boston,2,75,4,Debit Card,1
2041.3,Bill Payment,17.0,Mobile,Los Angeles,1,44,13,Net Banking,1
3549.83,Bank Transfer,6.0,Desktop,Houston,0,49,12,Debit Card,1
3699.96,POS Payment,17.0,Tablet,Boston,2,26,14,UPI,1
4560.18,Bank Transfer,16.0,Mobile,Houston,1,79,11,Credit Card,1
49997.8,Bank Transfer,19.0,Mobile,Los Angeles,0,90,3,Debit Card,1
3260.11,Bill Payment,6.0,Mobile,Chicago,4,12,7,Net Banking,1
495.14,Bank Transfer,12.0,Mobile,Boston,0,65,8,Net Banking,1
4723.33,POS Payment,22.0,Mobile,Miami,2,26,5,Credit Card,1
284.22,Online Purchase,10.0,Mobile,Chicago,3,17,2,UPI,1
2208.93,Online Purchase,11.0,Mobile,Houston,3,18,4,Invalid Method,1
4368.93,Bill Payment,20.0,Mobile,Chicago,3,95,5,Credit Card,1
2255.98,POS Payment,6.0,Tablet,Boston,4,64,6,Credit Card,1
2485.35,ATM Withdrawal,10.0,Tablet,Chicago,1,100,7,Credit Card,1
2642.88,Bank Transfer,18.0,Tablet,Chicago,3,56,8,Credit Card,1
4833.15,POS Payment,11.0,Desktop,Boston,1,25,2,Net Banking,1
3394.05,Online Purchase,17.0,Tablet,Boston,3,112,3,Debit Card,1
1802.67,Online Purchase,18.0,Tablet,Boston,1,26,9,UPI,1
3285.66,POS Payment,11.0,Mobile,Chicago,1,106,1,Credit Card,1
3660.28,Online Purchase,9.0,Desktop,Los Angeles,2,34,1,Credit Card,1
3083.18,Bank Transfer,16.0,Mobile,Boston,0,113,9,Net Banking,1
3780.73,Bill Payment,16.0,Tablet,Seattle,3,108,10,Debit Card,1
1363.98,POS Payment,18.0,Tablet,Boston,4,58,1,Credit Card,1
3475.15,ATM Withdrawal,16.0,Mobile,San Francisco,3,79,6,Net Banking,1
4090.12,Bill Payment,13.0,Tablet,Boston,4,35,9,UPI,1
2969.02,Online Purchase,3.0,Desktop,Houston,1,104,7,Credit Card,1
3875.64,POS Payment,19.0,Desktop,Boston,0,68,10,UPI,1
3043.6,Bank Transfer,10.0,Tablet,Miami,3,50,1,Debit Card,1
695.17,POS Payment,14.0,Mobile,Houston,1,20,11,Credit Card,1
940.43,Bank Transfer,12.0,Mobile,San Francisco,1,88,6,Net Banking,1
4285.79,Bank Transfer,19.0,Desktop,Chicago,4,44,2,Credit Card,1
3059.99,POS Payment,14.0,Mobile,New York,2,103,1,UPI,1
2259.81,Bill Payment,15.0,Tablet,Boston,0,16,10,Debit Card,1
1075.52,POS Payment,21.0,Desktop,Chicago,1,23,10,Debit Card,1
1608.3,ATM Withdrawal,15.0,Tablet,Chicago,2,67,4,Debit Card,1
264.75,Online Purchase,19.0,Mobile,Chicago,2,21,3,Debit Card,1
132.41,ATM Withdrawal,11.0,Tablet,Boston,2,64,5,Credit Card,1
2740.06,Bank Transfer,17.0,Mobile,Houston,0,46,8,Debit Card,1
3668.13,ATM Withdrawal,7.0,Mobile,Los Angeles,2,89,12,Net Banking,1
265.69,POS Payment,12.0,Desktop,Miami,1,106,9,UPI,1
1831.14,ATM Withdrawal,13.0,Mobile,Boston,1,66,6,UPI,1
3904.22,ATM Withdrawal,13.0,Desktop,Boston,0,68,1,Invalid Method,1
878.52,Bill Payment,12.0,Desktop,Los Angeles,2,101,10,Debit Card,1
4010.85,ATM Withdrawal,18.0,Tablet,San Francisco,0,112,10,Debit Card,1
2262.86,Bill Payment,22.0,Tablet,Los Angeles,1,83,14,Net Banking,1
2378.56,Online Purchase,20.0,Desktop,New York,2,61,4,Debit Card,1
2034.14,Online Purchase,20.0,Tablet,Chicago,3,88,3,UPI,1
1745.32,POS Payment,3.0,Mobile,Miami,0,114,8,Debit Card,1
1144.85,Bank Transfer,11.0,Tablet,Houston,2,78,13,Credit Card,1
3533.84,Online Purchase,16.0,Desktop,Miami,4,70,13,Credit Card,1
729.16,Bill Payment,11.0,Desktop,Boston,4,94,3,Net Banking,1
2371.2,Online Purchase,14.0,Mobile,Miami,0,65,4,Net Banking,1
483.53,POS Payment,21.0,Desktop,Boston,4,79,8,UPI,1
2773.82,Online Purchase,16.0,Mobile,Los Angeles,4,84,2,Credit Card,1
1868.99,ATM Withdrawal,1.0,Desktop,Miami,0,113,2,Debit Card,1
4433.42,Bank Transfer,4.0,Desktop,Boston,3,2,5,Debit Card,1
1529.46,ATM Withdrawal,18.0,Tablet,Seattle,0,52,1,Debit Card,1
3664.41,Bill Payment,20.0,Desktop,Houston,3,53,11,UPI,1
1699.59,POS Payment,21.0,Tablet,San Francisco,4,68,1,Credit Card,1
898.99,Online Purchase,22.0,Tablet,San Francisco,3,73,12,Net Banking,1
902.16,Online Purchase,3.0,Tablet,Boston,2,20,5,Debit Card,1
4465.13,Online Purchase,22.0,Tablet,New York,0,11,10,Net Banking,1
4304.04,POS Payment,12.0,Mobile,Houston,4,82,8,UPI,1
2690.83,Bill Payment,19.0,Tablet,Miami,0,53,7,Debit Card,1
3506.78,POS Payment,13.0,Desktop,Chicago,0,69,11,UPI,1
737.08,Bank Transfer,17.0,Mobile,New York,4,13,3,Credit Card,1
177.47,POS Payment,19.0,Mobile,New York,1,111,2,UPI,1
3676.51,Bill Payment,20.0,Mobile,San Francisco,3,21,5,Debit Card,1
4352.62,ATM Withdrawal,23.0,Tablet,New York,3,45,8,Debit Card,1
627.61,POS Payment,11.0,Tablet,Miami,3,109,12,Credit Card,1
3850.23,ATM Withdrawal,22.0,Tablet,Los Angeles,0,67,1,Net Banking,1
892.16,Bill Payment,17.0,Desktop,Houston,0,64,2,UPI,1
3059.89,Bill Payment,23.0,Mobile,Seattle,3,14,1,Invalid Method,1
3851.06,Bank Transfer,11.0,Desktop,Chicago,1,43,11,Credit Card,1
1251.8,Online Purchase,16.0,Tablet,San Francisco,0,106,3,Debit Card,1
1994.77,Bank Transfer,19.0,Tablet,Miami,2,34,10,Credit Card,1
3691.44,POS Payment,6.0,Tablet,Boston,4,61,6,UPI,1
4762.78,Online Purchase,14.0,Desktop,Boston,2,118,7,UPI,1
1519.17,POS Payment,9.0,Tablet,Boston,0,1,6,Net Banking,1
3915.2,Bill Payment,4.0,Tablet,Boston,1,101,6,Debit Card,1
4986.08,ATM Withdrawal,11.0,Mobile,New York,0,37,4,Debit Card,1
1833.46,Bill Payment,14.0,Mobile,Los Angeles,2,82,6,Debit Card,1
4542.15,ATM Withdrawal,7.0,Mobile,Boston,0,30,13,UPI,1
3459.78,Bill Payment,8.0,Desktop,Los Angeles,2,62,8,Credit Card,1
2889.68,Online Purchase,12.0,Desktop,Boston,1,82,6,Credit Card,1
154.49,Online Purchase,11.0,Unknown Device,Boston,4,98,10,Debit Card,1
1067.72,POS Payment,1.0,Mobile,Boston,1,86,1,Net Banking,1
1002.71,Bank Transfer,18.0,Mobile,Miami,3,33,5,Invalid Method,1
1182.1,POS Payment,21.0,Desktop,Boston,0,29,12,Credit Card,1
4621.93,Online Purchase,16.0,Mobile,New York,2,37,2,Debit Card,1
4892.98,Online Purchase,21.0,Desktop,Boston,3,25,14,Debit Card,1
2788.48,POS Payment,13.0,Desktop,Boston,0,116,13,Debit Card,1
3105.59,Bank Transfer,13.0,Desktop,Houston,1,81,3,UPI,1
3939.16,POS Payment,22.0,Tablet,Boston,1,90,11,Net Banking,1
3606.26,Bill Payment,5.0,Desktop,Los Angeles,4,99,12,Debit Card,1
2005.27,Online Purchase,14.0,Desktop,Miami,0,95,6,UPI,1
2624.06,Bill Payment,12.0,Desktop,Miami,2,114,9,Debit Card,1
1533.38,Bill Payment,15.0,Mobile,Los Angeles,4,112,8,Credit Card,1
321.79,Online Purchase,18.0,Tablet,Chicago,4,53,5,Debit Card,1
910.93,Bank Transfer,17.0,Mobile,New York,2,102,10,Invalid Method,1
2347.29,ATM Withdrawal,20.0,Mobile,Houston,2,118,8,Invalid Method,1
126.92,ATM Withdrawal,20.0,Desktop,Houston,2,42,14,Credit Card,1
2440.79,POS Payment,7.0,Tablet,New York,3,118,2,Net Banking,1
1616.86,Online Purchase,1.0,Desktop,Los Angeles,3,88,3,Net Banking,1
170.68,ATM Withdrawal,9.0,Desktop,Chicago,1,51,8,UPI,1
2112.97,POS Payment,21.0,Desktop,Chicago,1,104,5,Credit Card,1
3445.81,ATM Withdrawal,14.0,Mobile,Chicago,4,84,3,Debit Card,1
4656.57,ATM Withdrawal,12.0,Mobile,Houston,3,90,4,Debit Card,1
202.56,Bank Transfer,18.0,Mobile,Chicago,1,108,5,UPI,1
4943.71,Online Purchase,11.0,Desktop,Houston,4,27,4,Credit Card,1
4599.52,Bank Transfer,7.0,Mobile,Los Angeles,2,103,4,Credit Card,1
3631.98,Bill Payment,15.0,Tablet,Los Angeles,2,21,11,UPI,1
4069.93,Online Purchase,6.0,Desktop,Boston,3,44,6,Credit Card,1
1382.23,Online Purchase,23.0,Tablet,Seattle,1,40,1,Net Banking,1
498.24,Online Purchase,11.0,Desktop,Houston,4,99,5,Debit Card,1
4345.24,POS Payment,19.0,Mobile,Chicago,2,88,11,Debit Card,1
4869.32,POS Payment,21.0,Tablet,Los Angeles,3,39,14,Net Banking,1
413.41,POS Payment,17.0,Unknown Device,Boston,3,94,14,Net Banking,1
3954.03,Bill Payment,10.0,Tablet,Houston,0,79,7,UPI,1
2107.28,Online Purchase,21.0,Mobile,Chicago,1,6,7,Debit Card,1
979.79,ATM Withdrawal,23.0,Tablet,Chicago,4,80,8,Debit Card,1
1615.69,Bank Transfer,10.0,Desktop,Boston,0,39,11,Debit Card,1
3048.46,ATM Withdrawal,15.0,Desktop,New York,3,52,2,Credit Card,1
1743.09,Bill Payment,11.0,Unknown Device,Chicago,3,38,5,UPI,1
851.91,ATM Withdrawal,19.0,Tablet,Miami,0,61,3,Net Banking,1
1078.71,ATM Withdrawal,23.0,Desktop,Miami,0,38,3,Net Banking,1
4054.65,Bill Payment,6.0,Mobile,Los Angeles,1,66,10,Net Banking,1
762.7,Online Purchase,11.0,Desktop,Chicago,4,62,12,Credit Card,1
2259.19,Bank Transfer,20.0,Desktop,Los Angeles,4,79,9,Debit Card,1
4352.68,Bank Transfer,15.0,Desktop,Los Angeles,3,35,11,Credit Card,1
586.62,Bill Payment,12.0,Desktop,New York,3,60,1,Credit Card,1
837.17,POS Payment,18.0,Mobile,Houston,1,24,10,Net Banking,1
2621.35,POS Payment,20.0,Tablet,Boston,4,115,8,Credit Card,1
3170.75,ATM Withdrawal,19.0,Desktop,San Francisco,0,105,2,Invalid Method,1
752.37,Bank Transfer,23.0,Mobile,Houston,3,112,7,Credit Card,1
814.72,POS Payment,17.0,Desktop,Boston,2,2,12,Invalid Method,1
871.09,Bill Payment,6.0,Tablet,New York,4,89,2,Debit Card,1
3213.36,Bank Transfer,11.0,Mobile,Los Angeles,2,70,1,Net Banking,1
3994.05,Online Purchase,11.0,Mobile,Houston,4,35,11,Debit Card,1
288.62,Online Purchase,16.0,Mobile,Los Angeles,4,37,11,Net Banking,1
3529.66,Online Purchase,19.0,Mobile,Miami,4,49,2,Credit Card,1
2498.4,POS Payment,14.0,Tablet,San Francisco,0,108,7,Net Banking,1
3099.63,Bank Transfer,6.0,Desktop,Boston,0,108,12,Net Banking,1
2010.98,ATM Withdrawal,20.0,Tablet,New York,0,46,8,Net Banking,1
2399.33,POS Payment,9.0,Desktop,Chicago,2,34,6,Debit Card,1
849.06,ATM Withdrawal,16.0,Mobile,Miami,1,99,12,Net Banking,1
3252.55,POS Payment,17.0,Desktop,New York,2,105,13,Net Banking,1
2046.23,Online Purchase,19.0,Mobile,New York,1,71,4,Debit Card,1
1553.93,Bill Payment,4.0,Unknown Device,Chicago,0,55,2,Debit Card,1
2417.03,ATM Withdrawal,5.0,Desktop,Boston,4,87,1,UPI,1
1992.28,POS Payment,18.0,Desktop,Seattle,0,101,11,Net Banking,1
3650.38,Online Purchase,21.0,Desktop,Houston,0,24,10,Debit Card,1
1793.73,Online Purchase,22.0,Mobile,Houston,2,1,14,Net Banking,1
317.2,POS Payment,16.0,Mobile,Chicago,4,72,5,Net Banking,1
1123.66,POS Payment,4.0,Tablet,Los Angeles,0,91,9,UPI,1
4282.27,Online Purchase,13.0,Desktop,Boston,0,27,12,Credit Card,1
2494.24,POS Payment,22.0,Tablet,Houston,3,37,3,UPI,1
1201.57,Online Purchase,10.0,Mobile,Houston,1,52,13,Net Banking,1
4602.42,Bank Transfer,19.0,Tablet,Chicago,2,85,14,Credit Card,1
2057.51,Online Purchase,18.0,Mobile,Chicago,2,61,2,Net Banking,1
4617.09,Bank Transfer,21.0,Desktop,Chicago,1,74,13,UPI,1
4552.69,Bank Transfer,12.0,Tablet,New York,1,109,14,UPI,1
3749.28,POS Payment,2.0,Desktop,Houston,4,84,3,Net Banking,1
4548.7,Online Purchase,7.0,Mobile,Chicago,3,74,5,Debit Card,1
1787.96,ATM Withdrawal,13.0,Tablet,Houston,0,35,2,UPI,1
2320.35,Bank Transfer,11.0,Tablet,Los Angeles,2,59,12,Net Banking,1
3906.01,POS Payment,19.0,Mobile,New York,1,77,10,UPI,1
1740.42,POS Payment,22.0,Desktop,Miami,4,15,10,Credit Card,1
4087.25,Bank Transfer,22.0,Desktop,New York,1,22,10,Debit Card,1
453.63,Bill Payment,18.0,Mobile,Chicago,3,109,14,Credit Card,1
604.38,Online Purchase,22.0,Tablet,Boston,4,48,5,Net Banking,1
2776.41,ATM Withdrawal,23.0,Desktop,Los Angeles,1,63,6,Invalid Method,1
2046.3,Bank Transfer,21.0,Mobile,Houston,4,56,4,Debit Card,1
3304.33,Online Purchase,21.0,Mobile,Seattle,4,50,7,Credit Card,1
2568.35,ATM Withdrawal,13.0,Desktop,Boston,1,78,6,UPI,1
733.59,Online Purchase,16.0,Desktop,Miami,1,56,12,UPI,1
4231.11,ATM Withdrawal,15.0,Desktop,San Francisco,2,118,3,UPI,1
1762.2,POS Payment,23.0,Mobile,San Francisco,1,38,10,Debit Card,1
227.17,ATM Withdrawal,14.0,Desktop,Miami,4,89,2,Net Banking,1
695.34,Online Purchase,8.0,Tablet,Los Angeles,3,64,4,UPI,1
629.38,Bank Transfer,7.0,Mobile,Boston,2,44,10,Credit Card,1
2267.11,Bank Transfer,22.0,Desktop,New York,4,82,3,Net Banking,1
3944.99,Online Purchase,1.0,Mobile,Chicago,0,27,3,Net Banking,1
203.56,POS Payment,7.0,Tablet,Miami,4,103,2,Credit Card,1
3262.7,POS Payment,9.0,Mobile,Boston,1,100,5,UPI,1
1832.33,ATM Withdrawal,6.0,Tablet,Boston,1,79,12,Debit Card,1
3178.55,Online Purchase,11.0,Desktop,Miami,4,114,13,UPI,1
3704.06,ATM Withdrawal,9.0,Tablet,Chicago,0,4,12,Credit Card,1
252.17,Bank Transfer,21.0,Mobile,Houston,3,68,11,Debit Card,1
161.99,Bank Transfer,13.0,Desktop,Chicago,0,39,2,UPI,1
2171.73,Bank Transfer,23.0,Mobile,New York,2,45,12,Net Banking,1
567.19,POS Payment,20.0,Mobile,Los Angeles,3,103,1,UPI,1
2368.75,Bank Transfer,9.0,Desktop,Boston,1,2,5,Net Banking,1
659.17,POS Payment,23.0,Desktop,Los Angeles,4,106,12,UPI,1
3550.47,ATM Withdrawal,13.0,Desktop,Los Angeles,2,56,10,Invalid Method,1
4255.36,POS Payment,19.0,Mobile,Seattle,1,77,3,Net Banking,1
136.32,Online Purchase,6.0,Mobile,Boston,2,65,4,Debit Card,1
2414.36,POS Payment,12.0,Mobile,Houston,1,44,14,UPI,1
3322.59,Bill Payment,22.0,Mobile,Chicago,0,61,10,Credit Card,1
173.88,ATM Withdrawal,10.0,Mobile,Chicago,2,26,1,UPI,1
4748.67,POS Payment,17.0,Tablet,Houston,1,61,2,Credit Card,1
2935.25,Bank Transfer,14.0,Mobile,New York,3,81,9,Net Banking,1
3136.86,ATM Withdrawal,15.0,Tablet,Houston,4,61,10,UPI,1
3805.57,Online Purchase,17.0,Tablet,New York,2,79,10,Debit Card,1
2228.04,ATM Withdrawal,12.0,Tablet,Los Angeles,4,48,7,Net Banking,1
2603.84,Bill Payment,16.0,Mobile,Miami,2,85,12,Net Banking,1
4057.49,Online Purchase,21.0,Unknown Device,Miami,3,22,13,Net Banking,1
3398.62,Bill Payment,18.0,Desktop,Chicago,0,48,6,Credit Card,1
2719.36,POS Payment,11.0,Desktop,New York,3,88,8,UPI,1
1833.7,ATM Withdrawal,2.0,Tablet,Houston,1,68,5,Credit Card,1
1649.94,Bank Transfer,21.0,Tablet,Los Angeles,0,48,14,Net Banking,1
2549.06,Bank Transfer,7.0,Tablet,Houston,1,25,5,Credit Card,1
4058.84,Bank Transfer,5.0,Mobile,San Francisco,2,114,2,Debit Card,1
3942.81,ATM Withdrawal,9.0,Mobile,Chicago,4,51,9,Credit Card,1
3581.11,Bank Transfer,20.0,Mobile,Miami,2,80,13,Credit Card,1
1994.92,POS Payment,12.0,Desktop,San Francisco,3,69,3,Net Banking,1
651.52,Online Purchase,5.0,Desktop,Houston,1,48,7,Debit Card,1
1591.85,POS Payment,7.0,Mobile,Houston,2,110,13,UPI,1
2012.34,Bill Payment,0.0,Tablet,Chicago,4,114,7,Net Banking,1
767.74,Online Purchase,23.0,Desktop,Boston,4,48,1,Debit Card,1
889.83,Bank Transfer,11.0,Tablet,Boston,0,2,7,Invalid Method,1
3124.83,Bill Payment,8.0,Tablet,Chicago,2,36,4,Debit Card,1
4610.16,ATM Withdrawal,17.0,Desktop,Houston,1,79,7,Invalid Method,1
765.83,POS Payment,14.0,Mobile,Miami,2,19,4,Net Banking,1
1621.06,POS Payment,13.0,Mobile,Houston,4,114,2,Debit Card,1
3916.27,Bill Payment,11.0,Mobile,Boston,1,110,5,Debit Card,1
21.6,Online Purchase,9.0,Mobile,Los Angeles,4,69,4,UPI,1
3644.16,Bank Transfer,15.0,Desktop,Chicago,1,51,1,UPI,1
3058.72,POS Payment,2.0,Desktop,Boston,1,27,8,UPI,1
915.02,POS Payment,14.0,Desktop,Los Angeles,0,54,4,Credit Card,1
3312.76,Bank Transfer,19.0,Tablet,Boston,0,76,5,Net Banking,1
4522.99,Online Purchase,3.0,Mobile,Chicago,3,52,3,Net Banking,1
3131.18,Online Purchase,16.0,Tablet,Los Angeles,2,114,5,UPI,1
4565.57,Bill Payment,21.0,Desktop,New York,2,13,6,Credit Card,1
2161.71,POS Payment,6.0,Mobile,Miami,3,108,7,Net Banking,1
4493.94,Bill Payment,4.0,Desktop,Chicago,0,69,3,Debit Card,1
139.71,POS Payment,15.0,Mobile,Boston,2,86,10,Net Banking,1
188.03,ATM Withdrawal,11.0,Tablet,Los Angeles,1,47,6,Net Banking,1
2784.6,Bank Transfer,15.0,Desktop,New York,0,99,3,Net Banking,1
3938.68,ATM Withdrawal,7.0,Mobile,Boston,4,98,14,Net Banking,1
2421.12,Online Purchase,14.0,Desktop,Houston,1,26,5,UPI,1
3341.81,Bank Transfer,12.0,Mobile,Chicago,1,94,9,Net Banking,1
4477.8,Online Purchase,23.0,Desktop,Houston,4,77,2,Debit Card,1
3347.47,Bill Payment,21.0,Desktop,Chicago,2,6,7,Debit Card,1
4058.82,POS Payment,14.0,Desktop,San Francisco,1,105,7,Net Banking,1
2493.95,Online Purchase,14.0,Desktop,Boston,2,11,10,UPI,1
307.99,Bill Payment,13.0,Unknown Device,Boston,0,95,7,Debit Card,1
967.03,Bill Payment,19.0,Desktop,Miami,1,74,11,Net Banking,1
215.01,ATM Withdrawal,22.0,Mobile,Seattle,0,61,3,Net Banking,1
913.28,POS Payment,8.0,Tablet,Miami,4,101,4,Credit Card,1
4801.66,Online Purchase,20.0,Tablet,Los Angeles,4,101,3,Invalid Method,1
1473.01,ATM Withdrawal,9.0,Tablet,Boston,4,74,12,Credit Card,1
2100.9,POS Payment,10.0,Tablet,Houston,0,52,8,UPI,1
868.8,ATM Withdrawal,8.0,Tablet,Chicago,0,43,4,Debit Card,1
866.76,POS Payment,6.0,Mobile,Boston,0,79,7,Debit Card,1
1800.68,Bank Transfer,2.0,Desktop,Chicago,3,71,9,Credit Card,1
1390.0,POS Payment,12.0,Mobile,Houston,3,40,5,Net Banking,1
3250.53,Bill Payment,4.0,Mobile,Chicago,4,106,10,Net Banking,1
1555.4,Bill Payment,22.0,Mobile,Chicago,0,94,11,UPI,1
1126.64,Bank Transfer,18.0,Mobile,Chicago,3,71,3,Net Banking,1
4347.01,Bank Transfer,15.0,Desktop,Miami,2,102,14,Net Banking,1
4053.91,Bank Transfer,10.0,Tablet,Chicago,1,62,12,Net Banking,1
1884.3,Bill Payment,11.0,Tablet,Los Angeles,3,91,5,Credit Card,1
3355.06,POS Payment,15.0,Desktop,Chicago,0,28,2,UPI,1
4927.82,POS Payment,3.0,Unknown Device,Miami,3,78,2,Credit Card,1
4990.59,Bill Payment,10.0,Desktop,Houston,2,70,7,Net Banking,1
740.29,Online Purchase,19.0,Desktop,Houston,3,82,2,Credit Card,1
4966.47,Online Purchase,3.0,Tablet,Los Angeles,2,117,14,UPI,1
1746.82,Online Purchase,16.0,Mobile,Miami,4,95,8,Debit Card,1
3317.81,Online Purchase,13.0,Tablet,Los Angeles,4,106,10,UPI,1
2005.05,ATM Withdrawal,17.0,Desktop,Chicago,0,112,11,UPI,1
387.44,POS Payment,12.0,Desktop,Boston,1,26,11,Credit Card,1
1496.6,POS Payment,1.0,Desktop,Chicago,3,112,6,Debit Card,1
3652.76,POS Payment,23.0,Mobile,New York,2,54,3,Debit Card,1
1044.57,ATM Withdrawal,6.0,Mobile,Los Angeles,4,93,2,Net Banking,1
4901.0,Bank Transfer,13.0,Unknown Device,Houston,1,59,7,Debit Card,1
4736.75,Online Purchase,16.0,Desktop,Boston,0,56,13,Net Banking,1
2852.23,ATM Withdrawal,19.0,Mobile,Miami,3,118,7,Credit Card,1
1290.7,POS Payment,7.0,Tablet,Boston,1,113,6,Credit Card,1
1989.91,POS Payment,6.0,Desktop,Houston,0,60,7,Debit Card,1
3914.73,POS Payment,17.0,Mobile,Seattle,4,105,11,Net Banking,1
1426.19,ATM Withdrawal,16.0,Mobile,New York,2,56,6,Net Banking,1
4547.67,ATM Withdrawal,20.0,Mobile,Boston,1,12,14,UPI,1
1836.07,POS Payment,0.0,Mobile,Los Angeles,2,69,2,Credit Card,1
4590.12,Online Purchase,22.0,Tablet,Seattle,3,33,2,Net Banking,1
3282.22,Bill Payment,23.0,Mobile,Chicago,4,17,2,UPI,1
3633.15,Bank Transfer,0.0,Tablet,Houston,1,86,11,Net Banking,1
4586.66,Bank Transfer,16.0,Tablet,Houston,1,82,7,Debit Card,1
4632.52,ATM Withdrawal,13.0,Mobile,New York,4,85,12,Credit Card,1
2662.6,Bill Payment,12.0,Tablet,Los Angeles,4,70,6,Credit Card,1
2451.64,POS Payment,10.0,Tablet,Miami,4,110,8,Debit Card,1
3407.64,POS Payment,3.0,Tablet,Boston,1,4,1,Net Banking,1
3503.63,Bank Transfer,5.0,Desktop,Houston,4,33,4,Net Banking,1
3389.71,POS Payment,19.0,Mobile,Los Angeles,3,41,14,Net Banking,1
1254.82,Online Purchase,21.0,Tablet,Seattle,3,33,2,Debit Card,1
1031.63,POS Payment,19.0,Mobile,Boston,0,86,2,UPI,1
4062.45,Bank Transfer,8.0,Mobile,Chicago,1,103,14,Net Banking,1
3083.39,ATM Withdrawal,23.0,Tablet,Boston,3,117,6,Credit Card,1
1483.15,ATM Withdrawal,3.0,Tablet,Boston,4,35,4,Debit Card,1
1312.06,Bank Transfer,9.0,Desktop,Miami,3,106,5,Credit Card,1
4371.74,Bank Transfer,15.0,Mobile,Houston,0,108,13,UPI,1
4614.6,Online Purchase,2.0,Mobile,Boston,1,40,10,Debit Card,1
217.53,Bank Transfer,21.0,Tablet,Chicago,0,44,11,Debit Card,1
1300.33,Bank Transfer,22.0,Desktop,Los Angeles,1,64,1,Net Banking,1
3583.51,Online Purchase,22.0,Desktop,Miami,0,99,9,Debit Card,1
2816.38,Online Purchase,14.0,Desktop,San Francisco,1,83,6,Debit Card,1
397.25,Bill Payment,11.0,Tablet,San Francisco,4,115,1,UPI,1
3481.78,ATM Withdrawal,15.0,Desktop,Houston,1,48,11,Net Banking,1
3421.69,ATM Withdrawal,15.0,Tablet,Seattle,1,43,1,UPI,1
2869.49,Online Purchase,9.0,Desktop,Chicago,0,17,10,UPI,1
4529.5,POS Payment,19.0,Mobile,Chicago,4,33,4,Credit Card,1
1392.48,Online Purchase,3.0,Tablet,Los Angeles,2,97,6,Credit Card,1
2207.17,ATM Withdrawal,7.0,Desktop,Miami,0,73,4,Debit Card,1
2984.28,POS Payment,17.0,Tablet,Houston,3,90,6,Credit Card,1
613.89,POS Payment,16.0,Unknown Device,Seattle,0,72,3,Net Banking,1
4341.74,Bill Payment,16.0,Desktop,Houston,4,118,6,Debit Card,1
1851.42,Bill Payment,14.0,Tablet,New York,2,33,3,Net Banking,1
703.04,Bill Payment,20.0,Desktop,Boston,1,69,10,Credit Card,1
2392.5,POS Payment,5.0,Mobile,Chicago,3,103,5,Net Banking,1
849.62,ATM Withdrawal,4.0,Desktop,Chicago,2,110,1,Net Banking,1
2990.6,Bill Payment,9.0,Mobile,Chicago,2,91,7,Credit Card,1
3985.9,Bill Payment,20.0,Mobile,Boston,3,13,13,UPI,1
967.43,Online Purchase,14.0,Tablet,Los Angeles,0,105,2,Credit Card,1
4550.3,Bank Transfer,17.0,Mobile,Seattle,0,71,5,Net Banking,1
2730.65,Bank Transfer,13.0,Tablet,Chicago,3,60,1,Net Banking,1
3929.46,Bill Payment,4.0,Desktop,Boston,1,73,5,Invalid Method,1
2229.24,Bank Transfer,23.0,Desktop,Miami,1,46,7,UPI,1
4687.74,ATM Withdrawal,19.0,Tablet,Los Angeles,1,57,1,UPI,1
2601.41,POS Payment,5.0,Desktop,Chicago,4,3,6,Credit Card,1
3399.89,Bill Payment,22.0,Tablet,Chicago,2,26,7,UPI,1
4864.92,Bank Transfer,12.0,Mobile,Seattle,1,83,5,Credit Card,1
3848.91,Online Purchase,6.0,Desktop,Los Angeles,0,36,3,Credit Card,1
4554.92,POS Payment,23.0,Mobile,Houston,3,25,8,Credit Card,1
548.22,ATM Withdrawal,18.0,Desktop,Chicago,2,47,4,Debit Card,1
4161.68,ATM Withdrawal,17.0,Desktop,New York,1,19,1,Credit Card,1
4699.48,POS Payment,15.0,Desktop,Miami,0,41,4,Net Banking,1
2252.25,ATM Withdrawal,7.0,Mobile,New York,2,116,3,Credit Card,1
1394.06,ATM Withdrawal,22.0,Mobile,Houston,0,37,14,UPI,1
3245.95,Online Purchase,3.0,Mobile,Chicago,3,84,4,Net Banking,1
4202.26,POS Payment,19.0,Tablet,Houston,3,49,11,Net Banking,1
2330.18,ATM Withdrawal,14.0,Tablet,Chicago,4,11,7,Debit Card,1
2558.09,POS Payment,23.0,Desktop,Boston,3,79,13,Invalid Method,1
2123.84,Bill Payment,18.0,Mobile,Seattle,2,118,7,Net Banking,1
4585.92,Online Purchase,14.0,Desktop,Chicago,3,65,2,UPI,1
3929.1,Bank Transfer,19.0,Unknown Device,Chicago,2,62,11,Credit Card,1
207.0,ATM Withdrawal,12.0,Desktop,Chicago,2,70,5,Credit Card,1
3514.68,ATM Withdrawal,18.0,Mobile,Miami,1,36,2,Credit Card,1
2538.63,Bill Payment,13.0,Mobile,Miami,2,113,1,Credit Card,1
3021.5,POS Payment,5.0,Mobile,Chicago,3,62,5,Net Banking,1
3446.45,Bill Payment,16.0,Mobile,Chicago,4,5,2,Credit Card,1
4999.16,ATM Withdrawal,14.0,Unknown Device,San Francisco,0,84,1,UPI,1
16.94,ATM Withdrawal,9.0,Mobile,Chicago,0,6,7,UPI,1
3056.69,POS Payment,18.0,Desktop,Chicago,4,25,10,Invalid Method,1
1795.07,Bank Transfer,23.0,Desktop,Miami,1,25,1,Credit Card,1
2009.06,Bill Payment,19.0,Tablet,New York,4,109,11,Net Banking,1
4147.01,POS Payment,20.0,Desktop,Seattle,4,98,3,Debit Card,1
2664.15,ATM Withdrawal,5.0,Tablet,Boston,3,36,9,UPI,1
4951.16,Online Purchase,18.0,Mobile,New York,1,11,8,UPI,1
4527.95,Online Purchase,12.0,Tablet,Chicago,0,2,14,UPI,1
4517.71,ATM Withdrawal,5.0,Tablet,Los Angeles,0,28,6,UPI,1
420.51,ATM Withdrawal,17.0,Tablet,Miami,4,85,5,Debit Card,1
3101.18,Bill Payment,15.0,Mobile,New York,3,83,11,Debit Card,1
1968.42,Online Purchase,19.0,Tablet,Miami,1,29,2,UPI,1
3879.41,Online Purchase,17.0,Desktop,Boston,1,98,4,Debit Card,1
560.05,Bill Payment,17.0,Desktop,Houston,2,56,11,Credit Card,1
1970.61,Online Purchase,16.0,Desktop,San Francisco,2,87,7,UPI,1
49997.8,Bank Transfer,12.0,Tablet,San Francisco,2,114,11,UPI,1
4518.29,Bill Payment,18.0,Mobile,Los Angeles,4,45,6,Debit Card,1
826.96,Online Purchase,18.0,Desktop,Boston,4,113,14,Credit Card,1
4426.8,Bank Transfer,18.0,Mobile,Los Angeles,1,28,7,Credit Card,1
907.77,Online Purchase,15.0,Unknown Device,Chicago,3,9,10,Invalid Method,1
3009.46,Bill Payment,5.0,Mobile,Houston,1,79,9,Net Banking,1
3684.09,Bill Payment,13.0,Desktop,Boston,4,26,8,Net Banking,1
2086.97,Bank Transfer,7.0,Tablet,Houston,3,90,2,Net Banking,1
433.39,ATM Withdrawal,12.0,Desktop,Chicago,4,42,1,UPI,1
3438.03,Bank Transfer,22.0,Mobile,New York,4,105,5,Net Banking,1
4212.75,Bank Transfer,14.0,Tablet,Boston,2,8,10,Credit Card,1
4267.65,Bill Payment,21.0,Mobile,San Francisco,4,91,2,UPI,1
146.2,Bank Transfer,23.0,Mobile,Los Angeles,2,23,8,Net Banking,1
1533.38,POS Payment,16.0,Mobile,Seattle,4,70,1,Credit Card,1
1795.82,POS Payment,23.0,Desktop,Houston,4,9,13,Debit Card,1
3340.57,Bill Payment,4.0,Unknown Device,Houston,3,118,3,Net Banking,1
2178.92,Bank Transfer,21.0,Tablet,Boston,0,2,7,Debit Card,1
3353.9,POS Payment,15.0,Mobile,Los Angeles,0,63,13,UPI,1
947.17,ATM Withdrawal,4.0,Desktop,Houston,1,80,11,Credit Card,1
2059.0,Bill Payment,22.0,Desktop,Boston,0,73,1,UPI,1
2619.95,Online Purchase,7.0,Tablet,Houston,0,100,12,Net Banking,1
932.64,POS Payment,5.0,Tablet,Miami,0,117,8,UPI,1
2517.14,POS Payment,19.0,Mobile,Boston,2,20,7,Net Banking,1
1365.7,ATM Withdrawal,21.0,Desktop,San Francisco,0,45,1,Debit Card,1
1662.66,POS Payment,7.0,Mobile,Chicago,3,65,11,UPI,1
2876.19,POS Payment,20.0,Tablet,San Francisco,4,110,7,Net Banking,1
2685.97,Online Purchase,18.0,Desktop,Houston,2,62,3,Debit Card,1
1165.68,POS Payment,8.0,Tablet,Miami,2,116,5,Net Banking,1
3673.01,Bill Payment,19.0,Tablet,Seattle,0,86,8,Debit Card,1
398.68,Bill Payment,7.0,Unknown Device,Houston,2,97,7,Debit Card,1
2221.23,POS Payment,13.0,Desktop,Miami,0,56,3,Credit Card,1
696.54,POS Payment,21.0,Tablet,Los Angeles,3,113,8,Credit Card,1
3672.86,ATM Withdrawal,12.0,Mobile,Houston,1,73,2,Net Banking,1
4542.53,POS Payment,9.0,Tablet,Houston,2,104,14,UPI,1
3411.16,ATM Withdrawal,23.0,Mobile,Chicago,2,41,10,UPI,1
1345.49,Bill Payment,4.0,Mobile,Boston,0,106,13,UPI,1
2316.88,ATM Withdrawal,13.0,Desktop,Miami,1,98,8,UPI,1
1810.0,POS Payment,16.0,Mobile,Los Angeles,1,83,2,Credit Card,1
4153.8,Bank Transfer,4.0,Tablet,Los Angeles,0,63,6,Credit Card,1
3444.4,Bill Payment,4.0,Tablet,Chicago,3,33,3,UPI,1
2198.02,Bank Transfer,21.0,Tablet,Seattle,0,90,5,Debit Card,1
4585.3,Bank Transfer,15.0,Tablet,Houston,2,106,8,Credit Card,1
1878.87,Online Purchase,4.0,Mobile,Boston,2,85,12,Credit Card,1
2683.43,ATM Withdrawal,4.0,Mobile,Houston,1,40,7,Net Banking,1
1445.42,Bill Payment,19.0,Desktop,Houston,3,26,13,Credit Card,1
4947.13,Bill Payment,17.0,Desktop,New York,3,67,2,Credit Card,1
26.35,POS Payment,17.0,Desktop,Boston,3,79,8,Debit Card,1
248.55,Bank Transfer,12.0,Mobile,Miami,2,53,4,Net Banking,1
4047.02,POS Payment,19.0,Desktop,Houston,2,1,11,Debit Card,1
776.15,Bank Transfer,4.0,Mobile,Chicago,2,71,1,UPI,1
209.77,Online Purchase,17.0,Unknown Device,Boston,3,119,4,UPI,1
112.51,POS Payment,9.0,Desktop,Houston,0,74,1,Net Banking,1
2675.37,Bill Payment,17.0,Desktop,Houston,1,53,5,Debit Card,1
4496.69,POS Payment,19.0,Mobile,Boston,0,97,1,Net Banking,1
4371.37,Bank Transfer,6.0,Tablet,Miami,3,116,8,Net Banking,1
4061.85,POS Payment,4.0,Desktop,Boston,4,116,12,UPI,1
3042.55,POS Payment,16.0,Tablet,Seattle,0,101,10,Credit Card,1
941.88,Bill Payment,20.0,Mobile,Miami,0,18,4,UPI,1
4344.82,Bill Payment,15.0,Desktop,Los Angeles,0,68,7,Debit Card,1
3814.85,POS Payment,22.0,Desktop,Houston,3,85,8,UPI,1
3064.23,ATM Withdrawal,16.0,Tablet,Seattle,3,112,2,Credit Card,1
2659.23,Bank Transfer,22.0,Tablet,Miami,3,16,2,Net Banking,1
3987.13,Online Purchase,20.0,Desktop,Houston,0,91,12,UPI,1
3718.16,ATM Withdrawal,17.0,Desktop,Chicago,0,71,12,Net Banking,1
1550.24,Online Purchase,22.0,Mobile,Los Angeles,0,30,13,Net Banking,1
4054.66,Online Purchase,12.0,Tablet,San Francisco,0,113,6,Debit Card,1
1163.66,Bank Transfer,17.0,Mobile,Miami,3,61,6,Debit Card,1
1553.93,Online Purchase,21.0,Tablet,Houston,3,67,5,Debit Card,1
3687.11,Online Purchase,11.0,Mobile,Boston,3,68,9,Credit Card,1
472.23,Bank Transfer,10.0,Mobile,Chicago,0,14,8,Net Banking,1
2407.08,Bill Payment,16.0,Tablet,San Francisco,3,103,8,Net Banking,1
2033.46,Bill Payment,22.0,Mobile,Los Angeles,1,81,9,Net Banking,1
410.12,Online Purchase,4.0,Desktop,Chicago,0,93,5,UPI,1
4438.37,Bank Transfer,15.0,Tablet,Boston,1,95,12,Credit Card,1
49.5,POS Payment,23.0,Desktop,Houston,1,77,9,Debit Card,1
4160.21,Online Purchase,8.0,Mobile,Los Angeles,4,8,1,Net Banking,1
108.16,Online Purchase,19.0,Tablet,San Francisco,4,112,13,Net Banking,1
4212.81,Bank Transfer,10.0,Mobile,Boston,2,41,8,UPI,1
436.09,Bill Payment,3.0,Tablet,Chicago,3,91,8,UPI,1
931.33,ATM Withdrawal,23.0,Desktop,New York,4,113,11,Net Banking,1
3205.52,Bill Payment,16.0,Desktop,New York,4,22,5,UPI,1
3530.37,Bill Payment,1.0,Tablet,Los Angeles,3,68,5,Net Banking,1
3132.75,POS Payment,2.0,Mobile,Boston,3,47,1,Credit Card,1
1394.41,ATM Withdrawal,19.0,Tablet,Boston,4,75,10,Credit Card,1
3580.68,Bank Transfer,7.0,Mobile,Boston,2,23,1,UPI,1
1963.92,POS Payment,15.0,Tablet,Miami,1,90,1,Debit Card,1
295.83,Bank Transfer,23.0,Desktop,Boston,0,54,5,Debit Card,1
4552.5,Bill Payment,9.0,Tablet,San Francisco,1,108,4,Debit Card,1
4491.89,POS Payment,17.0,Mobile,Miami,3,52,11,Credit Card,1
834.07,POS Payment,16.0,Mobile,Chicago,2,3,8,UPI,1
1289.89,Bill Payment,14.0,Mobile,New York,0,60,7,UPI,1
839.15,POS Payment,9.0,Tablet,Chicago,4,119,10,UPI,1
1173.42,ATM Withdrawal,11.0,Tablet,Houston,3,66,8,Credit Card,1
2743.83,POS Payment,18.0,Mobile,Boston,1,94,1,Debit Card,1
4969.0,Online Purchase,1.0,Mobile,New York,3,119,6,UPI,1
1923.62,ATM Withdrawal,20.0,Desktop,Seattle,3,35,2,Net Banking,1
4660.11,ATM Withdrawal,5.0,Desktop,Chicago,2,67,4,Net Banking,1
3344.27,ATM Withdrawal,10.0,Desktop,Chicago,1,70,2,Net Banking,1
2344.93,POS Payment,7.0,Tablet,New York,3,101,1,Debit Card,1
255.77,Bank Transfer,3.0,Mobile,Boston,1,92,5,Debit Card,1
4501.29,Bank Transfer,17.0,Tablet,Chicago,4,32,5,UPI,1
3026.98,Online Purchase,17.0,Desktop,Los Angeles,0,47,8,Net Banking,1
1911.65,Online Purchase,7.0,Desktop,Chicago,1,56,9,Debit Card,1
814.89,Online Purchase,20.0,Tablet,Los Angeles,0,71,8,Debit Card,1
4833.37,POS Payment,21.0,Desktop,Houston,2,85,2,UPI,1
2787.55,ATM Withdrawal,0.0,Mobile,Chicago,2,118,12,Credit Card,1
3140.68,Bill Payment,19.0,Desktop,New York,0,68,12,UPI,1
3990.0,ATM Withdrawal,9.0,Unknown Device,Miami,4,73,4,Debit Card,1
1584.98,Online Purchase,11.0,Desktop,Houston,2,50,6,Debit Card,1
4546.57,Bill Payment,20.0,Mobile,New York,0,29,7,UPI,1
3564.84,ATM Withdrawal,19.0,Desktop,Houston,4,84,12,UPI,1
2641.13,POS Payment,15.0,Mobile,Houston,3,56,1,Debit Card,1
2500.66,POS Payment,15.0,Desktop,Houston,0,55,6,Net Banking,1
3860.04,Bank Transfer,19.0,Tablet,Chicago,3,11,12,Net Banking,1
4114.06,Bill Payment,2.0,Mobile,Chicago,4,85,13,Credit Card,1
4546.33,POS Payment,11.0,Mobile,Miami,4,61,9,Net Banking,1
4191.67,POS Payment,19.0,Unknown Device,Miami,0,17,14,Net Banking,1
73.58,ATM Withdrawal,10.0,Mobile,Boston,3,91,4,Credit Card,1
273.83,POS Payment,4.0,Tablet,Los Angeles,1,80,2,UPI,1
4639.12,Online Purchase,1.0,Mobile,Boston,3,52,2,Debit Card,1
105.57,Bill Payment,18.0,Mobile,Los Angeles,0,71,8,Credit Card,1
2442.18,POS Payment,16.0,Mobile,Chicago,2,30,6,UPI,1
4960.95,POS Payment,17.0,Mobile,San Francisco,4,95,1,UPI,1
3609.05,Online Purchase,20.0,Mobile,Boston,4,22,11,Net Banking,1
60.32,Online Purchase,22.0,Tablet,Los Angeles,1,12,2,Net Banking,1
2640.69,ATM Withdrawal,23.0,Mobile,Houston,2,112,13,Credit Card,1
3592.63,Bank Transfer,22.0,Mobile,Houston,2,26,8,Credit Card,1
4454.8,Bill Payment,17.0,Mobile,Seattle,0,24,2,Debit Card,1
3752.04,ATM Withdrawal,22.0,Unknown Device,Chicago,2,83,2,Debit Card,1
1912.81,Bank Transfer,16.0,Desktop,Chicago,4,1,11,Net Banking,1
4746.58,Online Purchase,6.0,Mobile,Houston,0,83,5,Net Banking,1
4770.57,ATM Withdrawal,2.0,Desktop,Houston,0,112,9,UPI,1
1058.37,ATM Withdrawal,19.0,Tablet,Miami,4,3,7,Credit Card,1
2228.89,Bill Payment,23.0,Unknown Device,Miami,1,36,14,Debit Card,1
965.22,POS Payment,18.0,Tablet,Boston,1,9,11,Credit Card,1
3575.99,Online Purchase,21.0,Mobile,Chicago,4,68,4,Credit Card,1
1742.47,Online Purchase,12.0,Desktop,Houston,4,113,1,Credit Card,1
590.98,POS Payment,14.0,Tablet,Houston,2,49,2,UPI,1
3779.6,Online Purchase,19.0,Desktop,New York,3,92,7,Debit Card,1
1275.79,Online Purchase,15.0,Mobile,Houston,1,64,13,Net Banking,1
4588.19,Online Purchase,20.0,Tablet,Boston,0,3,9,UPI,1
4117.4,Online Purchase,12.0,Tablet,Los Angeles,0,110,13,Debit Card,1
2654.64,Online Purchase,20.0,Mobile,New York,1,112,11,Credit Card,1
3111.5,Bill Payment,23.0,Tablet,Chicago,4,9,11,UPI,1
4377.41,Online Purchase,13.0,Mobile,Seattle,1,76,3,Net Banking,1
2141.98,Bill Payment,0.0,Desktop,Houston,2,74,7,Debit Card,1
581.32,Bill Payment,19.0,Tablet,Los Angeles,1,110,8,Net Banking,1
49997.8,Bank Transfer,4.0,Desktop,San Francisco,4,110,13,Debit Card,1
236.9,Bank Transfer,6.0,Mobile,Los Angeles,4,80,4,UPI,1
4646.52,Bank Transfer,7.0,Tablet,Boston,4,67,9,Credit Card,1
4992.81,Bill Payment,14.0,Tablet,Boston,4,46,2,Credit Card,1
4451.19,Bill Payment,12.0,Desktop,Los Angeles,1,2,9,UPI,1
679.29,Online Purchase,18.0,Mobile,Boston,1,43,12,Credit Card,1
4585.6,POS Payment,16.0,Mobile,Boston,1,54,1,Debit Card,1
4003.32,Online Purchase,9.0,Desktop,Miami,1,41,2,Net Banking,1
3987.93,ATM Withdrawal,21.0,Tablet,Miami,0,42,10,Net Banking,1
3176.92,Bank Transfer,19.0,Desktop,New York,3,23,6,Net Banking,1
4854.02,POS Payment,18.0,Desktop,New York,4,43,1,Net Banking,1
2220.82,Bank Transfer,18.0,Desktop,Houston,1,27,8,Credit Card,1
247.17,Bank Transfer,10.0,Tablet,Miami,4,81,3,UPI,1
4112.2,Bill Payment,21.0,Mobile,Boston,1,109,11,Credit Card,1
4007.8,Bank Transfer,19.0,Desktop,Los Angeles,2,116,1,Debit Card,1
4620.7,Bill Payment,15.0,Desktop,Chicago,3,59,13,Debit Card,1
699.28,Bank Transfer,11.0,Desktop,Chicago,2,4,5,Credit Card,1
3188.18,Bill Payment,21.0,Tablet,Boston,1,70,5,Net Banking,1
4440.05,Bank Transfer,13.0,Tablet,Boston,4,113,6,Invalid Method,1
649.42,Online Purchase,22.0,Tablet,Houston,1,72,3,Debit Card,1
4328.76,Bill Payment,9.0,Mobile,Houston,1,59,11,UPI,1
1282.13,Bill Payment,17.0,Tablet,Los Angeles,3,65,3,Net Banking,1
1596.97,ATM Withdrawal,18.0,Mobile,Chicago,4,98,9,UPI,1
4478.37,Bank Transfer,19.0,Desktop,Boston,1,106,12,Debit Card,1
1450.67,Online Purchase,19.0,Desktop,Seattle,2,85,7,Credit Card,1
629.16,ATM Withdrawal,16.0,Tablet,San Francisco,1,116,11,Debit Card,1
3231.47,Bank Transfer,22.0,Desktop,Boston,1,81,8,Debit Card,1
2848.4,Bill Payment,15.0,Mobile,Chicago,1,22,3,Credit Card,1
2547.76,ATM Withdrawal,21.0,Mobile,New York,2,63,6,Credit Card,1
4382.14,Bill Payment,16.0,Mobile,Boston,4,24,3,Net Banking,1
1070.98,ATM Withdrawal,23.0,Unknown Device,Los Angeles,2,60,9,UPI,1
3720.88,POS Payment,10.0,Mobile,Boston,2,84,13,Debit Card,1
2147.97,ATM Withdrawal,10.0,Desktop,Los Angeles,0,88,6,UPI,1
4986.37,POS Payment,21.0,Desktop,Houston,4,40,1,Credit Card,1
752.71,Online Purchase,15.0,Tablet,Miami,1,80,1,Debit Card,1
3160.13,Bank Transfer,12.0,Mobile,Miami,3,96,14,UPI,1
2559.45,ATM Withdrawal,14.0,Mobile,Boston,0,16,3,Net Banking,1
2395.26,Online Purchase,9.0,Tablet,Chicago,0,34,5,Net Banking,1
4262.42,Online Purchase,11.0,Desktop,New York,1,111,6,UPI,1
3780.33,Online Purchase,17.0,Desktop,Los Angeles,2,99,3,Invalid Method,1
2735.15,Bank Transfer,3.0,Tablet,Chicago,1,89,1,UPI,1
3981.44,Bill Payment,9.0,Tablet,Boston,2,11,10,Credit Card,1
4916.35,ATM Withdrawal,11.0,Tablet,Houston,1,21,11,Debit Card,1
2661.59,POS Payment,8.0,Mobile,Houston,1,44,7,UPI,1
174.23,ATM Withdrawal,16.0,Desktop,Los Angeles,1,101,6,Credit Card,1
611.78,ATM Withdrawal,10.0,Tablet,Boston,3,41,11,Credit Card,1
3784.88,Bank Transfer,15.0,Desktop,Los Angeles,1,102,2,UPI,1
2327.04,Online Purchase,14.0,Mobile,New York,1,83,4,Credit Card,1
1530.66,ATM Withdrawal,10.0,Desktop,Chicago,2,76,11,UPI,1
3783.62,Bank Transfer,0.0,Desktop,Boston,0,42,1,Net Banking,1
1735.51,Bill Payment,1.0,Desktop,Chicago,1,17,3,Debit Card,1
3072.56,ATM Withdrawal,15.0,Desktop,Miami,0,61,1,Credit Card,1
3904.76,ATM Withdrawal,21.0,Mobile,San Francisco,2,80,3,UPI,1
3803.44,Bank Transfer,14.0,Tablet,Los Angeles,4,46,5,Net Banking,1
4857.48,POS Payment,18.0,Mobile,Boston,4,71,13,UPI,1
4716.69,ATM Withdrawal,8.0,Tablet,Miami,3,92,6,Net Banking,1
4313.71,Bank Transfer,0.0,Mobile,Houston,2,58,2,Debit Card,1
3442.69,Bank Transfer,23.0,Mobile,Boston,2,15,14,Debit Card,1
3126.45,Online Purchase,22.0,Desktop,Miami,1,101,12,UPI,1
4243.62,ATM Withdrawal,20.0,Mobile,New York,4,79,8,UPI,1
3056.4,Bill Payment,4.0,Desktop,Boston,0,67,6,Credit Card,1
2652.25,Bank Transfer,5.0,Desktop,Chicago,4,78,6,UPI,1
228.44,ATM Withdrawal,22.0,Mobile,Boston,2,97,4,Debit Card,1
3525.68,Online Purchase,17.0,Mobile,Los Angeles,2,40,5,Net Banking,1
912.26,POS Payment,14.0,Desktop,New York,0,50,2,UPI,1
3463.68,Bill Payment,12.0,Desktop,New York,2,74,10,Debit Card,1
981.31,POS Payment,15.0,Tablet,Houston,1,88,11,Debit Card,1
2455.82,Bank Transfer,6.0,Desktop,Los Angeles,1,118,1,Credit Card,1
1129.81,Online Purchase,10.0,Tablet,Los Angeles,2,51,7,Net Banking,1
1161.43,Bank Transfer,0.0,Mobile,Boston,3,66,9,Debit Card,1
1175.0,Online Purchase,11.0,Desktop,Houston,4,71,11,Credit Card,1
1870.76,POS Payment,6.0,Tablet,Boston,4,101,6,Debit Card,1
3393.84,POS Payment,9.0,Tablet,San Francisco,0,119,5,UPI,1
4161.25,Bill Payment,18.0,Tablet,Miami,0,95,5,UPI,1
1966.5,ATM Withdrawal,12.0,Mobile,Houston,2,60,4,Credit Card,1
2092.66,Online Purchase,17.0,Tablet,Miami,1,11,7,Debit Card,1
1932.52,Bill Payment,14.0,Mobile,Chicago,0,88,1,Net Banking,1
2273.72,Online Purchase,20.0,Desktop,Miami,2,79,1,Credit Card,1
4671.81,ATM Withdrawal,18.0,Mobile,Chicago,0,83,8,Net Banking,1
3921.1,ATM Withdrawal,23.0,Mobile,Los Angeles,3,115,8,UPI,1
1460.86,Bill Payment,5.0,Mobile,Boston,3,41,4,UPI,1
3037.32,ATM Withdrawal,17.0,Mobile,New York,4,102,2,Net Banking,1
2795.8,ATM Withdrawal,16.0,Tablet,Houston,2,48,7,Invalid Method,1
4541.18,ATM Withdrawal,11.0,Desktop,Miami,3,46,1,UPI,1
3889.05,Online Purchase,11.0,Tablet,Los Angeles,1,116,8,UPI,1
1211.15,Bank Transfer,22.0,Desktop,New York,4,6,7,Debit Card,1
4536.39,Online Purchase,14.0,Tablet,Boston,1,40,2,Debit Card,1
4993.05,Bill Payment,10.0,Desktop,Chicago,4,106,3,Net Banking,1
4916.97,Bill Payment,12.0,Desktop,Chicago,4,50,12,Credit Card,1
2736.03,Bank Transfer,21.0,Mobile,Houston,2,86,13,Net Banking,1
1974.44,ATM Withdrawal,9.0,Mobile,Boston,4,7,7,Credit Card,1
2010.42,POS Payment,14.0,Unknown Device,Boston,1,74,5,Debit Card,1
3814.83,Online Purchase,21.0,Mobile,Los Angeles,4,31,6,Credit Card,1
4730.64,ATM Withdrawal,15.0,Mobile,Los Angeles,0,81,10,Credit Card,1
4748.68,ATM Withdrawal,21.0,Mobile,New York,1,119,14,Net Banking,1
3012.71,Bill Payment,19.0,Mobile,Chicago,0,6,2,Credit Card,1
49997.8,Bill Payment,13.0,Desktop,Los Angeles,4,35,13,Debit Card,1
2114.5,Online Purchase,19.0,Desktop,San Francisco,3,29,4,UPI,1
2107.47,ATM Withdrawal,18.0,Mobile,Seattle,2,94,6,UPI,1
1400.62,Bank Transfer,19.0,Mobile,Chicago,2,11,8,Credit Card,1
575.6,Bill Payment,2.0,Mobile,Miami,3,96,2,Credit Card,1
537.1,Bill Payment,15.0,Desktop,Miami,4,96,14,Debit Card,1
1916.62,POS Payment,18.0,Desktop,Houston,0,60,10,Debit Card,1
2464.89,Bank Transfer,22.0,Mobile,Chicago,0,32,7,Debit Card,1
918.55,POS Payment,20.0,Tablet,Miami,2,38,2,Debit Card,1
180.77,Bill Payment,21.0,Tablet,Boston,4,3,11,Debit Card,1
2470.71,POS Payment,7.0,Tablet,Boston,4,119,6,Debit Card,1
1294.66,Bank Transfer,1.0,Mobile,Chicago,2,115,3,Credit Card,1
4546.97,Bill Payment,10.0,Tablet,Miami,3,101,2,Debit Card,1
6.2,Bill Payment,14.0,Desktop,New York,0,114,10,UPI,1
3940.91,Online Purchase,2.0,Desktop,Miami,4,92,1,Credit Card,1
3653.48,ATM Withdrawal,22.0,Unknown Device,Seattle,1,16,2,Debit Card,1
1521.4,Bank Transfer,7.0,Desktop,Houston,1,104,13,Credit Card,1
3369.9,Bank Transfer,13.0,Mobile,Houston,1,26,4,Net Banking,1
3746.03,Bill Payment,16.0,Mobile,Los Angeles,2,53,8,UPI,1
2579.42,Online Purchase,15.0,Tablet,Los Angeles,1,73,4,Credit Card,1
3986.86,POS Payment,13.0,Mobile,Chicago,0,63,6,UPI,1
2735.94,Online Purchase,9.0,Mobile,New York,3,46,1,Net Banking,1
4556.69,Bank Transfer,21.0,Desktop,Seattle,1,20,3,UPI,1
3066.03,POS Payment,23.0,Mobile,Los Angeles,0,11,10,Credit Card,1
1772.64,POS Payment,13.0,Mobile,Boston,3,111,11,Credit Card,1
1816.64,Online Purchase,13.0,Tablet,Houston,3,12,6,UPI,1
4536.51,Bank Transfer,23.0,Desktop,Los Angeles,0,81,10,Credit Card,1
4172.96,Bill Payment,18.0,Desktop,New York,0,119,8,Net Banking,1
2292.95,POS Payment,12.0,Tablet,Houston,2,47,5,Net Banking,1
1604.82,POS Payment,8.0,Mobile,Boston,2,113,9,Invalid Method,1
289.58,POS Payment,18.0,Unknown Device,Miami,1,100,5,UPI,1
2992.83,Online Purchase,13.0,Tablet,Los Angeles,0,3,4,Credit Card,1
1279.31,Bank Transfer,14.0,Tablet,Los Angeles,0,35,1,Credit Card,1
49997.8,Bank Transfer,13.0,Desktop,San Francisco,2,55,9,UPI,1
64.62,Bill Payment,13.0,Desktop,Los Angeles,4,64,12,Debit Card,1
1241.95,ATM Withdrawal,10.0,Desktop,Chicago,4,86,13,Net Banking,1
4131.33,Bank Transfer,14.0,Tablet,Miami,2,39,10,Debit Card,1
3324.88,Online Purchase,23.0,Tablet,Houston,0,111,9,Credit Card,1
3450.96,Online Purchase,22.0,Mobile,Chicago,3,6,1,Net Banking,1
1341.32,Bill Payment,15.0,Mobile,Houston,2,72,8,Credit Card,1
2348.19,Online Purchase,20.0,Mobile,Chicago,4,20,11,Credit Card,1
2085.65,ATM Withdrawal,22.0,Tablet,Miami,1,56,10,Credit Card,1
41.36,Bill Payment,23.0,Desktop,Miami,1,108,11,UPI,1
1492.0,ATM Withdrawal,13.0,Tablet,Los Angeles,2,100,1,Net Banking,1
108.26,Bank Transfer,14.0,Mobile,Miami,1,118,3,Debit Card,1
81.95,ATM Withdrawal,9.0,Mobile,Boston,1,51,6,Net Banking,1
299.54,POS Payment,18.0,Desktop,Miami,4,61,8,Credit Card,1
1125.5,POS Payment,15.0,Tablet,Los Angeles,2,20,1,Credit Card,1
4487.1,POS Payment,23.0,Unknown Device,San Francisco,0,70,8,UPI,1
1527.18,ATM Withdrawal,12.0,Mobile,Los Angeles,3,59,9,UPI,1
1379.16,Online Purchase,4.0,Mobile,Los Angeles,0,74,5,Credit Card,1
1200.57,Bill Payment,23.0,Mobile,Chicago,2,109,1,Credit Card,1
2871.12,POS Payment,20.0,Mobile,Chicago,3,41,3,Net Banking,1
1518.94,Bank Transfer,9.0,Mobile,Houston,0,79,13,Net Banking,1
2293.88,Online Purchase,20.0,Tablet,Los Angeles,3,82,12,Debit Card,1
2433.67,Online Purchase,19.0,Desktop,New York,4,34,1,Credit Card,1
1499.89,Online Purchase,13.0,Mobile,Boston,2,89,12,Debit Card,1
1259.18,Bank Transfer,16.0,Mobile,Houston,2,45,8,Credit Card,1
3746.01,Bill Payment,10.0,Desktop,Miami,1,117,11,Net Banking,1
356.41,ATM Withdrawal,12.0,Desktop,Miami,4,101,5,Credit Card,1
4628.27,Bank Transfer,6.0,Desktop,Boston,0,86,13,Net Banking,1
1544.88,ATM Withdrawal,8.0,Mobile,New York,2,54,1,Net Banking,1
3800.09,ATM Withdrawal,14.0,Tablet,Chicago,4,20,9,UPI,1
1259.17,Bill Payment,19.0,Tablet,Los Angeles,0,107,8,Debit Card,1
4373.92,Bill Payment,11.0,Tablet,Boston,1,1,6,UPI,1
3257.57,ATM Withdrawal,2.0,Mobile,Chicago,2,6,5,UPI,1
3902.13,Online Purchase,20.0,Tablet,San Francisco,2,25,8,Debit Card,1
2037.77,Bank Transfer,5.0,Tablet,Houston,1,86,9,Debit Card,1
4592.59,POS Payment,17.0,Desktop,New York,3,98,3,UPI,1
314.29,Online Purchase,19.0,Mobile,Boston,3,51,1,Net Banking,1
4472.72,Online Purchase,7.0,Tablet,San Francisco,4,110,4,UPI,1
4541.85,ATM Withdrawal,9.0,Mobile,Miami,0,53,3,Debit Card,1
4281.17,Bank Transfer,10.0,Tablet,Chicago,4,4,6,Credit Card,1
3257.15,Bank Transfer,1.0,Tablet,Boston,0,85,5,Net Banking,1
1496.87,Bill Payment,17.0,Desktop,Miami,0,103,4,UPI,1
1945.11,ATM Withdrawal,5.0,Tablet,Boston,4,59,4,Debit Card,1
2075.39,ATM Withdrawal,15.0,Mobile,Houston,2,9,11,Debit Card,1
3794.91,Online Purchase,18.0,Desktop,Miami,2,49,5,Debit Card,1
2526.43,Bank Transfer,12.0,Tablet,Houston,3,112,14,Debit Card,1
3094.93,Bill Payment,0.0,Mobile,Boston,2,114,6,UPI,1
1236.23,ATM Withdrawal,3.0,Desktop,Los Angeles,0,99,10,Debit Card,1
4056.21,POS Payment,23.0,Mobile,Chicago,3,79,9,Net Banking,1
2033.44,ATM Withdrawal,15.0,Mobile,Los Angeles,3,22,3,UPI,1
2172.42,Bill Payment,19.0,Mobile,Seattle,4,96,5,Credit Card,1
3200.89,Bill Payment,14.0,Tablet,Chicago,4,112,1,UPI,1
3393.47,ATM Withdrawal,12.0,Unknown Device,Chicago,2,76,7,Net Banking,1
1794.94,Bank Transfer,12.0,Desktop,Chicago,1,22,6,Net Banking,1
1832.46,Online Purchase,15.0,Desktop,Chicago,4,5,6,Debit Card,1
3353.32,Online Purchase,15.0,Mobile,Los Angeles,2,7,9,Credit Card,1
1587.06,Bank Transfer,8.0,Desktop,Houston,4,83,8,UPI,1
3431.66,Bill Payment,9.0,Tablet,Houston,1,65,11,Net Banking,1
2666.05,Bill Payment,21.0,Unknown Device,Chicago,0,34,10,Net Banking,1
2818.75,POS Payment,11.0,Mobile,Los Angeles,3,77,1,UPI,1
4224.28,POS Payment,17.0,Desktop,Chicago,1,76,5,Credit Card,1
1285.4,ATM Withdrawal,15.0,Tablet,Houston,1,6,6,Debit Card,1
777.26,Bank Transfer,8.0,Desktop,Chicago,2,61,8,Debit Card,1
206.74,Online Purchase,10.0,Mobile,Boston,3,39,11,Net Banking,1
4859.5,Bank Transfer,23.0,Desktop,Seattle,3,81,10,Debit Card,1
3595.78,Online Purchase,18.0,Tablet,Chicago,1,99,2,Debit Card,1
4423.08,Bank Transfer,21.0,Mobile,San Francisco,2,106,6,UPI,1
198.02,Bill Payment,3.0,Mobile,Miami,1,88,2,Debit Card,1
3635.01,ATM Withdrawal,23.0,Mobile,San Francisco,0,107,13,UPI,1
4185.42,ATM Withdrawal,19.0,Desktop,New York,4,90,10,Net Banking,1
1543.45,Online Purchase,22.0,Mobile,Houston,1,76,10,Credit Card,1
264.35,Bank Transfer,23.0,Desktop,Seattle,3,65,2,Net Banking,1
2393.88,Online Purchase,4.0,Mobile,Houston,3,105,5,Debit Card,1
2845.57,Online Purchase,21.0,Desktop,Houston,3,80,12,Debit Card,1
4205.22,ATM Withdrawal,8.0,Desktop,Houston,0,14,1,Net Banking,1
2641.37,Bill Payment,19.0,Desktop,Seattle,4,33,1,Credit Card,1
4681.64,POS Payment,16.0,Tablet,San Francisco,2,22,2,Debit Card,1
994.5,ATM Withdrawal,4.0,Desktop,Boston,3,67,12,Credit Card,1
304.9,Bill Payment,23.0,Mobile,Los Angeles,3,12,1,Net Banking,1
2289.59,ATM Withdrawal,12.0,Desktop,Los Angeles,3,12,6,Credit Card,1
2799.56,Bill Payment,7.0,Tablet,Houston,1,91,11,Net Banking,1
3109.49,ATM Withdrawal,9.0,Desktop,Houston,1,2,8,Debit Card,1
1274.83,Bill Payment,17.0,Desktop,New York,2,113,5,Credit Card,1
642.03,ATM Withdrawal,20.0,Mobile,New York,2,97,12,Invalid Method,1
2664.15,Bill Payment,11.0,Mobile,Houston,1,68,2,Debit Card,1
156.74,POS Payment,7.0,Tablet,Houston,3,30,5,UPI,1
4946.54,Online Purchase,10.0,Mobile,Houston,0,14,5,Credit Card,1
4652.81,POS Payment,20.0,Mobile,Boston,3,44,13,Net Banking,1
1036.25,Bill Payment,22.0,Tablet,New York,0,100,7,Net Banking,1
4175.76,ATM Withdrawal,16.0,Mobile,Boston,0,105,11,Net Banking,1
1142.66,Online Purchase,18.0,Mobile,San Francisco,4,86,1,Net Banking,1
2572.26,POS Payment,19.0,Mobile,San Francisco,1,36,5,UPI,1
3010.2,Bank Transfer,8.0,Mobile,Houston,3,43,6,Credit Card,1
4677.04,POS Payment,22.0,Unknown Device,New York,4,101,3,Credit Card,1
3857.47,Bank Transfer,14.0,Desktop,Houston,1,70,13,Credit Card,1
4672.92,Bill Payment,13.0,Tablet,Los Angeles,3,118,8,Credit Card,1
2531.19,Online Purchase,21.0,Mobile,Boston,3,112,3,Credit Card,1
2564.55,Bill Payment,16.0,Mobile,Los Angeles,1,91,10,UPI,1
4384.39,Bank Transfer,13.0,Mobile,Miami,0,66,1,Debit Card,1
1649.69,POS Payment,18.0,Desktop,San Francisco,2,111,10,UPI,1
4261.34,Online Purchase,12.0,Desktop,New York,2,92,11,Net Banking,1
1379.32,Online Purchase,10.0,Tablet,Miami,1,55,4,UPI,1
982.28,Online Purchase,16.0,Mobile,Los Angeles,4,63,6,Debit Card,1
3761.28,POS Payment,12.0,Desktop,Chicago,4,26,8,Debit Card,1
49997.8,POS Payment,20.0,Mobile,Boston,2,22,6,Credit Card,1
166.65,Bank Transfer,10.0,Mobile,Chicago,3,51,2,UPI,1
1190.62,POS Payment,5.0,Tablet,Chicago,1,99,12,Net Banking,1
3156.01,ATM Withdrawal,22.0,Tablet,Chicago,4,88,12,Net Banking,1
4737.47,POS Payment,13.0,Desktop,Houston,0,35,10,Net Banking,1
3817.53,ATM Withdrawal,16.0,Tablet,Los Angeles,3,38,14,Debit Card,1
3813.72,Online Purchase,6.0,Desktop,Houston,0,44,12,UPI,1
2460.89,Bill Payment,1.0,Desktop,Chicago,3,109,3,Net Banking,1
2348.26,ATM Withdrawal,19.0,Tablet,Houston,4,113,9,Net Banking,1
2562.65,Online Purchase,19.0,Tablet,Chicago,0,55,1,UPI,1
1958.14,Bank Transfer,3.0,Desktop,Houston,2,63,7,Net Banking,1
275.72,Online Purchase,12.0,Mobile,New York,3,83,6,Credit Card,1
3808.6,ATM Withdrawal,16.0,Desktop,Los Angeles,4,72,9,Net Banking,1
651.15,ATM Withdrawal,3.0,Desktop,Los Angeles,3,108,3,Net Banking,1
1493.97,Bill Payment,7.0,Tablet,San Francisco,4,116,3,Credit Card,1
4327.35,Bill Payment,15.0,Mobile,Boston,4,12,5,Credit Card,1
3175.09,Online Purchase,10.0,Tablet,Los Angeles,3,71,10,Debit Card,1
1143.24,Online Purchase,19.0,Desktop,Miami,3,21,6,Credit Card,1
3785.84,Bank Transfer,17.0,Mobile,Chicago,1,65,2,Net Banking,1
2460.83,POS Payment,9.0,Mobile,Boston,0,18,5,Net Banking,1
4725.73,Online Purchase,19.0,Tablet,Los Angeles,1,112,3,Net Banking,1
788.19,Online Purchase,21.0,Desktop,Boston,3,70,13,Debit Card,1
1871.18,POS Payment,14.0,Tablet,San Francisco,0,118,7,Credit Card,1
2605.88,Bank Transfer,2.0,Mobile,Los Angeles,1,78,4,UPI,1
3476.33,Online Purchase,18.0,Mobile,Seattle,3,68,3,UPI,1
4368.59,POS Payment,18.0,Desktop,Chicago,0,27,2,Credit Card,1
3432.17,Bill Payment,1.0,Mobile,Chicago,3,50,9,Credit Card,1
2730.65,Bill Payment,20.0,Tablet,Boston,4,93,4,UPI,1
1222.23,POS Payment,20.0,Desktop,Houston,0,63,6,Credit Card,1
4428.53,Bank Transfer,2.0,Mobile,Miami,1,59,1,Credit Card,1
49997.8,ATM Withdrawal,23.0,Desktop,New York,1,49,6,Net Banking,1
2773.67,Bill Payment,21.0,Mobile,Chicago,3,65,14,UPI,1
338.75,Bill Payment,17.0,Tablet,Los Angeles,0,80,1,Invalid Method,1
4399.81,ATM Withdrawal,21.0,Desktop,Chicago,4,11,7,Debit Card,1
3021.99,POS Payment,23.0,Desktop,San Francisco,4,31,3,Debit Card,1
2373.61,Online Purchase,3.0,Mobile,Chicago,4,39,6,Net Banking,1
3608.1,Bill Payment,9.0,Tablet,Los Angeles,3,27,2,Net Banking,1
1436.86,Bill Payment,12.0,Desktop,Los Angeles,2,75,13,Credit Card,1
4356.9,POS Payment,3.0,Desktop,Los Angeles,2,88,8,Net Banking,1
2456.4,ATM Withdrawal,15.0,Desktop,Miami,1,103,4,Net Banking,1
1505.85,Bill Payment,17.0,Mobile,Los Angeles,0,80,8,UPI,1
4536.75,Bank Transfer,12.0,Mobile,New York,0,79,7,UPI,1
2745.45,Bill Payment,4.0,Tablet,Boston,1,18,8,Credit Card,1
4081.87,Online Purchase,23.0,Tablet,Los Angeles,1,13,12,Net Banking,1
3620.09,Bill Payment,4.0,Mobile,Boston,0,115,9,Debit Card,1
3386.4,Bank Transfer,2.0,Tablet,Boston,0,107,8,Debit Card,1
147.63,Online Purchase,3.0,Mobile,Houston,3,86,3,UPI,1
2096.79,Online Purchase,22.0,Desktop,Houston,4,25,1,Credit Card,1
4206.84,Bill Payment,16.0,Desktop,Boston,4,89,10,Debit Card,1
2856.52,Bill Payment,17.0,Mobile,San Francisco,1,54,1,Net Banking,1
4868.01,ATM Withdrawal,13.0,Mobile,Boston,4,118,12,Net Banking,1
1795.12,Bank Transfer,17.0,Desktop,San Francisco,4,119,10,Debit Card,1
332.09,Bill Payment,22.0,Tablet,Los Angeles,3,21,5,UPI,1
3017.8,ATM Withdrawal,8.0,Mobile,New York,1,118,3,UPI,1
3844.74,Bill Payment,12.0,Desktop,Chicago,4,111,4,Credit Card,1
4047.47,Bank Transfer,16.0,Tablet,Los Angeles,4,67,3,Debit Card,1
172.88,Bill Payment,21.0,Desktop,Boston,3,91,12,Debit Card,1
2924.42,ATM Withdrawal,0.0,Unknown Device,Los Angeles,2,94,1,Net Banking,1
2718.25,Bank Transfer,19.0,Tablet,Boston,2,9,10,UPI,1
955.01,Bank Transfer,11.0,Desktop,Chicago,2,29,8,Debit Card,1
3336.77,ATM Withdrawal,16.0,Mobile,New York,3,82,14,UPI,1
3569.22,Online Purchase,15.0,Unknown Device,Houston,3,18,7,Debit Card,1
2692.54,Online Purchase,19.0,Desktop,New York,4,115,11,UPI,1
157.92,Bank Transfer,16.0,Tablet,Los Angeles,1,92,2,Net Banking,1
2114.15,Online Purchase,23.0,Mobile,Houston,1,116,7,UPI,1
262.92,Online Purchase,14.0,Tablet,Houston,0,109,5,Credit Card,1
1670.98,Bill Payment,5.0,Desktop,Boston,4,99,14,Debit Card,1
3389.32,ATM Withdrawal,19.0,Tablet,Houston,0,85,6,Credit Card,1
2263.11,Bank Transfer,15.0,Tablet,Houston,2,116,3,Net Banking,1
3149.46,Online Purchase,10.0,Desktop,Chicago,0,112,10,Credit Card,1
107.54,Bill Payment,19.0,Mobile,Boston,1,44,3,UPI,1
4533.01,Bank Transfer,0.0,Mobile,Boston,0,34,9,Credit Card,1
1608.53,POS Payment,22.0,Desktop,Los Angeles,1,22,12,UPI,1
1898.53,Bill Payment,3.0,Desktop,Houston,0,35,3,Net Banking,1
3698.44,ATM Withdrawal,15.0,Mobile,Los Angeles,2,30,14,Debit Card,1
4533.55,Bank Transfer,18.0,Tablet,Houston,1,65,9,Credit Card,1
1697.65,ATM Withdrawal,22.0,Mobile,San Francisco,0,118,9,Net Banking,1
1824.11,Bill Payment,0.0,Tablet,Boston,3,22,3,Debit Card,1
4422.36,Online Purchase,19.0,Tablet,Houston,2,86,11,Credit Card,1
64.97,POS Payment,14.0,Tablet,Houston,2,77,3,Credit Card,1
1431.91,Bill Payment,4.0,Mobile,Los Angeles,4,96,6,Credit Card,1
704.68,Bill Payment,3.0,Desktop,Houston,2,91,8,Credit Card,1
2400.85,Bank Transfer,22.0,Mobile,Boston,2,38,13,Credit Card,1
4093.28,ATM Withdrawal,21.0,Mobile,Boston,3,17,10,Net Banking,1
2381.8,POS Payment,12.0,Desktop,Los Angeles,1,54,8,Debit Card,1
4053.39,Bill Payment,22.0,Mobile,Chicago,1,11,5,UPI,1
3050.91,Bank Transfer,0.0,Tablet,Chicago,4,101,9,Net Banking,1
4364.98,POS Payment,11.0,Mobile,Houston,0,3,5,Net Banking,1
296.75,Bill Payment,20.0,Desktop,Houston,4,6,10,Debit Card,1
3467.26,Online Purchase,19.0,Tablet,Miami,4,86,14,UPI,1
1605.91,Online Purchase,15.0,Desktop,Boston,2,21,6,UPI,1
1007.2,Bank Transfer,15.0,Tablet,Houston,2,93,7,Debit Card,1
1071.06,Bank Transfer,22.0,Tablet,Chicago,1,59,10,Credit Card,1
4284.33,POS Payment,23.0,Mobile,New York,0,29,3,UPI,1
3790.15,Online Purchase,19.0,Mobile,Chicago,2,56,1,Invalid Method,1
1552.5,POS Payment,9.0,Desktop,Los Angeles,4,70,7,Debit Card,1
1717.08,Online Purchase,6.0,Mobile,Los Angeles,4,73,1,Credit Card,1
2887.62,Bill Payment,11.0,Tablet,Houston,1,19,3,Net Banking,1
4587.15,POS Payment,20.0,Mobile,Los Angeles,1,114,2,Credit Card,1
3787.51,Bank Transfer,16.0,Mobile,Chicago,1,36,12,Debit Card,1
3996.28,POS Payment,18.0,Mobile,Chicago,3,15,2,Debit Card,1
4191.49,Bank Transfer,3.0,Mobile,Chicago,2,16,4,Net Banking,1
2107.06,Bill Payment,9.0,Tablet,New York,1,108,6,UPI,1
4073.34,Online Purchase,6.0,Mobile,Houston,3,100,7,Credit Card,1
296.09,Bill Payment,22.0,Desktop,Boston,3,50,6,Net Banking,1
495.14,Online Purchase,17.0,Desktop,Los Angeles,4,26,8,UPI,1
79.11,Online Purchase,20.0,Mobile,Los Angeles,3,101,6,Debit Card,1
4737.13,ATM Withdrawal,8.0,Mobile,Boston,3,31,12,UPI,1
999.98,Online Purchase,20.0,Tablet,Los Angeles,4,87,1,Credit Card,1
2263.86,Bank Transfer,11.0,Mobile,New York,2,69,5,Debit Card,1
4374.2,POS Payment,12.0,Desktop,Miami,4,93,1,Invalid Method,1
49997.8,ATM Withdrawal,9.0,Tablet,Seattle,4,104,7,UPI,1
200.58,ATM Withdrawal,17.0,Desktop,Miami,4,32,7,Credit Card,1
4181.4,Bank Transfer,19.0,Mobile,Los Angeles,3,111,11,Debit Card,1
3628.88,ATM Withdrawal,21.0,Mobile,Los Angeles,2,27,1,Net Banking,1
4225.93,Online Purchase,3.0,Mobile,Boston,4,106,11,Net Banking,1
4296.82,Bill Payment,17.0,Tablet,Boston,1,114,12,Net Banking,1
777.76,POS Payment,7.0,Tablet,Chicago,3,78,12,Credit Card,1
4907.64,Online Purchase,7.0,Tablet,Los Angeles,4,89,14,Credit Card,1
88.12,ATM Withdrawal,14.0,Desktop,New York,2,85,2,Net Banking,1
4356.19,POS Payment,3.0,Unknown Device,Los Angeles,4,118,1,Debit Card,1
4458.27,Bill Payment,20.0,Mobile,New York,3,93,7,UPI,1
811.55,Online Purchase,6.0,Tablet,Los Angeles,4,75,5,Net Banking,1
3803.51,Bill Payment,19.0,Tablet,Boston,0,67,10,Credit Card,1
179.9,Bank Transfer,14.0,Desktop,Los Angeles,4,25,4,UPI,1
3973.34,POS Payment,0.0,Mobile,Boston,4,44,2,Credit Card,1
225.89,Bank Transfer,17.0,Desktop,New York,3,80,3,UPI,1
779.48,Online Purchase,2.0,Desktop,Boston,2,95,11,Net Banking,1
1272.29,Bill Payment,11.0,Desktop,Houston,0,55,4,Debit Card,1
2605.84,Bill Payment,1.0,Tablet,Miami,0,95,1,Net Banking,1
215.78,Bank Transfer,10.0,Tablet,Boston,4,7,12,Net Banking,1
4236.37,POS Payment,23.0,Desktop,New York,3,55,3,Credit Card,1
4454.54,ATM Withdrawal,18.0,Mobile,Chicago,0,19,1,Net Banking,1
2605.01,ATM Withdrawal,8.0,Unknown Device,Boston,2,106,8,UPI,1
1233.76,POS Payment,11.0,Desktop,New York,4,50,1,Net Banking,1
3526.67,ATM Withdrawal,5.0,Mobile,Boston,1,101,14,Net Banking,1
1202.01,Bank Transfer,18.0,Mobile,San Francisco,3,53,4,Debit Card,1
2081.09,POS Payment,3.0,Tablet,Houston,3,92,2,Debit Card,1
3520.82,Bank Transfer,18.0,Mobile,New York,4,107,12,Credit Card,1
2001.46,Bill Payment,20.0,Tablet,Houston,0,74,10,Net Banking,1
3679.01,POS Payment,18.0,Mobile,San Francisco,1,74,9,Credit Card,1
4368.56,Online Purchase,23.0,Desktop,Chicago,2,106,13,Debit Card,1
1274.69,Bill Payment,10.0,Unknown Device,Los Angeles,2,11,3,Credit Card,1
4952.06,Bank Transfer,7.0,Mobile,Los Angeles,3,37,7,Credit Card,1
2039.94,ATM Withdrawal,15.0,Tablet,Miami,2,94,3,Net Banking,1
4500.79,Online Purchase,18.0,Tablet,Los Angeles,0,4,9,Credit Card,1
4011.89,ATM Withdrawal,17.0,Tablet,Seattle,0,47,2,UPI,1
4802.93,Bank Transfer,22.0,Mobile,Miami,4,79,6,Credit Card,1
2401.49,Bill Payment,2.0,Tablet,Boston,0,91,12,UPI,1
59.59,Bank Transfer,6.0,Mobile,New York,0,95,2,UPI,1
242.79,Online Purchase,16.0,Desktop,Chicago,2,21,12,Net Banking,1
174.03,Bill Payment,20.0,Tablet,Miami,0,45,2,Debit Card,1
4023.19,ATM Withdrawal,5.0,Tablet,Houston,0,64,5,Net Banking,1
311.07,ATM Withdrawal,21.0,Mobile,Seattle,1,59,1,Debit Card,1
2743.99,Bill Payment,23.0,Tablet,San Francisco,0,1,5,Net Banking,1
1639.75,Bill Payment,16.0,Tablet,Chicago,0,25,12,Debit Card,1
1541.07,ATM Withdrawal,15.0,Desktop,Chicago,4,37,8,Net Banking,1
2989.61,Bank Transfer,17.0,Tablet,San Francisco,2,98,1,Debit Card,1
4930.88,ATM Withdrawal,19.0,Tablet,Miami,1,21,12,UPI,1
2777.24,ATM Withdrawal,18.0,Mobile,Miami,1,103,1,Debit Card,1
491.83,POS Payment,14.0,Desktop,Chicago,4,45,4,Net Banking,1
2910.31,Online Purchase,6.0,Unknown Device,Los Angeles,4,117,6,UPI,1
4661.84,POS Payment,2.0,Tablet,Boston,1,44,2,Debit Card,1
71.81,Online Purchase,20.0,Tablet,Chicago,4,114,12,UPI,1
2511.94,Bank Transfer,20.0,Mobile,Los Angeles,3,14,2,Net Banking,1
3941.95,Bank Transfer,18.0,Mobile,Houston,3,86,2,Debit Card,1
378.97,POS Payment,21.0,Desktop,Miami,3,105,5,Debit Card,1
1882.74,ATM Withdrawal,17.0,Desktop,Boston,2,101,10,Credit Card,1
4915.46,Bill Payment,3.0,Tablet,Los Angeles,0,95,8,Credit Card,1
4550.45,POS Payment,23.0,Tablet,Los Angeles,2,16,11,Net Banking,1
382.88,Bank Transfer,23.0,Desktop,Chicago,1,112,5,Debit Card,1
3859.89,POS Payment,8.0,Desktop,Los Angeles,1,81,9,UPI,1
2278.54,Bank Transfer,11.0,Tablet,Seattle,2,102,1,UPI,1
1570.84,Bill Payment,18.0,Desktop,Los Angeles,0,96,5,UPI,1
2560.53,Online Purchase,5.0,Tablet,Boston,1,42,8,Net Banking,1
1277.74,POS Payment,3.0,Desktop,Boston,1,75,1,UPI,1
2977.99,Bank Transfer,7.0,Tablet,Seattle,0,118,2,UPI,1
846.95,POS Payment,11.0,Tablet,Chicago,0,106,3,Net Banking,1
2315.09,Bill Payment,21.0,Tablet,New York,2,72,8,Debit Card,1
1000.24,POS Payment,16.0,Tablet,San Francisco,4,98,7,Net Banking,1
2010.12,Bank Transfer,3.0,Mobile,Los Angeles,3,97,5,Invalid Method,1
418.38,Bank Transfer,23.0,Mobile,Chicago,4,58,7,UPI,1
694.38,Bill Payment,16.0,Tablet,Los Angeles,1,3,9,Debit Card,1
4787.78,ATM Withdrawal,5.0,Mobile,Houston,0,16,8,Net Banking,1
3584.14,Online Purchase,13.0,Mobile,Chicago,1,10,11,UPI,1
1151.24,Online Purchase,9.0,Desktop,Boston,4,43,10,Credit Card,1
3026.96,ATM Withdrawal,6.0,Mobile,Houston,3,49,10,Credit Card,1
2256.55,ATM Withdrawal,6.0,Mobile,Houston,4,114,8,Credit Card,1
1209.25,POS Payment,14.0,Mobile,New York,3,87,4,UPI,1
3731.41,Bank Transfer,12.0,Mobile,Los Angeles,0,89,5,Debit Card,1
4026.86,Bill Payment,20.0,Desktop,Los Angeles,3,99,2,UPI,1
3687.88,Bill Payment,8.0,Desktop,Los Angeles,1,88,9,Net Banking,1
1357.29,Online Purchase,20.0,Mobile,Miami,1,64,13,Debit Card,1
851.83,Online Purchase,10.0,Desktop,Houston,4,75,14,Net Banking,1
2355.43,Bank Transfer,6.0,Tablet,Boston,0,48,14,Net Banking,1
1991.54,Bank Transfer,6.0,Desktop,Boston,4,68,14,UPI,1
2532.59,Bank Transfer,10.0,Desktop,Houston,2,40,9,UPI,1
4979.65,Bill Payment,12.0,Mobile,Chicago,2,99,14,Net Banking,1
3900.45,POS Payment,19.0,Mobile,Chicago,3,114,7,Credit Card,1
49997.8,Bill Payment,12.0,Desktop,San Francisco,0,61,13,Debit Card,1
2077.79,POS Payment,19.0,Tablet,Houston,0,82,7,Net Banking,1
4304.95,Online Purchase,8.0,Desktop,Houston,4,81,5,Credit Card,1
3311.26,ATM Withdrawal,21.0,Tablet,New York,3,39,3,Debit Card,1
4249.82,POS Payment,15.0,Desktop,New York,1,118,12,Debit Card,1
1358.13,Bill Payment,17.0,Desktop,Seattle,4,97,3,UPI,1
2075.11,Bill Payment,20.0,Desktop,Chicago,4,99,4,Debit Card,1
2421.15,Bank Transfer,3.0,Desktop,Houston,0,47,4,UPI,1
2695.81,ATM Withdrawal,19.0,Tablet,New York,3,119,9,Net Banking,1
4037.19,POS Payment,21.0,Tablet,Los Angeles,3,103,7,Credit Card,1
3057.72,Online Purchase,17.0,Mobile,Chicago,4,107,2,Credit Card,1
908.18,ATM Withdrawal,11.0,Mobile,Houston,1,113,9,Credit Card,1
3883.33,ATM Withdrawal,15.0,Desktop,Los Angeles,2,4,10,Credit Card,1
4107.12,ATM Withdrawal,15.0,Tablet,San Francisco,0,8,1,Net Banking,1
1372.78,ATM Withdrawal,8.0,Mobile,Boston,3,1,6,UPI,1
4241.14,Bank Transfer,15.0,Desktop,Houston,3,41,10,Net Banking,1
680.54,POS Payment,18.0,Desktop,Houston,1,103,1,Net Banking,1
4130.26,Bill Payment,7.0,Tablet,Houston,2,73,12,UPI,1
2598.7,ATM Withdrawal,22.0,Tablet,Miami,3,10,13,Debit Card,1
1260.9,Bank Transfer,21.0,Mobile,New York,2,43,9,Debit Card,1
2791.57,Bank Transfer,8.0,Tablet,Boston,3,62,11,Net Banking,1
4774.29,Online Purchase,7.0,Tablet,Chicago,1,108,3,UPI,1
2249.02,Online Purchase,17.0,Mobile,Houston,1,72,7,Debit Card,1
3734.0,ATM Withdrawal,3.0,Desktop,Boston,1,84,14,Credit Card,1
1069.44,POS Payment,23.0,Tablet,Miami,4,116,5,UPI,1
1637.01,ATM Withdrawal,17.0,Mobile,Chicago,4,113,3,Credit Card,1
4415.97,Bill Payment,17.0,Mobile,Chicago,4,102,5,Debit Card,1
1792.48,ATM Withdrawal,19.0,Desktop,Chicago,4,112,6,Debit Card,1
2636.68,Bank Transfer,17.0,Tablet,Houston,4,21,3,Credit Card,1
3907.38,Bill Payment,14.0,Desktop,Boston,2,9,6,UPI,1
95.75,Bank Transfer,21.0,Tablet,Los Angeles,4,108,14,Net Banking,1
49997.8,Bill Payment,18.0,Tablet,San Francisco,3,44,4,Credit Card,1
1243.75,POS Payment,10.0,Tablet,San Francisco,4,79,2,UPI,1
1033.25,POS Payment,3.0,Tablet,Chicago,1,104,14,Debit Card,1
4843.59,Bank Transfer,6.0,Tablet,San Francisco,2,84,1,Credit Card,1
99.81,POS Payment,22.0,Mobile,Houston,1,75,11,Debit Card,1
2107.22,Bank Transfer,6.0,Tablet,New York,0,110,3,UPI,1
804.71,POS Payment,22.0,Desktop,New York,2,36,5,Credit Card,1
3640.65,Online Purchase,3.0,Tablet,Boston,1,46,13,UPI,1
1568.93,Bank Transfer,9.0,Mobile,Houston,2,91,12,Debit Card,1
233.48,Bill Payment,18.0,Mobile,Miami,4,78,8,Debit Card,1
4538.01,ATM Withdrawal,21.0,Tablet,Miami,1,100,3,UPI,1
4908.37,Online Purchase,23.0,Mobile,San Francisco,2,109,10,UPI,1
3572.9,Bank Transfer,6.0,Unknown Device,Boston,0,60,4,Net Banking,1
2239.74,Bank Transfer,17.0,Mobile,Houston,2,100,6,UPI,1
1691.23,ATM Withdrawal,11.0,Desktop,Boston,3,104,5,Credit Card,1
4232.39,Bill Payment,15.0,Desktop,New York,1,114,12,Net Banking,1
922.12,Online Purchase,16.0,Tablet,Boston,4,106,5,Net Banking,1
1671.9,ATM Withdrawal,1.0,Mobile,Boston,3,98,9,Net Banking,1
3667.82,Bank Transfer,12.0,Tablet,Boston,4,43,2,Net Banking,1
1748.42,Bank Transfer,14.0,Tablet,Los Angeles,3,12,6,UPI,1
4612.01,Online Purchase,5.0,Tablet,Houston,3,60,4,UPI,1
3527.74,ATM Withdrawal,11.0,Desktop,Chicago,0,84,11,Credit Card,1
3710.03,POS Payment,23.0,Desktop,Los Angeles,2,6,10,Net Banking,1
4017.43,POS Payment,17.0,Tablet,Houston,0,64,4,Net Banking,1
4074.97,Bill Payment,1.0,Mobile,Chicago,0,65,8,Net Banking,1
4719.61,Online Purchase,23.0,Tablet,Los Angeles,1,46,1,Net Banking,1
3068.69,Online Purchase,3.0,Mobile,Boston,0,97,5,Debit Card,1
4730.2,Bill Payment,8.0,Tablet,Boston,2,31,14,Debit Card,1
4090.51,ATM Withdrawal,10.0,Mobile,Los Angeles,0,105,8,Credit Card,1
3595.2,ATM Withdrawal,0.0,Tablet,Houston,3,119,1,Net Banking,1
4882.99,ATM Withdrawal,20.0,Tablet,Boston,4,2,9,Debit Card,1
1910.37,Bank Transfer,13.0,Mobile,Los Angeles,3,61,8,Net Banking,1
2837.74,Bank Transfer,9.0,Tablet,Chicago,4,117,12,Credit Card,1
1992.0,Bank Transfer,10.0,Mobile,Houston,2,37,3,Net Banking,1
4977.85,Bill Payment,12.0,Desktop,Los Angeles,2,58,7,Invalid Method,1
4798.54,ATM Withdrawal,21.0,Desktop,Miami,2,53,13,Net Banking,1
3797.24,Online Purchase,20.0,Desktop,Los Angeles,1,78,12,Net Banking,1
4550.36,ATM Withdrawal,23.0,Mobile,New York,2,5,12,UPI,1
2237.06,Bank Transfer,18.0,Tablet,Los Angeles,4,108,12,Credit Card,1
4108.69,Online Purchase,14.0,Desktop,Seattle,4,119,7,Debit Card,1
834.14,ATM Withdrawal,21.0,Mobile,Boston,2,70,13,UPI,1
240.7,Bank Transfer,10.0,Tablet,Houston,4,38,7,Credit Card,1
982.47,Bill Payment,2.0,Mobile,Chicago,2,53,3,Net Banking,1
4694.95,Online Purchase,11.0,Desktop,Miami,3,110,4,Debit Card,1
820.66,POS Payment,16.0,Desktop,Chicago,1,20,3,Invalid Method,1
3757.62,ATM Withdrawal,18.0,Desktop,San Francisco,0,11,4,Net Banking,1
963.83,Online Purchase,5.0,Mobile,Boston,1,73,6,UPI,1
655.76,Online Purchase,14.0,Unknown Device,San Francisco,0,107,10,Credit Card,1
2195.74,Bank Transfer,22.0,Desktop,Seattle,4,101,4,UPI,1
2485.15,Online Purchase,20.0,Desktop,Los Angeles,3,42,3,Debit Card,1
4064.03,Online Purchase,17.0,Tablet,Houston,1,41,1,Net Banking,1
720.56,POS Payment,18.0,Mobile,Los Angeles,3,93,7,Net Banking,1
3078.73,ATM Withdrawal,7.0,Desktop,San Francisco,0,101,3,Credit Card,1
3519.52,ATM Withdrawal,5.0,Mobile,Chicago,2,64,12,Credit Card,1
1180.26,Online Purchase,9.0,Mobile,Los Angeles,3,74,3,Net Banking,1
2306.24,POS Payment,20.0,Mobile,New York,3,12,5,Credit Card,1
4460.08,ATM Withdrawal,6.0,Mobile,Boston,0,88,12,Debit Card,1
659.26,Online Purchase,21.0,Desktop,Los Angeles,1,68,14,UPI,1
43.38,Bill Payment,17.0,Desktop,Los Angeles,1,68,9,Debit Card,1
2622.18,Online Purchase,17.0,Desktop,Houston,4,85,1,Invalid Method,1
4173.95,Bill Payment,17.0,Desktop,Los Angeles,3,58,12,Invalid Method,1
2067.54,Online Purchase,8.0,Desktop,San Francisco,3,95,2,UPI,1
4852.0,Bank Transfer,23.0,Desktop,Boston,2,5,13,UPI,1
3706.46,Bill Payment,18.0,Mobile,Houston,3,74,12,UPI,1
1415.14,POS Payment,15.0,Tablet,Houston,0,40,4,UPI,1
2532.33,Bank Transfer,11.0,Tablet,Chicago,2,40,3,Debit Card,1
49997.8,Online Purchase,8.0,Tablet,Chicago,4,77,2,Debit Card,1
4001.63,Bank Transfer,13.0,Mobile,Seattle,3,108,4,Debit Card,1
2651.0,Bank Transfer,23.0,Tablet,Los Angeles,0,82,8,Debit Card,1
810.62,ATM Withdrawal,5.0,Tablet,Boston,4,112,6,Net Banking,1
49997.8,Online Purchase,17.0,Desktop,Los Angeles,2,17,12,Invalid Method,1
1913.91,ATM Withdrawal,3.0,Desktop,Chicago,3,105,3,Debit Card,1
3184.95,POS Payment,18.0,Mobile,Miami,3,118,14,Credit Card,1
3524.36,Online Purchase,22.0,Desktop,Chicago,3,67,8,Net Banking,1
4570.92,ATM Withdrawal,13.0,Mobile,Los Angeles,2,118,10,UPI,1
3218.83,Online Purchase,11.0,Mobile,Miami,4,105,6,UPI,1
904.29,ATM Withdrawal,15.0,Desktop,Los Angeles,3,56,14,Credit Card,1
3109.74,POS Payment,18.0,Tablet,San Francisco,2,106,3,Debit Card,1
423.25,Bank Transfer,18.0,Desktop,Houston,1,48,10,Credit Card,1
4090.27,POS Payment,5.0,Tablet,Boston,3,66,8,Credit Card,1
3278.03,ATM Withdrawal,20.0,Tablet,San Francisco,1,57,9,Credit Card,1
1091.05,Bill Payment,16.0,Mobile,Houston,0,37,4,Credit Card,1
2427.32,Bill Payment,13.0,Mobile,Miami,2,64,5,Net Banking,1
12.27,POS Payment,20.0,Tablet,Houston,1,87,11,Credit Card,1
2369.0,Bank Transfer,23.0,Mobile,Chicago,3,49,9,Debit Card,1
4328.77,POS Payment,6.0,Desktop,Chicago,1,5,2,UPI,1
529.14,Bill Payment,12.0,Tablet,Miami,1,109,2,Net Banking,1
1927.06,Bill Payment,3.0,Mobile,Chicago,3,34,6,Net Banking,1
4937.54,Bill Payment,20.0,Desktop,Seattle,2,60,8,UPI,1
1598.05,Bank Transfer,18.0,Mobile,Miami,3,33,10,Net Banking,1
1560.49,Bill Payment,18.0,Tablet,New York,3,88,5,Credit Card,1
1138.47,Bank Transfer,6.0,Mobile,Boston,4,57,10,UPI,1
1079.46,ATM Withdrawal,4.0,Tablet,Houston,2,32,5,Invalid Method,1
4922.72,Bank Transfer,6.0,Desktop,Los Angeles,2,87,1,Debit Card,1
4480.37,Online Purchase,18.0,Tablet,Boston,4,71,14,UPI,1
2612.16,Bill Payment,22.0,Mobile,Los Angeles,1,68,14,Credit Card,1
3285.66,ATM Withdrawal,20.0,Desktop,Boston,2,108,13,Debit Card,1
2749.41,ATM Withdrawal,22.0,Mobile,New York,0,1,3,UPI,1
1406.52,ATM Withdrawal,10.0,Mobile,Miami,2,32,2,Net Banking,1
992.54,ATM Withdrawal,2.0,Tablet,Chicago,2,97,8,UPI,1
2598.79,Online Purchase,23.0,Unknown Device,Boston,0,71,1,Net Banking,1
1103.51,Bill Payment,10.0,Mobile,Boston,1,11,14,Credit Card,1
2093.84,Bill Payment,19.0,Mobile,Miami,2,52,2,UPI,1
4601.86,Bill Payment,23.0,Tablet,New York,2,83,6,Credit Card,1
4985.74,Bill Payment,13.0,Mobile,Houston,2,33,11,Net Banking,1
94.93,ATM Withdrawal,5.0,Mobile,Boston,0,69,2,Net Banking,1
3713.36,POS Payment,10.0,Mobile,Boston,1,72,6,Net Banking,1
2735.47,Bill Payment,22.0,Mobile,Chicago,1,72,14,UPI,1
2952.29,Online Purchase,14.0,Desktop,Los Angeles,2,74,9,Credit Card,1
2204.47,Bank Transfer,16.0,Mobile,Chicago,0,49,1,Net Banking,1
2313.79,Bill Payment,20.0,Tablet,New York,4,112,10,Net Banking,1
1477.05,Bill Payment,11.0,Desktop,Los Angeles,3,115,10,Invalid Method,1
4781.79,Bill Payment,10.0,Desktop,New York,1,42,5,UPI,1
452.15,Bank Transfer,1.0,Mobile,Boston,4,109,8,Credit Card,1
2197.81,Online Purchase,18.0,Tablet,Seattle,3,98,2,Debit Card,1
2816.91,POS Payment,23.0,Tablet,Chicago,0,21,8,UPI,1
3171.68,Bank Transfer,20.0,Desktop,Chicago,1,108,5,Credit Card,1
3815.73,ATM Withdrawal,13.0,Mobile,San Francisco,4,68,1,Credit Card,1
4498.19,Bill Payment,10.0,Tablet,Chicago,2,117,4,UPI,1
954.71,Bill Payment,16.0,Mobile,Chicago,2,35,1,Credit Card,1
575.45,POS Payment,18.0,Tablet,Chicago,3,71,14,UPI,1
3584.62,ATM Withdrawal,22.0,Mobile,Miami,0,111,7,Invalid Method,1
4753.13,ATM Withdrawal,0.0,Tablet,Los Angeles,4,81,4,UPI,1
1201.57,Bill Payment,11.0,Desktop,Chicago,0,118,10,Net Banking,1
3911.85,Bank Transfer,3.0,Desktop,Boston,3,56,7,UPI,1
4967.99,Bill Payment,5.0,Unknown Device,Houston,2,34,1,Invalid Method,1
1223.98,Bill Payment,17.0,Tablet,Houston,4,6,3,Net Banking,1
420.78,ATM Withdrawal,20.0,Mobile,Chicago,2,38,6,Net Banking,1
2354.97,POS Payment,9.0,Mobile,Los Angeles,4,26,6,Net Banking,1
499.91,Bank Transfer,22.0,Tablet,Los Angeles,2,19,2,UPI,1
2448.99,Bank Transfer,20.0,Mobile,Los Angeles,1,106,12,Debit Card,1
76.91,Bank Transfer,22.0,Tablet,Seattle,2,28,2,Debit Card,1
772.41,Bill Payment,14.0,Tablet,Houston,2,103,14,Net Banking,1
1996.31,Bill Payment,12.0,Mobile,Boston,2,22,10,Credit Card,1
4199.39,POS Payment,10.0,Desktop,Boston,1,42,7,Credit Card,1
3794.24,POS Payment,22.0,Mobile,San Francisco,2,48,11,Net Banking,1
1431.18,ATM Withdrawal,8.0,Mobile,Chicago,2,42,11,Debit Card,1
4269.65,Bill Payment,18.0,Tablet,San Francisco,4,59,3,Debit Card,1
32.86,Bank Transfer,10.0,Mobile,Houston,0,92,5,Net Banking,1
2420.7,Bank Transfer,5.0,Mobile,Miami,2,93,2,Debit Card,1
963.92,Online Purchase,10.0,Desktop,Chicago,2,88,5,Credit Card,1
2464.17,Online Purchase,11.0,Desktop,Miami,4,71,4,Debit Card,1
4412.42,Online Purchase,3.0,Tablet,Los Angeles,0,111,12,Debit Card,1
4995.42,Bank Transfer,12.0,Tablet,Miami,0,99,5,Net Banking,1
4631.51,Bank Transfer,10.0,Desktop,Houston,3,5,6,UPI,1
725.5,ATM Withdrawal,17.0,Tablet,Miami,4,104,3,Debit Card,1
104.58,POS Payment,22.0,Tablet,Boston,0,18,10,UPI,1
4024.45,Bank Transfer,14.0,Desktop,Boston,3,64,4,Net Banking,1
1780.06,POS Payment,0.0,Desktop,Houston,2,42,1,Debit Card,1
1406.16,ATM Withdrawal,15.0,Desktop,Houston,4,89,8,UPI,1
1727.1,ATM Withdrawal,9.0,Tablet,Seattle,4,105,1,Debit Card,1
36.36,Online Purchase,19.0,Unknown Device,New York,1,76,6,Credit Card,1
2496.35,Online Purchase,22.0,Mobile,Chicago,1,113,11,Net Banking,1
4159.07,Bill Payment,14.0,Mobile,Miami,1,84,13,Debit Card,1
2707.12,Bill Payment,11.0,Tablet,Los Angeles,0,79,3,Credit Card,1
3420.39,ATM Withdrawal,14.0,Desktop,Miami,3,105,12,UPI,1
2812.3,ATM Withdrawal,17.0,Desktop,Miami,0,115,12,Net Banking,1
4264.61,ATM Withdrawal,21.0,Tablet,New York,2,9,2,UPI,1
1754.08,Bill Payment,17.0,Desktop,Houston,3,95,9,Credit Card,1
4116.35,POS Payment,4.0,Desktop,Houston,3,89,2,Debit Card,1
4323.86,Bill Payment,22.0,Mobile,Los Angeles,4,89,8,Credit Card,1
945.84,Online Purchase,15.0,Unknown Device,Boston,1,110,4,UPI,1
4996.21,Online Purchase,16.0,Tablet,Houston,2,15,4,Debit Card,1
3719.9,Online Purchase,2.0,Desktop,Chicago,2,69,8,Credit Card,1
2898.8,Online Purchase,0.0,Desktop,Boston,1,54,13,UPI,1
4077.96,Bank Transfer,15.0,Mobile,Houston,0,86,13,UPI,1
1810.89,Bank Transfer,19.0,Desktop,Boston,3,114,13,UPI,1
4583.42,POS Payment,20.0,Tablet,Houston,2,85,1,Credit Card,1
258.85,ATM Withdrawal,18.0,Mobile,Boston,1,54,1,Credit Card,1
168.51,Bank Transfer,14.0,Mobile,Houston,1,27,2,Credit Card,1
3812.52,ATM Withdrawal,2.0,Desktop,Boston,4,29,8,Debit Card,1
3413.46,ATM Withdrawal,16.0,Desktop,San Francisco,1,85,6,Net Banking,1
1305.12,Bill Payment,20.0,Tablet,Boston,0,92,12,Debit Card,1
3428.38,ATM Withdrawal,7.0,Tablet,Los Angeles,0,107,8,Debit Card,1
4047.42,ATM Withdrawal,22.0,Desktop,Boston,4,51,6,Net Banking,1
4065.42,Bank Transfer,8.0,Mobile,Houston,2,57,13,UPI,1
4208.87,Bill Payment,7.0,Tablet,Chicago,2,49,3,UPI,1
4326.07,Bank Transfer,22.0,Tablet,Seattle,3,111,11,Credit Card,1
767.8,POS Payment,15.0,Desktop,San Francisco,1,94,6,Debit Card,1
451.38,ATM Withdrawal,12.0,Mobile,Boston,0,59,2,Credit Card,1
3761.71,Bank Transfer,12.0,Tablet,Boston,3,78,10,Credit Card,1
1781.22,POS Payment,23.0,Tablet,Chicago,4,6,8,UPI,1
3399.96,POS Payment,23.0,Desktop,Miami,3,41,2,UPI,1
1211.87,POS Payment,8.0,Tablet,Houston,4,42,9,Credit Card,1
3245.24,ATM Withdrawal,15.0,Tablet,Los Angeles,1,40,13,UPI,1
4605.47,Bill Payment,8.0,Desktop,Chicago,0,17,12,UPI,1
3316.74,Bank Transfer,22.0,Mobile,Seattle,2,69,9,Net Banking,1
1515.5,Bank Transfer,18.0,Desktop,Boston,0,69,14,Net Banking,1
3772.25,Bank Transfer,7.0,Tablet,Houston,1,55,9,Net Banking,1
1747.71,POS Payment,20.0,Desktop,Los Angeles,3,54,9,Credit Card,1
1156.58,Bill Payment,15.0,Mobile,Boston,2,26,12,Net Banking,1
3462.01,ATM Withdrawal,17.0,Desktop,Houston,0,43,6,Credit Card,1
49997.8,Bill Payment,7.0,Desktop,Houston,0,106,6,Net Banking,1
3667.11,ATM Withdrawal,7.0,Tablet,Houston,0,49,6,Debit Card,1
288.12,POS Payment,14.0,Desktop,Houston,4,16,9,Net Banking,1
2424.95,Online Purchase,19.0,Mobile,San Francisco,1,118,8,Credit Card,1
4802.98,Bill Payment,13.0,Desktop,Chicago,3,114,8,Credit Card,1
1939.22,Online Purchase,11.0,Desktop,Chicago,0,20,4,Net Banking,1
2039.26,ATM Withdrawal,16.0,Tablet,Houston,0,15,9,Debit Card,1
512.29,Online Purchase,10.0,Tablet,Chicago,1,114,14,Credit Card,1
277.58,ATM Withdrawal,10.0,Unknown Device,Boston,4,36,13,Debit Card,1
1140.71,POS Payment,22.0,Desktop,Houston,2,30,11,UPI,1
2059.02,ATM Withdrawal,23.0,Desktop,Boston,1,40,10,Credit Card,1
1466.96,Bill Payment,4.0,Mobile,Houston,2,82,4,Net Banking,1
3433.71,Bank Transfer,23.0,Tablet,Los Angeles,0,117,1,UPI,1
1920.56,ATM Withdrawal,14.0,Desktop,Los Angeles,1,50,1,UPI,1
1430.19,ATM Withdrawal,3.0,Mobile,Miami,2,82,3,Credit Card,1
230.23,ATM Withdrawal,14.0,Desktop,New York,1,98,2,Net Banking,1
1605.85,Bill Payment,13.0,Desktop,Los Angeles,2,77,9,Debit Card,1
969.1,Bill Payment,13.0,Desktop,Los Angeles,3,85,10,UPI,1
1241.7,Bill Payment,23.0,Tablet,Boston,0,71,9,UPI,1
2956.15,ATM Withdrawal,17.0,Unknown Device,Los Angeles,0,6,4,UPI,1
390.71,Bank Transfer,23.0,Tablet,Boston,0,37,1,Credit Card,1
4658.78,Bank Transfer,23.0,Desktop,Miami,1,46,2,Credit Card,1
3666.96,Bank Transfer,14.0,Tablet,New York,4,101,11,Credit Card,1
4821.02,Online Purchase,22.0,Tablet,San Francisco,4,87,11,UPI,1
1165.73,Bill Payment,3.0,Tablet,Boston,3,42,6,Net Banking,1
640.74,POS Payment,22.0,Tablet,Los Angeles,2,105,10,Debit Card,1
3194.93,POS Payment,7.0,Desktop,New York,0,102,1,Net Banking,1
487.18,Bill Payment,10.0,Tablet,Boston,4,12,12,UPI,1
3393.95,Online Purchase,15.0,Mobile,Boston,3,29,13,Credit Card,1
4191.77,ATM Withdrawal,16.0,Desktop,Los Angeles,2,68,10,UPI,1
2547.76,ATM Withdrawal,23.0,Tablet,Houston,4,91,11,UPI,1
3645.44,POS Payment,20.0,Mobile,New York,0,49,11,Debit Card,1
4493.2,Online Purchase,16.0,Mobile,San Francisco,2,56,9,UPI,1
4362.55,POS Payment,14.0,Tablet,Houston,2,112,12,UPI,1
3981.45,Bank Transfer,12.0,Desktop,Miami,2,58,9,Credit Card,1
1309.42,Online Purchase,21.0,Mobile,Boston,2,43,4,Debit Card,1
2498.45,Bill Payment,15.0,Tablet,Los Angeles,3,77,8,UPI,1
3807.73,Bank Transfer,15.0,Desktop,Houston,4,66,2,Credit Card,1
501.24,Bill Payment,23.0,Tablet,San Francisco,3,30,5,UPI,1
4640.49,Online Purchase,14.0,Desktop,Miami,4,59,9,Credit Card,1
4483.15,ATM Withdrawal,14.0,Mobile,Boston,3,117,12,UPI,1
4172.59,Bank Transfer,12.0,Mobile,Boston,0,57,2,Credit Card,1
1468.14,POS Payment,15.0,Mobile,Miami,2,64,12,Credit Card,1
4279.2,ATM Withdrawal,11.0,Desktop,Los Angeles,1,84,12,Net Banking,1
4009.85,Bank Transfer,17.0,Desktop,Houston,4,48,8,UPI,1
2409.56,Online Purchase,20.0,Tablet,Los Angeles,0,84,7,UPI,1
4847.07,Bank Transfer,0.0,Mobile,Boston,4,94,5,Net Banking,1
1821.84,POS Payment,20.0,Desktop,Miami,0,18,5,Debit Card,1
3126.18,POS Payment,20.0,Desktop,Boston,2,81,2,Net Banking,1
4559.99,POS Payment,21.0,Mobile,Boston,2,6,8,Credit Card,1
59.67,Online Purchase,9.0,Mobile,New York,4,101,1,Debit Card,1
3051.85,Bank Transfer,14.0,Mobile,Boston,3,31,7,Credit Card,1
1903.96,POS Payment,22.0,Mobile,Boston,3,76,2,Net Banking,1
3799.09,ATM Withdrawal,8.0,Tablet,Los Angeles,3,113,11,UPI,1
3837.21,Bank Transfer,0.0,Tablet,Los Angeles,1,107,6,Net Banking,1
1277.97,ATM Withdrawal,19.0,Desktop,New York,2,108,8,Credit Card,1
3850.18,Bank Transfer,18.0,Desktop,New York,0,12,4,UPI,1
4913.66,Bill Payment,21.0,Desktop,Boston,0,14,2,UPI,1
49997.8,Online Purchase,3.0,Desktop,Boston,3,69,6,Invalid Method,1
3905.03,Bank Transfer,20.0,Tablet,Chicago,4,83,2,UPI,1
2455.38,Online Purchase,5.0,Tablet,New York,2,112,1,Debit Card,1
3771.15,Online Purchase,20.0,Desktop,Los Angeles,4,100,12,Net Banking,1
3375.15,Bill Payment,23.0,Tablet,Los Angeles,0,74,10,Debit Card,1
2095.64,Bank Transfer,23.0,Mobile,Los Angeles,2,10,7,UPI,1
3922.07,Bank Transfer,8.0,Tablet,Chicago,0,52,5,Net Banking,1
2636.22,ATM Withdrawal,10.0,Desktop,Los Angeles,1,108,5,UPI,1
4029.22,Bank Transfer,8.0,Mobile,Houston,0,118,12,Debit Card,1
1927.89,Bank Transfer,23.0,Desktop,Seattle,4,73,6,Credit Card,1
3979.22,Online Purchase,9.0,Tablet,Houston,2,77,3,Credit Card,1
379.49,POS Payment,18.0,Desktop,Boston,0,15,9,Credit Card,1
2408.4,Bill Payment,13.0,Desktop,Houston,3,1,5,Credit Card,1
1512.46,POS Payment,22.0,Tablet,Boston,4,110,13,UPI,1
2657.77,Online Purchase,15.0,Tablet,San Francisco,1,96,2,Debit Card,1
4202.26,POS Payment,16.0,Desktop,Houston,4,94,4,Net Banking,1
4998.93,Bank Transfer,0.0,Desktop,Chicago,3,96,10,Net Banking,1
2474.6,POS Payment,7.0,Tablet,Boston,2,37,5,UPI,1
983.53,Bank Transfer,20.0,Mobile,Miami,2,95,9,Net Banking,1
2654.34,Bill Payment,7.0,Tablet,Boston,4,73,3,Debit Card,1
261.74,POS Payment,14.0,Tablet,Los Angeles,2,69,6,Debit Card,1
4588.68,Online Purchase,8.0,Tablet,Chicago,2,48,5,Net Banking,1
4837.76,Bill Payment,15.0,Mobile,Los Angeles,3,22,3,Credit Card,1
3997.69,POS Payment,22.0,Mobile,New York,4,75,12,UPI,1
1298.06,POS Payment,16.0,Tablet,Chicago,4,18,8,UPI,1
4056.5,Bill Payment,0.0,Desktop,Boston,2,78,11,Credit Card,1
3670.82,Online Purchase,12.0,Tablet,San Francisco,2,94,6,Credit Card,1
4846.07,Bill Payment,19.0,Mobile,New York,2,75,11,Credit Card,1
1006.15,POS Payment,18.0,Tablet,Los Angeles,4,70,5,Debit Card,1
2267.91,ATM Withdrawal,23.0,Mobile,Chicago,1,73,4,Debit Card,1
2203.22,POS Payment,4.0,Desktop,Chicago,2,32,8,Debit Card,1
2818.08,ATM Withdrawal,7.0,Mobile,Chicago,2,80,9,Invalid Method,1
1789.42,Online Purchase,15.0,Unknown Device,Los Angeles,0,35,4,Credit Card,1
967.43,POS Payment,17.0,Tablet,Los Angeles,4,113,11,UPI,1
49.45,Bill Payment,21.0,Tablet,Houston,4,20,9,Net Banking,1
4900.81,Online Purchase,23.0,Desktop,Chicago,1,26,2,UPI,1
4637.24,POS Payment,1.0,Mobile,Los Angeles,2,56,4,Debit Card,1
286.88,POS Payment,13.0,Mobile,Houston,0,62,3,Net Banking,1
290.2,Bank Transfer,21.0,Mobile,Chicago,0,41,1,UPI,1
3119.17,Online Purchase,4.0,Tablet,Chicago,1,116,6,Net Banking,1
1621.98,POS Payment,5.0,Tablet,San Francisco,0,107,1,Debit Card,1
28.04,Bill Payment,19.0,Tablet,Houston,2,43,5,Net Banking,1
1539.51,Online Purchase,19.0,Tablet,Seattle,1,98,4,Net Banking,1
1911.63,Bill Payment,10.0,Mobile,Miami,1,111,3,Credit Card,1
2940.81,POS Payment,22.0,Mobile,Seattle,4,60,9,Net Banking,1
3956.67,POS Payment,22.0,Tablet,Chicago,3,93,9,Debit Card,1
2450.87,Online Purchase,20.0,Mobile,Miami,1,45,2,Credit Card,1
4818.34,Bill Payment,6.0,Tablet,Chicago,2,115,13,Debit Card,1
1090.75,Bill Payment,12.0,Desktop,Chicago,4,80,11,UPI,1
4290.42,Bank Transfer,6.0,Desktop,Boston,2,15,7,Credit Card,1
3988.23,Bank Transfer,10.0,Tablet,New York,0,99,5,Net Banking,1
3533.52,ATM Withdrawal,9.0,Mobile,Houston,2,16,4,Net Banking,1
4215.49,Online Purchase,9.0,Desktop,San Francisco,0,111,9,Debit Card,1
4428.61,ATM Withdrawal,5.0,Desktop,Houston,3,86,4,Credit Card,1
2500.44,ATM Withdrawal,10.0,Desktop,Los Angeles,3,87,2,Debit Card,1
154.18,Online Purchase,15.0,Tablet,Seattle,1,117,6,UPI,1
4641.9,ATM Withdrawal,5.0,Mobile,Los Angeles,0,108,9,UPI,1
2532.77,POS Payment,17.0,Mobile,New York,4,92,7,Credit Card,1
2859.75,Online Purchase,19.0,Unknown Device,San Francisco,2,51,8,Credit Card,1
595.07,ATM Withdrawal,12.0,Tablet,Houston,1,17,8,Net Banking,1
4215.96,POS Payment,10.0,Tablet,Chicago,0,67,1,Net Banking,1
780.38,Bank Transfer,4.0,Mobile,Miami,0,115,7,Net Banking,1
3842.73,ATM Withdrawal,10.0,Mobile,Chicago,2,119,1,Credit Card,1
4488.02,Online Purchase,19.0,Desktop,Houston,0,50,10,Credit Card,1
3828.95,ATM Withdrawal,21.0,Tablet,New York,4,5,6,Credit Card,1
953.93,Bank Transfer,21.0,Desktop,Miami,1,111,8,Credit Card,1
3795.47,Bill Payment,1.0,Mobile,Boston,0,32,8,Credit Card,1
3015.62,Online Purchase,16.0,Tablet,Boston,3,76,2,UPI,1
2447.72,Bill Payment,22.0,Mobile,Miami,3,31,7,Debit Card,1
3625.03,POS Payment,10.0,Mobile,Miami,0,23,2,Net Banking,1
1273.28,Online Purchase,17.0,Desktop,Houston,4,71,12,UPI,1
702.22,ATM Withdrawal,5.0,Desktop,Chicago,2,39,8,Credit Card,1
4256.93,ATM Withdrawal,10.0,Desktop,Chicago,3,36,2,Net Banking,1
4688.37,Bank Transfer,2.0,Desktop,Miami,0,85,3,UPI,1
3163.08,Bank Transfer,3.0,Desktop,Chicago,1,17,3,UPI,1
3420.3,POS Payment,17.0,Mobile,San Francisco,1,67,1,Debit Card,1
482.95,Bill Payment,14.0,Desktop,Los Angeles,1,71,10,Net Banking,1
3698.57,Bill Payment,12.0,Tablet,Seattle,1,113,7,Credit Card,1
3870.46,Bill Payment,23.0,Tablet,Chicago,1,104,5,Net Banking,1
852.78,Bill Payment,13.0,Mobile,Miami,2,35,1,Credit Card,1
649.42,Bank Transfer,10.0,Mobile,Boston,3,103,3,Debit Card,1
1175.68,Bank Transfer,18.0,Mobile,San Francisco,2,39,3,Net Banking,1
2080.9,POS Payment,14.0,Tablet,Miami,1,60,7,UPI,1
1587.77,ATM Withdrawal,2.0,Mobile,Chicago,1,75,2,Credit Card,1
2045.6,Online Purchase,11.0,Tablet,Boston,0,100,1,Debit Card,1
2930.64,Online Purchase,22.0,Desktop,Los Angeles,2,115,8,Credit Card,1
924.68,Bill Payment,12.0,Mobile,Boston,0,13,12,Debit Card,1
923.44,POS Payment,11.0,Mobile,Chicago,0,31,13,Debit Card,1
4205.04,ATM Withdrawal,10.0,Mobile,Los Angeles,0,107,7,Debit Card,1
4989.03,Online Purchase,19.0,Desktop,Miami,4,72,5,UPI,1
2300.67,Online Purchase,21.0,Tablet,Miami,3,104,11,Credit Card,1
4465.29,POS Payment,21.0,Mobile,Houston,0,68,10,Debit Card,1
2662.63,Online Purchase,22.0,Mobile,Los Angeles,1,25,4,Net Banking,1
4352.86,Online Purchase,11.0,Desktop,Houston,3,100,2,Credit Card,1
3361.46,Bill Payment,16.0,Tablet,Boston,3,16,3,Net Banking,1
680.14,POS Payment,0.0,Desktop,Chicago,2,14,2,UPI,1
2884.73,Bill Payment,10.0,Mobile,Miami,1,95,8,Debit Card,1
2266.34,Bank Transfer,19.0,Mobile,Boston,4,27,13,Credit Card,1
1619.55,Online Purchase,6.0,Desktop,Boston,3,69,10,Net Banking,1
2599.61,Bank Transfer,8.0,Mobile,Chicago,0,61,10,Credit Card,1
2673.86,Online Purchase,16.0,Mobile,Boston,1,66,9,Debit Card,1
4775.84,Bill Payment,8.0,Tablet,Houston,0,85,10,UPI,1
233.8,Bank Transfer,9.0,Tablet,Chicago,0,91,6,Net Banking,1
3252.99,Bank Transfer,4.0,Tablet,Houston,1,102,3,Debit Card,1
3412.53,Bank Transfer,16.0,Desktop,Chicago,4,112,8,Credit Card,1
2484.34,ATM Withdrawal,16.0,Mobile,Boston,1,1,1,UPI,1
3264.01,Bank Transfer,20.0,Mobile,Houston,0,78,2,Credit Card,1
433.65,ATM Withdrawal,16.0,Desktop,Houston,3,18,5,UPI,1
3079.94,Bank Transfer,15.0,Mobile,Houston,4,15,11,Credit Card,1
2726.28,Online Purchase,10.0,Tablet,Boston,3,64,5,Net Banking,1
4060.79,Online Purchase,15.0,Desktop,Los Angeles,4,106,12,Debit Card,1
1869.58,ATM Withdrawal,8.0,Tablet,Houston,2,17,6,UPI,1
2083.06,Bill Payment,1.0,Desktop,Chicago,4,15,2,Credit Card,1
3905.0,Online Purchase,6.0,Tablet,San Francisco,3,106,1,Net Banking,1
3988.6,Bill Payment,23.0,Mobile,New York,3,108,2,UPI,1
4993.35,Bank Transfer,14.0,Tablet,Boston,4,94,4,Credit Card,1
4108.97,Bank Transfer,15.0,Mobile,Houston,0,33,14,UPI,1
2387.42,Bill Payment,20.0,Desktop,Chicago,1,65,5,Debit Card,1
853.85,POS Payment,14.0,Mobile,Los Angeles,1,67,11,Credit Card,1
2689.61,Bill Payment,18.0,Unknown Device,San Francisco,2,89,12,Credit Card,1
2885.36,POS Payment,15.0,Mobile,Boston,3,110,9,Debit Card,1
1702.76,Bill Payment,3.0,Desktop,Boston,0,115,9,Debit Card,1
2045.4,Bill Payment,15.0,Desktop,San Francisco,1,116,13,Credit Card,1
1363.98,Online Purchase,14.0,Tablet,Miami,1,110,4,Debit Card,1
2004.62,Bill Payment,4.0,Mobile,Houston,3,75,2,Debit Card,1
3406.73,Online Purchase,23.0,Mobile,Seattle,3,76,2,UPI,1
187.72,Bank Transfer,8.0,Tablet,Los Angeles,0,31,5,Net Banking,1
1544.95,Online Purchase,11.0,Mobile,Boston,0,54,14,UPI,1
3508.46,Online Purchase,8.0,Desktop,Houston,0,84,10,Debit Card,1
829.09,ATM Withdrawal,14.0,Tablet,Boston,0,111,10,Debit Card,1
4291.33,POS Payment,21.0,Desktop,Houston,1,63,5,UPI,1
8.11,Online Purchase,20.0,Mobile,Boston,0,57,2,UPI,1
50.21,Online Purchase,1.0,Desktop,Boston,3,92,9,Credit Card,1
2651.22,Bill Payment,18.0,Tablet,Miami,3,97,13,Credit Card,1
930.98,Bank Transfer,7.0,Mobile,Los Angeles,2,82,8,Net Banking,1
2215.35,Bank Transfer,23.0,Mobile,Boston,4,34,1,UPI,1
2850.86,ATM Withdrawal,6.0,Mobile,Chicago,3,11,2,Credit Card,1
2849.72,Bill Payment,12.0,Desktop,San Francisco,3,64,1,Credit Card,1
4682.05,ATM Withdrawal,13.0,Tablet,Houston,1,24,9,Net Banking,1
1813.71,POS Payment,2.0,Mobile,Houston,4,99,8,Credit Card,1
49997.8,POS Payment,5.0,Desktop,San Francisco,0,86,8,Credit Card,1
2308.56,POS Payment,19.0,Desktop,Seattle,0,116,11,Debit Card,1
2697.95,Bill Payment,12.0,Desktop,Seattle,1,111,3,Net Banking,1
4913.66,ATM Withdrawal,13.0,Tablet,New York,0,2,4,UPI,1
1222.79,Bill Payment,22.0,Mobile,Boston,3,80,5,UPI,1
4912.45,Bank Transfer,9.0,Tablet,Chicago,1,117,12,Credit Card,1
1595.08,Bank Transfer,12.0,Mobile,Los Angeles,0,35,5,Credit Card,1
28.41,Online Purchase,18.0,Desktop,New York,4,118,5,Net Banking,1
798.51,Bill Payment,22.0,Mobile,Los Angeles,1,21,8,UPI,1
1741.39,Bank Transfer,16.0,Mobile,New York,4,89,11,UPI,1
2928.82,Bill Payment,20.0,Mobile,Chicago,3,19,9,Net Banking,1
2891.86,Bill Payment,11.0,Tablet,San Francisco,4,69,3,Credit Card,1
4568.37,Bank Transfer,18.0,Mobile,Boston,4,59,4,Debit Card,1
4082.99,POS Payment,3.0,Desktop,Boston,4,54,5,UPI,1
3774.03,Bank Transfer,4.0,Desktop,Houston,3,92,12,Invalid Method,1
2992.93,POS Payment,13.0,Tablet,Miami,2,79,1,Debit Card,1
1709.82,Online Purchase,7.0,Desktop,Boston,0,4,6,UPI,1
3974.51,Online Purchase,9.0,Desktop,San Francisco,2,115,4,Debit Card,1
3980.34,Online Purchase,19.0,Desktop,Boston,3,77,2,UPI,1
2045.62,Bank Transfer,23.0,Desktop,Miami,4,106,6,Debit Card,1
1394.69,Bank Transfer,8.0,Desktop,Chicago,0,80,4,Credit Card,1
2421.61,POS Payment,18.0,Tablet,Los Angeles,2,65,5,UPI,1
1467.99,Bank Transfer,11.0,Tablet,Boston,4,26,13,Debit Card,1
54.31,ATM Withdrawal,0.0,Desktop,Chicago,2,98,4,Credit Card,1
2538.56,Bill Payment,18.0,Tablet,Los Angeles,3,59,13,Net Banking,1
1434.53,Bill Payment,12.0,Mobile,Chicago,4,109,3,UPI,1
1679.81,POS Payment,10.0,Mobile,Chicago,4,48,11,Credit Card,1
252.96,ATM Withdrawal,18.0,Tablet,Chicago,4,79,1,UPI,1
1475.05,POS Payment,20.0,Tablet,Houston,1,39,6,Credit Card,1
1014.22,Bank Transfer,5.0,Tablet,Los Angeles,1,83,9,Net Banking,1
282.07,Online Purchase,14.0,Desktop,Seattle,2,97,4,UPI,1
4103.63,Bank Transfer,13.0,Tablet,New York,0,57,3,UPI,1
1688.71,Bill Payment,15.0,Mobile,Boston,4,51,8,UPI,1
170.99,Bill Payment,16.0,Mobile,Los Angeles,0,95,14,Net Banking,1
2056.54,POS Payment,9.0,Desktop,Los Angeles,4,103,10,Net Banking,1
3048.82,Bank Transfer,6.0,Tablet,Los Angeles,3,102,2,UPI,1
1568.91,Bill Payment,7.0,Mobile,Los Angeles,0,87,6,UPI,1
1337.06,Bill Payment,5.0,Tablet,Los Angeles,1,118,5,Invalid Method,1
1136.39,Bill Payment,4.0,Desktop,Houston,3,118,12,Net Banking,1
2221.6,Online Purchase,16.0,Desktop,Los Angeles,0,85,1,Net Banking,1
2374.32,ATM Withdrawal,5.0,Tablet,Boston,2,90,11,UPI,1
3006.8,Bank Transfer,17.0,Desktop,Boston,1,88,14,UPI,1
603.99,Online Purchase,13.0,Tablet,Miami,1,51,1,Debit Card,1
1683.37,Bank Transfer,0.0,Desktop,Boston,2,42,8,Credit Card,1
1816.6,ATM Withdrawal,19.0,Tablet,San Francisco,2,102,6,UPI,1
3305.26,Online Purchase,22.0,Desktop,Houston,4,66,7,Net Banking,1
4320.42,ATM Withdrawal,8.0,Mobile,Boston,0,116,4,Net Banking,1
2334.25,ATM Withdrawal,14.0,Tablet,Houston,4,61,11,Credit Card,1
873.21,Bill Payment,18.0,Desktop,Boston,4,8,9,Net Banking,1
4060.95,Bill Payment,2.0,Tablet,Houston,1,73,6,Net Banking,1
51.58,Bank Transfer,10.0,Mobile,Los Angeles,4,118,4,Debit Card,1
3285.37,POS Payment,17.0,Mobile,Seattle,0,87,7,UPI,1
366.0,Bank Transfer,23.0,Desktop,San Francisco,1,106,3,UPI,1
1084.42,POS Payment,21.0,Tablet,Seattle,2,114,2,Credit Card,1
2164.61,Online Purchase,14.0,Mobile,New York,4,105,8,Net Banking,1
3347.9,Bill Payment,21.0,Tablet,Boston,1,52,11,Net Banking,1
2719.36,Bank Transfer,21.0,Tablet,Houston,0,30,10,Invalid Method,1
671.05,Online Purchase,23.0,Desktop,Chicago,1,24,4,UPI,1
3655.54,ATM Withdrawal,11.0,Mobile,Miami,3,106,9,Debit Card,1
262.92,Bank Transfer,22.0,Desktop,Miami,2,116,1,Debit Card,1
2097.11,Online Purchase,18.0,Mobile,Los Angeles,4,38,9,UPI,1
2659.04,ATM Withdrawal,1.0,Tablet,Boston,1,113,5,Net Banking,1
252.02,Bank Transfer,22.0,Tablet,New York,2,108,13,Debit Card,1
1428.31,Online Purchase,23.0,Mobile,Boston,2,71,11,Net Banking,1
1871.37,POS Payment,20.0,Mobile,Houston,0,113,8,Debit Card,1
232.14,Online Purchase,14.0,Mobile,Houston,0,74,11,Credit Card,1
249.27,ATM Withdrawal,1.0,Desktop,Boston,4,111,13,Credit Card,1
2003.48,Online Purchase,22.0,Desktop,Chicago,2,48,6,UPI,1
3372.57,Bank Transfer,18.0,Tablet,Chicago,4,19,6,UPI,1
1961.34,POS Payment,22.0,Tablet,Boston,2,119,5,Debit Card,1
4605.89,POS Payment,14.0,Mobile,Houston,4,90,4,UPI,1
3096.13,Online Purchase,14.0,Desktop,San Francisco,3,118,8,Credit Card,1
3166.33,Bill Payment,21.0,Tablet,Houston,3,51,1,UPI,1
161.36,ATM Withdrawal,7.0,Tablet,Houston,3,114,5,Credit Card,1
3082.33,POS Payment,7.0,Mobile,Boston,0,12,4,UPI,1
4391.75,Bank Transfer,23.0,Tablet,Seattle,3,90,13,Invalid Method,1
3494.15,POS Payment,15.0,Desktop,Chicago,0,29,11,Debit Card,1
3906.67,ATM Withdrawal,17.0,Mobile,San Francisco,4,71,8,Credit Card,1
3587.57,Bank Transfer,8.0,Desktop,Miami,0,50,2,Credit Card,1
2261.29,POS Payment,23.0,Desktop,San Francisco,4,3,5,UPI,1
1827.02,Online Purchase,23.0,Tablet,Seattle,1,10,1,Invalid Method,1
4192.21,POS Payment,16.0,Unknown Device,Houston,0,1,14,Net Banking,1
1071.45,Online Purchase,6.0,Mobile,Boston,4,31,8,Credit Card,1
4610.8,Online Purchase,3.0,Mobile,Chicago,1,43,4,Debit Card,1
4830.4,POS Payment,12.0,Desktop,Miami,3,29,1,Debit Card,1
2899.56,Bank Transfer,21.0,Desktop,Chicago,1,68,13,UPI,1
4056.88,ATM Withdrawal,16.0,Mobile,New York,0,31,4,Credit Card,1
3464.01,Bill Payment,7.0,Tablet,New York,4,70,3,UPI,1
537.65,Bank Transfer,19.0,Desktop,Los Angeles,0,54,2,Credit Card,1
1762.1,Bill Payment,16.0,Mobile,Boston,4,59,4,UPI,1
1490.92,Bill Payment,22.0,Tablet,San Francisco,3,56,6,UPI,1
2634.0,Online Purchase,13.0,Mobile,Chicago,2,56,4,UPI,1
2705.68,POS Payment,9.0,Desktop,Seattle,2,114,1,Credit Card,1
196.03,ATM Withdrawal,16.0,Mobile,Los Angeles,4,83,12,Net Banking,1
2830.41,Bill Payment,4.0,Mobile,Boston,3,88,8,UPI,1
2590.99,ATM Withdrawal,19.0,Desktop,Boston,2,85,14,Net Banking,1
4592.63,POS Payment,8.0,Tablet,Houston,0,48,5,UPI,1
3292.58,Bank Transfer,13.0,Mobile,Houston,2,77,13,Net Banking,1
2961.7,POS Payment,12.0,Mobile,Boston,4,110,5,Credit Card,1
982.1,Bill Payment,15.0,Mobile,Los Angeles,1,89,8,UPI,1
1491.82,Online Purchase,5.0,Mobile,Miami,1,118,4,Debit Card,1
1712.4,ATM Withdrawal,20.0,Tablet,Boston,4,71,7,Debit Card,1
3194.79,Bank Transfer,18.0,Desktop,Seattle,2,114,7,UPI,1
896.41,ATM Withdrawal,15.0,Desktop,Los Angeles,2,19,8,UPI,1
4638.31,Online Purchase,10.0,Tablet,Boston,1,118,3,Debit Card,1
3607.4,Bill Payment,11.0,Mobile,Boston,1,53,9,Net Banking,1
2016.19,POS Payment,15.0,Mobile,Boston,4,30,7,Debit Card,1
941.77,Bill Payment,22.0,Tablet,New York,1,86,4,UPI,1
3363.14,POS Payment,19.0,Mobile,New York,4,103,13,Credit Card,1
2089.09,ATM Withdrawal,14.0,Tablet,Los Angeles,4,10,4,Net Banking,1
1553.93,POS Payment,3.0,Tablet,Chicago,2,28,6,UPI,1
1270.02,Bill Payment,22.0,Mobile,Boston,3,2,10,Credit Card,1
2500.44,Bill Payment,17.0,Tablet,Miami,4,96,14,UPI,1
4036.4,Bank Transfer,10.0,Mobile,Boston,3,3,7,Credit Card,1
793.51,Online Purchase,23.0,Tablet,Los Angeles,4,59,3,Credit Card,1
4826.37,POS Payment,16.0,Desktop,Los Angeles,3,10,4,Net Banking,1
484.07,ATM Withdrawal,4.0,Desktop,Boston,3,110,12,UPI,1
2690.42,POS Payment,23.0,Mobile,Chicago,2,88,7,Credit Card,1
4629.08,ATM Withdrawal,22.0,Mobile,Chicago,4,51,4,Debit Card,1
4577.9,Bill Payment,11.0,Tablet,New York,3,111,2,Credit Card,1
831.87,POS Payment,13.0,Mobile,Boston,1,86,9,UPI,1
1450.91,Bill Payment,20.0,Mobile,Chicago,2,85,13,UPI,1
2203.75,ATM Withdrawal,0.0,Tablet,Houston,0,106,9,UPI,1
4371.13,ATM Withdrawal,18.0,Tablet,Los Angeles,2,103,1,UPI,1
4336.39,Bill Payment,12.0,Mobile,Houston,4,110,10,Invalid Method,1
3845.71,POS Payment,15.0,Desktop,Houston,1,56,14,Credit Card,1
2807.39,Online Purchase,20.0,Desktop,Boston,4,108,5,UPI,1
3875.65,POS Payment,4.0,Mobile,Chicago,4,70,6,Credit Card,1
3012.99,Online Purchase,15.0,Desktop,Los Angeles,4,97,11,Net Banking,1
1484.27,POS Payment,18.0,Desktop,Houston,1,110,12,Credit Card,1
3409.48,Bill Payment,14.0,Mobile,New York,1,16,5,Debit Card,1
754.53,POS Payment,22.0,Tablet,Houston,4,52,2,Debit Card,1
3824.45,POS Payment,14.0,Desktop,Los Angeles,2,20,11,Net Banking,1
304.1,ATM Withdrawal,20.0,Unknown Device,San Francisco,0,94,12,Credit Card,1
235.76,ATM Withdrawal,20.0,Mobile,Seattle,0,102,8,Credit Card,1
2904.5,ATM Withdrawal,17.0,Mobile,New York,1,111,5,Credit Card,1
639.77,Bank Transfer,20.0,Desktop,Chicago,1,113,12,Net Banking,1
4429.89,ATM Withdrawal,19.0,Mobile,New York,0,28,5,Credit Card,1
1106.31,Online Purchase,21.0,Tablet,San Francisco,0,77,5,UPI,1
243.98,Bill Payment,2.0,Desktop,Boston,0,24,1,UPI,1
2658.18,ATM Withdrawal,15.0,Mobile,Houston,0,28,9,Credit Card,1
4349.06,ATM Withdrawal,10.0,Tablet,Los Angeles,3,39,2,Debit Card,1
4507.01,Bank Transfer,9.0,Mobile,Chicago,3,75,11,Debit Card,1
2908.35,ATM Withdrawal,21.0,Mobile,Houston,3,26,7,Credit Card,1
3764.66,Bank Transfer,14.0,Desktop,Houston,0,73,6,Credit Card,1
4953.8,Bank Transfer,21.0,Mobile,San Francisco,1,48,1,Debit Card,1
2946.33,POS Payment,14.0,Tablet,Chicago,0,60,9,UPI,1
1662.66,Bill Payment,21.0,Desktop,Chicago,3,106,9,Net Banking,1
362.78,ATM Withdrawal,14.0,Mobile,Boston,0,39,13,UPI,1
2788.81,Bank Transfer,20.0,Mobile,Miami,3,109,7,Net Banking,1
4366.49,Online Purchase,21.0,Unknown Device,Boston,2,27,8,UPI,1
601.93,Bill Payment,16.0,Tablet,New York,2,101,8,Net Banking,1
2268.81,ATM Withdrawal,22.0,Tablet,Chicago,3,111,2,Credit Card,1
1920.56,POS Payment,9.0,Tablet,New York,3,103,2,Credit Card,1
2763.27,Bill Payment,20.0,Desktop,Chicago,2,83,10,Credit Card,1
2290.08,Online Purchase,16.0,Tablet,Boston,3,32,8,UPI,1
3548.36,ATM Withdrawal,4.0,Mobile,Boston,4,114,3,UPI,1
3170.72,POS Payment,23.0,Mobile,Chicago,2,85,3,Debit Card,1
989.44,Bank Transfer,15.0,Tablet,Miami,4,66,10,Debit Card,1
1134.26,ATM Withdrawal,22.0,Mobile,Houston,1,43,11,UPI,1
1010.05,Bill Payment,22.0,Tablet,Boston,3,53,11,Invalid Method,1
1132.89,Online Purchase,19.0,Mobile,Chicago,0,6,6,Credit Card,1
294.26,Bank Transfer,5.0,Mobile,New York,0,116,3,Net Banking,1
3573.5,Bill Payment,13.0,Desktop,Chicago,4,51,10,UPI,1
540.52,ATM Withdrawal,16.0,Mobile,Boston,3,119,7,Net Banking,1
2060.25,Bill Payment,7.0,Tablet,New York,4,92,4,Net Banking,1
4854.42,ATM Withdrawal,1.0,Desktop,Boston,0,116,10,UPI,1
646.11,Bill Payment,1.0,Tablet,Boston,4,108,12,Net Banking,1
4909.4,Bill Payment,16.0,Tablet,Chicago,0,57,11,Invalid Method,1
1737.19,Bill Payment,23.0,Tablet,Miami,0,10,3,UPI,1
4206.94,Online Purchase,16.0,Mobile,Seattle,1,90,7,Debit Card,1
49997.8,Bill Payment,23.0,Tablet,Houston,4,95,9,Net Banking,1
3074.87,Online Purchase,22.0,Mobile,San Francisco,2,16,4,Credit Card,1
2222.88,Bank Transfer,8.0,Tablet,Chicago,1,82,1,Debit Card,1
4607.74,ATM Withdrawal,0.0,Desktop,Los Angeles,1,86,8,UPI,1
1065.89,ATM Withdrawal,7.0,Tablet,Miami,3,59,2,Credit Card,1
4698.0,ATM Withdrawal,20.0,Tablet,Los Angeles,3,119,13,Credit Card,1
3200.29,Bank Transfer,13.0,Tablet,Miami,2,91,5,Net Banking,1
3480.42,Bill Payment,10.0,Desktop,Boston,3,7,5,Net Banking,1
4208.29,Bank Transfer,2.0,Mobile,Chicago,3,62,9,Debit Card,1
4295.1,POS Payment,16.0,Mobile,Chicago,4,26,6,Net Banking,1
4563.13,Online Purchase,16.0,Desktop,Miami,2,70,5,UPI,1
894.65,Online Purchase,18.0,Desktop,Chicago,3,94,13,UPI,1
1986.38,ATM Withdrawal,8.0,Mobile,Miami,0,95,2,Net Banking,1
196.26,POS Payment,17.0,Desktop,Los Angeles,2,114,2,Net Banking,1
2972.09,ATM Withdrawal,19.0,Desktop,Seattle,2,51,2,Credit Card,1
661.53,Bank Transfer,4.0,Desktop,Chicago,3,88,14,Net Banking,1
2413.99,Online Purchase,7.0,Mobile,Boston,3,107,14,UPI,1
1212.47,Bill Payment,21.0,Desktop,Los Angeles,4,54,3,Debit Card,1
1147.23,Online Purchase,13.0,Mobile,Houston,0,35,11,Debit Card,1
513.98,ATM Withdrawal,4.0,Desktop,Chicago,4,94,11,UPI,1
2662.05,Bank Transfer,21.0,Desktop,Los Angeles,1,26,1,Debit Card,1
1256.05,Bank Transfer,14.0,Desktop,Los Angeles,0,57,11,UPI,1
1309.42,ATM Withdrawal,15.0,Desktop,New York,2,111,10,Debit Card,1
1328.66,Bill Payment,14.0,Unknown Device,Chicago,4,26,8,Debit Card,1
2324.89,Bill Payment,21.0,Desktop,New York,4,118,5,Debit Card,1
2446.35,Online Purchase,14.0,Mobile,New York,4,14,2,Credit Card,1
2335.44,Bank Transfer,8.0,Unknown Device,Boston,1,66,13,Credit Card,1
1040.58,ATM Withdrawal,13.0,Desktop,Los Angeles,0,54,6,UPI,1
3836.58,Bill Payment,13.0,Tablet,Miami,3,87,6,Debit Card,1
3410.84,POS Payment,17.0,Mobile,Seattle,3,103,1,Net Banking,1
930.68,ATM Withdrawal,16.0,Tablet,Boston,4,70,7,Debit Card,1
49997.8,ATM Withdrawal,15.0,Desktop,Houston,0,35,14,Credit Card,1
3635.4,ATM Withdrawal,7.0,Tablet,Los Angeles,1,43,6,Net Banking,1
3961.36,POS Payment,11.0,Unknown Device,Chicago,4,53,8,Net Banking,1
2545.12,Online Purchase,23.0,Tablet,Los Angeles,0,45,10,Credit Card,1
2282.02,POS Payment,6.0,Desktop,Miami,1,95,2,Credit Card,1
4168.85,Bill Payment,18.0,Tablet,Los Angeles,2,28,7,UPI,1
1153.9,Bill Payment,20.0,Mobile,Chicago,0,114,3,Net Banking,1
2090.62,Bank Transfer,22.0,Mobile,Miami,1,62,14,Debit Card,1
49997.8,Bill Payment,9.0,Tablet,Miami,3,104,2,Credit Card,1
1829.76,POS Payment,6.0,Tablet,Boston,1,33,13,UPI,1
4121.33,ATM Withdrawal,22.0,Unknown Device,Boston,2,51,9,Credit Card,1
3565.93,Bank Transfer,15.0,Tablet,Los Angeles,2,94,4,Credit Card,1
1750.05,POS Payment,13.0,Tablet,Boston,4,36,9,Credit Card,1
3344.96,Bank Transfer,19.0,Desktop,Houston,3,53,4,UPI,1
4519.5,ATM Withdrawal,20.0,Desktop,New York,0,106,8,Net Banking,1
776.15,Bill Payment,13.0,Mobile,Los Angeles,2,59,12,Debit Card,1
3026.4,Bank Transfer,12.0,Mobile,Boston,2,32,10,Debit Card,1
4103.29,POS Payment,15.0,Mobile,San Francisco,2,74,9,Credit Card,1
49997.8,Bill Payment,22.0,Mobile,Boston,3,114,1,UPI,1
4155.61,Online Purchase,1.0,Tablet,Los Angeles,4,114,7,Credit Card,1
992.38,ATM Withdrawal,18.0,Desktop,Boston,4,45,5,Debit Card,1
4802.95,Bank Transfer,4.0,Tablet,New York,2,114,7,UPI,1
3775.43,Online Purchase,4.0,Desktop,Boston,2,80,4,Credit Card,1
3376.73,Online Purchase,9.0,Mobile,Miami,3,59,4,Invalid Method,1
1393.41,POS Payment,11.0,Tablet,Los Angeles,2,32,5,UPI,1
2362.34,Online Purchase,22.0,Desktop,Los Angeles,4,10,7,UPI,1
1714.01,POS Payment,5.0,Mobile,Boston,1,47,9,Debit Card,1
457.02,Bank Transfer,16.0,Tablet,Chicago,1,46,5,UPI,1
726.47,POS Payment,11.0,Desktop,Houston,3,90,6,UPI,1
3534.51,Online Purchase,9.0,Desktop,New York,0,101,11,Credit Card,1
100.05,POS Payment,14.0,Tablet,San Francisco,4,97,3,Net Banking,1
49997.8,Bill Payment,6.0,Desktop,Boston,0,75,13,Debit Card,1
3143.93,Bank Transfer,18.0,Desktop,Chicago,3,18,8,Debit Card,1
2607.78,Bank Transfer,21.0,Desktop,Seattle,3,56,4,UPI,1
4113.79,Online Purchase,0.0,Tablet,Miami,3,112,2,Credit Card,1
4807.19,POS Payment,5.0,Desktop,Miami,4,70,2,Debit Card,1
2264.04,POS Payment,22.0,Desktop,Chicago,3,87,3,Debit Card,1
2436.52,Online Purchase,2.0,Tablet,Houston,2,101,13,Credit Card,1
1198.64,Bank Transfer,12.0,Tablet,Houston,0,46,4,UPI,1
1803.4,POS Payment,16.0,Desktop,Houston,3,96,10,Credit Card,1
4244.25,ATM Withdrawal,15.0,Mobile,San Francisco,2,112,10,UPI,1
3125.55,Bank Transfer,20.0,Mobile,New York,1,60,1,Invalid Method,1
2779.07,Bank Transfer,9.0,Mobile,Boston,1,47,2,Credit Card,1
4352.62,POS Payment,11.0,Tablet,Miami,4,77,12,UPI,1
1764.64,ATM Withdrawal,13.0,Mobile,New York,4,48,5,Net Banking,1
4679.46,Bank Transfer,16.0,Tablet,Boston,0,50,4,UPI,1
3892.76,Bill Payment,23.0,Desktop,Seattle,4,114,10,Net Banking,1
1308.66,Bank Transfer,16.0,Desktop,New York,0,3,1,Net Banking,1
134.21,Bill Payment,19.0,Desktop,Los Angeles,3,43,3,UPI,1
2722.3,Bank Transfer,0.0,Tablet,Houston,2,116,1,Credit Card,1
2726.45,Bill Payment,17.0,Unknown Device,New York,4,68,10,Debit Card,1
1633.71,ATM Withdrawal,5.0,Tablet,New York,0,103,3,Credit Card,1
2124.68,Online Purchase,16.0,Desktop,Chicago,1,92,10,UPI,1
2545.12,Bill Payment,14.0,Desktop,Houston,0,5,1,Invalid Method,1
2111.16,ATM Withdrawal,13.0,Desktop,Chicago,4,105,8,Net Banking,1
4674.59,ATM Withdrawal,10.0,Mobile,Chicago,0,113,3,Credit Card,1
508.0,POS Payment,18.0,Tablet,Boston,3,17,4,Credit Card,1
2468.99,ATM Withdrawal,13.0,Tablet,Houston,4,55,14,UPI,1
1122.89,ATM Withdrawal,20.0,Tablet,Houston,0,30,7,Debit Card,1
3194.69,Bill Payment,18.0,Mobile,Los Angeles,2,119,7,Credit Card,1
1681.05,POS Payment,4.0,Tablet,Houston,2,29,4,Debit Card,1
3778.22,Online Purchase,11.0,Mobile,Los Angeles,4,85,14,UPI,1
973.22,POS Payment,21.0,Mobile,San Francisco,3,86,12,UPI,1
1847.73,ATM Withdrawal,0.0,Mobile,Chicago,4,63,2,Net Banking,1
3267.06,POS Payment,23.0,Tablet,Boston,2,15,8,UPI,1
931.39,ATM Withdrawal,18.0,Desktop,Miami,0,26,9,Net Banking,1
1555.78,Bank Transfer,22.0,Mobile,Los Angeles,2,69,3,Debit Card,1
505.46,Online Purchase,20.0,Desktop,Boston,0,98,6,Debit Card,1
1472.4,ATM Withdrawal,23.0,Tablet,Los Angeles,4,89,11,Debit Card,1
438.35,ATM Withdrawal,9.0,Tablet,Chicago,0,106,6,UPI,1
4242.55,Bank Transfer,22.0,Tablet,New York,2,20,1,Invalid Method,1
374.4,Online Purchase,17.0,Tablet,Los Angeles,0,104,4,Credit Card,1
4249.67,ATM Withdrawal,20.0,Tablet,San Francisco,3,68,11,UPI,1
3852.97,Online Purchase,14.0,Mobile,Miami,1,80,13,Debit Card,1
4867.66,Bank Transfer,11.0,Mobile,Miami,4,107,14,Debit Card,1
203.57,ATM Withdrawal,15.0,Mobile,Houston,1,43,10,Credit Card,1
1023.04,Online Purchase,8.0,Desktop,Chicago,1,70,8,Debit Card,1
1023.59,Bill Payment,9.0,Mobile,Chicago,1,110,14,UPI,1
528.14,Bill Payment,21.0,Mobile,Miami,1,81,3,UPI,1
3494.7,Bank Transfer,3.0,Desktop,Miami,0,64,2,Debit Card,1
3207.53,POS Payment,6.0,Mobile,New York,0,99,6,Net Banking,1
3228.49,ATM Withdrawal,19.0,Tablet,Seattle,4,78,4,Credit Card,1
4137.03,Bill Payment,13.0,Mobile,Houston,0,82,3,Credit Card,1
1329.13,Bank Transfer,17.0,Tablet,Boston,3,24,12,Debit Card,1
4450.03,Online Purchase,3.0,Mobile,Chicago,1,87,14,UPI,1
1553.49,Bank Transfer,15.0,Mobile,Houston,2,11,10,Invalid Method,1
1674.59,ATM Withdrawal,23.0,Mobile,Boston,4,54,5,Credit Card,1
3260.96,Bill Payment,18.0,Tablet,San Francisco,2,102,7,Debit Card,1
4665.71,Online Purchase,18.0,Mobile,Chicago,0,28,12,Debit Card,1
3003.4,ATM Withdrawal,18.0,Desktop,Houston,0,53,10,UPI,1
2207.18,POS Payment,21.0,Desktop,Houston,1,118,14,UPI,1
215.04,Bill Payment,15.0,Desktop,Miami,1,41,7,UPI,1
3442.69,Bill Payment,9.0,Mobile,Chicago,3,59,1,Net Banking,1
2228.45,POS Payment,6.0,Desktop,Chicago,3,46,5,Debit Card,1
2530.89,Bill Payment,23.0,Tablet,Los Angeles,2,42,6,Debit Card,1
3088.02,Bill Payment,21.0,Tablet,New York,1,27,7,Debit Card,1
588.49,Bill Payment,12.0,Tablet,Boston,1,80,3,UPI,1
4720.39,ATM Withdrawal,2.0,Desktop,Chicago,4,44,7,Net Banking,1
3553.66,Bill Payment,10.0,Tablet,Los Angeles,4,2,5,Net Banking,1
3155.53,POS Payment,13.0,Tablet,New York,4,114,14,Credit Card,1
3006.18,Bill Payment,22.0,Desktop,Houston,4,37,8,Debit Card,1
589.08,POS Payment,19.0,Desktop,Los Angeles,3,99,1,UPI,1
2442.27,ATM Withdrawal,5.0,Desktop,Boston,2,2,5,UPI,1
2566.16,ATM Withdrawal,22.0,Mobile,Houston,4,29,13,UPI,1
939.81,ATM Withdrawal,16.0,Desktop,Los Angeles,2,28,10,Credit Card,1
4093.52,Bank Transfer,18.0,Mobile,Chicago,0,42,7,Credit Card,1
711.13,Online Purchase,8.0,Tablet,Houston,0,57,3,Credit Card,1
956.36,Bank Transfer,8.0,Tablet,Houston,4,117,7,UPI,1
1897.29,POS Payment,20.0,Mobile,Boston,2,13,14,UPI,1
4082.61,Bank Transfer,13.0,Mobile,Los Angeles,1,18,4,UPI,1
2234.9,Online Purchase,7.0,Mobile,Houston,3,68,11,Debit Card,1
2016.76,ATM Withdrawal,15.0,Tablet,Boston,2,92,7,UPI,1
1964.14,Bank Transfer,17.0,Mobile,San Francisco,0,53,7,Net Banking,1
3915.1,Bank Transfer,18.0,Desktop,Chicago,3,74,9,Credit Card,1
3280.72,ATM Withdrawal,16.0,Tablet,Los Angeles,3,63,6,UPI,1
4465.43,Bill Payment,18.0,Mobile,Boston,0,102,3,Credit Card,1
3947.45,Bill Payment,15.0,Tablet,Chicago,3,14,13,Credit Card,1
2375.49,ATM Withdrawal,10.0,Desktop,San Francisco,0,57,2,UPI,1
452.15,Bank Transfer,9.0,Desktop,Boston,0,3,9,Net Banking,1
3507.97,Bank Transfer,0.0,Desktop,Chicago,2,24,3,Net Banking,1
105.01,Online Purchase,9.0,Mobile,New York,1,111,3,Credit Card,1
2221.2,ATM Withdrawal,5.0,Desktop,Houston,3,102,6,Net Banking,1
4112.2,Online Purchase,15.0,Desktop,San Francisco,0,85,10,UPI,1
922.12,Online Purchase,21.0,Desktop,Seattle,1,96,4,Credit Card,1
3906.67,Online Purchase,15.0,Mobile,Los Angeles,1,25,2,Debit Card,1
1565.89,Bill Payment,18.0,Mobile,Chicago,1,104,14,Net Banking,1
278.87,Bill Payment,19.0,Desktop,Houston,2,17,7,Debit Card,1
4267.51,ATM Withdrawal,7.0,Tablet,Boston,0,3,2,Credit Card,1
1252.33,POS Payment,20.0,Mobile,San Francisco,3,44,5,Net Banking,1
4714.21,POS Payment,15.0,Tablet,Los Angeles,3,84,3,Credit Card,1
4707.25,Bank Transfer,17.0,Desktop,Houston,3,16,9,Credit Card,1
773.65,ATM Withdrawal,8.0,Mobile,Boston,4,4,5,Credit Card,1
1326.38,ATM Withdrawal,17.0,Mobile,New York,2,107,2,Credit Card,1
3697.5,Bill Payment,4.0,Desktop,Los Angeles,1,77,8,UPI,1
3461.99,Online Purchase,14.0,Desktop,Los Angeles,1,2,7,Debit Card,1
1893.98,Online Purchase,4.0,Tablet,Chicago,1,3,6,Credit Card,1
4199.39,ATM Withdrawal,4.0,Desktop,Los Angeles,2,92,12,UPI,1
664.4,Bank Transfer,22.0,Unknown Device,Los Angeles,1,42,9,UPI,1
2954.96,ATM Withdrawal,9.0,Mobile,New York,3,91,7,UPI,1
1593.29,ATM Withdrawal,1.0,Tablet,Miami,0,108,3,Credit Card,1
1291.39,Online Purchase,20.0,Mobile,Houston,4,6,4,Net Banking,1
3490.0,POS Payment,23.0,Tablet,San Francisco,3,98,6,UPI,1
1480.15,Bill Payment,16.0,Tablet,Houston,4,79,10,Credit Card,1
1664.41,Bank Transfer,19.0,Desktop,Chicago,2,114,4,Net Banking,1
3207.92,Bank Transfer,9.0,Desktop,Chicago,4,13,9,Debit Card,1
4503.77,ATM Withdrawal,15.0,Mobile,Houston,4,107,1,Debit Card,1
2934.85,POS Payment,17.0,Mobile,Miami,4,48,13,Net Banking,1
3087.17,POS Payment,21.0,Tablet,Chicago,1,71,1,Credit Card,1
3420.67,Bank Transfer,4.0,Tablet,Boston,2,68,2,Net Banking,1
2707.54,Bank Transfer,10.0,Desktop,Boston,4,14,14,Net Banking,1
3685.83,Bank Transfer,1.0,Tablet,Boston,2,96,5,Debit Card,1
4177.1,ATM Withdrawal,12.0,Tablet,San Francisco,2,111,9,Net Banking,1
4722.74,Bank Transfer,15.0,Desktop,Miami,4,110,14,Credit Card,1
4249.61,Bill Payment,7.0,Desktop,Houston,3,55,3,Credit Card,1
4769.98,ATM Withdrawal,22.0,Tablet,San Francisco,4,113,4,Net Banking,1
2160.84,ATM Withdrawal,11.0,Tablet,Los Angeles,1,33,6,Net Banking,1
3176.53,Online Purchase,18.0,Mobile,Houston,1,118,10,Net Banking,1
581.61,Bill Payment,2.0,Tablet,Houston,4,56,4,UPI,1
2420.71,ATM Withdrawal,14.0,Mobile,Los Angeles,4,109,1,Net Banking,1
1849.82,Online Purchase,23.0,Desktop,Boston,4,7,12,Net Banking,1
1266.28,ATM Withdrawal,19.0,Tablet,Chicago,1,102,6,UPI,1
4396.59,POS Payment,1.0,Mobile,Chicago,0,101,4,Net Banking,1
2052.67,Bank Transfer,14.0,Tablet,Chicago,0,71,2,Debit Card,1
2090.11,Bill Payment,15.0,Mobile,Boston,4,89,9,Net Banking,1
2420.39,Bank Transfer,9.0,Desktop,Los Angeles,1,114,1,Debit Card,1
340.52,Bank Transfer,9.0,Desktop,Houston,0,94,12,UPI,1
211.92,Online Purchase,22.0,Desktop,Los Angeles,1,100,6,UPI,1
194.95,Bank Transfer,17.0,Mobile,Chicago,2,68,5,Credit Card,1
4477.41,Online Purchase,15.0,Mobile,Chicago,4,40,4,Credit Card,1
1189.22,ATM Withdrawal,15.0,Tablet,Chicago,3,108,12,Debit Card,1
4492.62,Bank Transfer,18.0,Tablet,New York,0,83,10,Debit Card,1
3576.4,ATM Withdrawal,7.0,Desktop,Houston,1,79,11,Debit Card,1
4160.6,POS Payment,4.0,Desktop,Chicago,2,32,10,Credit Card,1
3915.91,Bill Payment,21.0,Mobile,San Francisco,0,113,13,Net Banking,1
3439.35,Bill Payment,9.0,Tablet,Houston,3,33,3,UPI,1
2671.98,Bank Transfer,8.0,Desktop,Boston,1,69,9,Debit Card,1
869.97,Bank Transfer,11.0,Mobile,Los Angeles,1,60,6,Net Banking,1
4127.0,Bank Transfer,17.0,Tablet,New York,4,96,13,Net Banking,1
2013.53,Online Purchase,20.0,Mobile,Miami,4,8,1,Net Banking,1
2641.76,ATM Withdrawal,8.0,Tablet,Chicago,4,5,2,UPI,1
1571.94,ATM Withdrawal,22.0,Mobile,San Francisco,2,62,4,Credit Card,1
4516.12,POS Payment,16.0,Unknown Device,Chicago,1,51,3,Net Banking,1
2879.52,Bill Payment,15.0,Mobile,Boston,1,63,1,UPI,1
949.4,Bill Payment,6.0,Desktop,Boston,2,4,5,UPI,1
1622.73,ATM Withdrawal,17.0,Mobile,Chicago,0,100,3,UPI,1
2822.8,POS Payment,10.0,Tablet,Chicago,2,109,3,Net Banking,1
1167.75,Bank Transfer,23.0,Mobile,Seattle,1,111,11,UPI,1
2625.92,Online Purchase,14.0,Mobile,Houston,0,78,1,Credit Card,1
4682.05,Bill Payment,11.0,Tablet,Los Angeles,0,28,6,Debit Card,1
529.89,Online Purchase,4.0,Desktop,Houston,2,82,6,Net Banking,1
1533.25,Bill Payment,6.0,Mobile,San Francisco,0,118,1,Credit Card,1
3209.47,Bill Payment,21.0,Desktop,Miami,1,79,12,Credit Card,1
3903.74,Bank Transfer,5.0,Mobile,Chicago,1,90,13,Credit Card,1
3389.32,ATM Withdrawal,19.0,Tablet,Miami,2,68,1,UPI,1
1607.03,Bank Transfer,22.0,Tablet,Chicago,0,54,3,Credit Card,1
40.72,POS Payment,13.0,Tablet,Chicago,2,47,3,Credit Card,1
3613.64,Bank Transfer,7.0,Mobile,Chicago,0,59,10,UPI,1
2698.64,Online Purchase,9.0,Mobile,Los Angeles,2,117,9,Net Banking,1
1622.61,Online Purchase,12.0,Mobile,Chicago,1,27,10,Net Banking,1
3638.45,POS Payment,23.0,Mobile,Chicago,3,2,3,Credit Card,1
1933.03,Bill Payment,11.0,Desktop,Boston,4,57,14,Net Banking,1
2272.36,Bank Transfer,3.0,Mobile,Houston,2,63,2,Debit Card,1
3632.25,Bank Transfer,8.0,Tablet,New York,1,94,8,UPI,1
2318.09,POS Payment,17.0,Tablet,New York,0,8,4,Credit Card,1
930.98,Online Purchase,15.0,Mobile,Houston,1,69,1,UPI,1
271.74,Online Purchase,19.0,Desktop,Chicago,0,108,10,Debit Card,1
4966.47,POS Payment,16.0,Tablet,Los Angeles,3,22,13,Debit Card,1
3054.69,Bank Transfer,1.0,Mobile,Boston,0,54,13,Credit Card,1
2962.96,Bill Payment,5.0,Unknown Device,New York,2,107,2,Net Banking,1
398.4,ATM Withdrawal,10.0,Desktop,Houston,2,112,3,Debit Card,1
4716.25,Bank Transfer,17.0,Desktop,San Francisco,4,64,2,Net Banking,1
2369.81,POS Payment,5.0,Tablet,Boston,4,101,7,Credit Card,1
259.17,Bank Transfer,23.0,Tablet,Los Angeles,3,25,11,Net Banking,1
4596.8,ATM Withdrawal,10.0,Desktop,Houston,0,45,11,Credit Card,1
4953.52,POS Payment,16.0,Mobile,Boston,3,117,11,Credit Card,1
3160.94,POS Payment,10.0,Mobile,Chicago,0,52,10,UPI,1
1233.21,Bank Transfer,20.0,Desktop,Miami,1,97,3,Debit Card,1
1242.01,Online Purchase,20.0,Tablet,Miami,3,115,6,Debit Card,1
550.94,Bill Payment,21.0,Desktop,Boston,0,61,8,Debit Card,1
1354.0,POS Payment,15.0,Tablet,Seattle,0,97,2,Debit Card,1
3642.99,ATM Withdrawal,18.0,Mobile,Boston,4,31,2,Invalid Method,1
1417.94,Bank Transfer,14.0,Mobile,Los Angeles,1,97,7,Invalid Method,1
4607.87,ATM Withdrawal,22.0,Tablet,Seattle,4,106,10,Credit Card,1
2076.84,Bank Transfer,20.0,Desktop,Houston,1,106,1,Credit Card,1
4305.09,ATM Withdrawal,21.0,Mobile,Miami,2,89,6,Debit Card,1
3973.34,POS Payment,23.0,Mobile,Seattle,3,93,4,Credit Card,1
681.97,ATM Withdrawal,18.0,Unknown Device,Houston,1,60,6,Credit Card,1
1724.9,Bill Payment,21.0,Desktop,Boston,3,20,11,Net Banking,1
4920.76,ATM Withdrawal,12.0,Tablet,Seattle,4,88,2,Credit Card,1
1007.86,Bank Transfer,21.0,Mobile,Houston,1,21,10,Debit Card,1
4656.25,Bill Payment,23.0,Mobile,San Francisco,1,68,14,Debit Card,1
1985.35,ATM Withdrawal,10.0,Desktop,Houston,4,53,1,Invalid Method,1
4914.61,Bank Transfer,20.0,Tablet,Chicago,1,66,13,Net Banking,1
2388.42,ATM Withdrawal,10.0,Tablet,Boston,4,64,1,Credit Card,1
2267.13,Online Purchase,8.0,Mobile,Los Angeles,3,72,2,Credit Card,1
4686.57,Bill Payment,17.0,Tablet,Los Angeles,0,88,1,Credit Card,1
3558.72,POS Payment,17.0,Desktop,Miami,1,117,4,Net Banking,1
3775.6,Online Purchase,19.0,Tablet,New York,1,57,12,Credit Card,1
2638.27,Bill Payment,22.0,Tablet,New York,3,82,1,Credit Card,1
2879.11,POS Payment,0.0,Mobile,Chicago,0,15,4,Debit Card,1
155.04,ATM Withdrawal,22.0,Tablet,New York,0,101,13,Net Banking,1
1655.86,ATM Withdrawal,16.0,Mobile,Houston,2,60,6,UPI,1
4442.11,POS Payment,19.0,Mobile,Chicago,0,30,10,Debit Card,1
3744.15,ATM Withdrawal,17.0,Desktop,New York,0,109,12,Debit Card,1
889.69,POS Payment,12.0,Mobile,Houston,3,103,10,UPI,1
2442.24,Bill Payment,18.0,Desktop,Houston,3,5,10,Debit Card,1
260.33,Bill Payment,22.0,Mobile,San Francisco,2,27,2,Invalid Method,1
4550.78,Online Purchase,14.0,Tablet,Miami,4,26,8,Invalid Method,1
227.57,ATM Withdrawal,22.0,Tablet,Miami,2,98,8,UPI,1
4106.66,Bill Payment,7.0,Mobile,Los Angeles,4,12,3,Net Banking,1
4500.91,POS Payment,17.0,Tablet,San Francisco,2,46,4,Net Banking,1
4234.41,Online Purchase,14.0,Desktop,Los Angeles,2,115,2,UPI,1
2415.45,Online Purchase,18.0,Desktop,Chicago,4,88,14,Net Banking,1
2656.06,Bill Payment,20.0,Mobile,Seattle,2,67,7,Debit Card,1
4255.22,Bill Payment,7.0,Desktop,Chicago,0,63,9,Net Banking,1
210.68,Bank Transfer,11.0,Mobile,Los Angeles,4,23,4,Net Banking,1
1565.89,Bank Transfer,17.0,Mobile,Miami,4,17,6,Debit Card,1
1017.1,Bank Transfer,17.0,Tablet,Seattle,0,64,2,UPI,1
2739.41,Online Purchase,13.0,Mobile,Miami,0,41,4,Net Banking,1
1196.02,Online Purchase,22.0,Tablet,San Francisco,4,104,7,UPI,1
49997.8,POS Payment,13.0,Mobile,Miami,0,118,6,Debit Card,1
2116.76,POS Payment,23.0,Tablet,Seattle,2,89,2,Debit Card,1
4060.27,Bank Transfer,3.0,Mobile,Boston,0,87,1,Credit Card,1
640.77,Online Purchase,22.0,Tablet,Miami,0,28,6,Credit Card,1
41.36,Bank Transfer,13.0,Desktop,Houston,2,116,8,Debit Card,1
3188.07,Online Purchase,7.0,Unknown Device,Boston,3,15,9,Credit Card,1
1597.94,POS Payment,15.0,Desktop,Boston,2,37,13,Net Banking,1
152.94,POS Payment,17.0,Unknown Device,Houston,0,90,4,Net Banking,1
3514.66,Online Purchase,17.0,Desktop,Los Angeles,0,91,3,Credit Card,1
2603.09,Bill Payment,3.0,Tablet,Houston,4,33,5,Credit Card,1
3801.57,POS Payment,4.0,Desktop,Houston,4,111,10,Net Banking,1
4846.07,POS Payment,2.0,Unknown Device,New York,3,117,4,UPI,1
556.15,Bill Payment,23.0,Mobile,Boston,3,19,9,UPI,1
2320.31,POS Payment,12.0,Tablet,Boston,0,92,7,Debit Card,1
1178.0,Online Purchase,16.0,Tablet,Boston,4,39,11,UPI,1
883.91,Bank Transfer,19.0,Tablet,Los Angeles,0,21,13,UPI,1
3806.3,Online Purchase,9.0,Tablet,Los Angeles,3,78,2,Net Banking,1
3988.62,POS Payment,13.0,Tablet,Houston,3,25,10,UPI,1
848.58,ATM Withdrawal,8.0,Desktop,Boston,1,44,14,Debit Card,1
2413.99,POS Payment,15.0,Desktop,Los Angeles,3,83,10,Credit Card,1
2966.22,Online Purchase,18.0,Desktop,Boston,1,70,12,Credit Card,1
1068.4,ATM Withdrawal,17.0,Tablet,Houston,2,65,8,Debit Card,1
1123.01,Bank Transfer,17.0,Desktop,San Francisco,0,96,4,Credit Card,1
2780.55,POS Payment,8.0,Desktop,Miami,0,104,5,Net Banking,1
4744.26,POS Payment,18.0,Desktop,New York,3,51,12,Credit Card,1
3672.22,Bank Transfer,22.0,Tablet,Chicago,2,24,3,Credit Card,1
3885.61,Bill Payment,22.0,Tablet,New York,3,45,13,Credit Card,1
2849.37,Online Purchase,19.0,Tablet,Seattle,3,92,3,Credit Card,1
3594.22,ATM Withdrawal,7.0,Desktop,Chicago,0,49,11,Credit Card,1
3162.97,Online Purchase,23.0,Tablet,Houston,3,117,4,Debit Card,1
3931.32,Bank Transfer,17.0,Desktop,Miami,0,111,14,Net Banking,1
4735.82,Online Purchase,9.0,Desktop,Houston,1,55,6,Net Banking,1
433.88,Bank Transfer,3.0,Desktop,Los Angeles,4,73,2,Debit Card,1
760.25,ATM Withdrawal,10.0,Tablet,Los Angeles,0,92,12,Debit Card,1
1335.98,Bill Payment,13.0,Tablet,Chicago,1,115,3,Credit Card,1
1903.44,Online Purchase,13.0,Tablet,Chicago,3,55,3,Debit Card,1
1142.66,POS Payment,16.0,Desktop,Chicago,4,119,5,Credit Card,1
3735.28,ATM Withdrawal,14.0,Mobile,Los Angeles,4,17,2,UPI,1
2215.35,Bank Transfer,17.0,Desktop,Boston,3,59,12,UPI,1
4528.74,ATM Withdrawal,20.0,Desktop,Los Angeles,1,19,7,UPI,1
3536.13,POS Payment,14.0,Mobile,Miami,1,86,12,UPI,1
1587.39,ATM Withdrawal,15.0,Unknown Device,Miami,3,106,7,Net Banking,1
4759.96,Bill Payment,21.0,Tablet,Los Angeles,1,34,11,UPI,1
163.88,Bill Payment,9.0,Tablet,Chicago,1,45,4,UPI,1
1122.03,Bill Payment,1.0,Tablet,Los Angeles,1,117,5,UPI,1
2688.7,ATM Withdrawal,19.0,Desktop,New York,1,76,7,Invalid Method,1
736.33,Bill Payment,14.0,Tablet,Los Angeles,0,44,5,Net Banking,1
4714.24,ATM Withdrawal,21.0,Mobile,Seattle,4,53,2,UPI,1
3529.64,Online Purchase,21.0,Mobile,New York,0,101,13,UPI,1
1541.95,Bank Transfer,16.0,Mobile,Miami,4,112,11,UPI,1
1137.16,ATM Withdrawal,1.0,Desktop,Miami,1,93,3,Debit Card,1
4576.15,Bank Transfer,3.0,Tablet,Houston,1,53,4,Net Banking,1
1798.97,Bill Payment,9.0,Tablet,Chicago,4,20,7,Debit Card,1
991.76,POS Payment,11.0,Mobile,Boston,1,5,3,UPI,1
3104.96,ATM Withdrawal,21.0,Desktop,Seattle,3,8,2,UPI,1
4315.14,Bank Transfer,14.0,Tablet,New York,3,44,5,Debit Card,1
3883.03,Bill Payment,14.0,Desktop,New York,0,111,7,Debit Card,1
2473.17,Online Purchase,18.0,Desktop,Chicago,0,36,6,Debit Card,1
887.11,Online Purchase,15.0,Tablet,Boston,3,119,12,Credit Card,1
3561.99,POS Payment,20.0,Mobile,Miami,0,94,5,Net Banking,1
346.6,Online Purchase,16.0,Mobile,Seattle,2,54,1,Net Banking,1
838.21,POS Payment,3.0,Tablet,Houston,2,78,9,UPI,1
1202.21,Online Purchase,22.0,Tablet,Los Angeles,2,110,13,Debit Card,1
3018.6,Bill Payment,21.0,Desktop,San Francisco,3,111,13,Net Banking,1
3145.73,POS Payment,17.0,Desktop,Seattle,3,109,4,Credit Card,1
64.94,Online Purchase,0.0,Tablet,Chicago,1,51,3,Credit Card,1
49997.8,Bank Transfer,1.0,Mobile,San Francisco,4,84,3,Debit Card,1
686.57,POS Payment,14.0,Tablet,Houston,2,72,11,Debit Card,1
49997.8,Bank Transfer,23.0,Mobile,Miami,2,24,3,UPI,1
2124.15,Online Purchase,23.0,Mobile,Los Angeles,2,51,4,UPI,1
4105.8,ATM Withdrawal,16.0,Desktop,Seattle,0,116,6,Debit Card,1
3458.36,POS Payment,19.0,Desktop,New York,0,60,1,Credit Card,1
437.67,Bill Payment,14.0,Mobile,Miami,4,40,2,Credit Card,1
1705.76,Bank Transfer,8.0,Unknown Device,Los Angeles,4,22,2,UPI,1
3919.88,POS Payment,22.0,Mobile,Chicago,2,93,4,Debit Card,1
3916.59,ATM Withdrawal,13.0,Tablet,Boston,2,94,4,Net Banking,1
4628.41,POS Payment,16.0,Mobile,Miami,0,23,9,UPI,1
2329.54,Bill Payment,21.0,Tablet,Houston,1,35,3,Debit Card,1
1958.65,POS Payment,20.0,Mobile,Miami,1,25,3,Net Banking,1
4317.45,ATM Withdrawal,23.0,Mobile,Miami,0,25,3,Debit Card,1
2735.8,POS Payment,12.0,Mobile,Miami,0,117,8,Net Banking,1
894.1,ATM Withdrawal,8.0,Desktop,Chicago,0,104,8,UPI,1
4306.94,Bank Transfer,21.0,Desktop,Boston,4,114,10,UPI,1
4320.85,Bank Transfer,11.0,Desktop,Los Angeles,3,27,7,Debit Card,1
1141.98,ATM Withdrawal,13.0,Desktop,Chicago,1,105,4,Debit Card,1
2306.57,Online Purchase,2.0,Desktop,Houston,3,33,1,Credit Card,1
1351.18,Bank Transfer,13.0,Mobile,New York,2,119,11,Net Banking,1
3835.46,Bill Payment,21.0,Tablet,Los Angeles,2,63,9,Debit Card,1
888.2,POS Payment,15.0,Mobile,Boston,0,18,4,Net Banking,1
1971.35,Online Purchase,0.0,Tablet,Los Angeles,0,105,6,Credit Card,1
758.1,Bill Payment,19.0,Mobile,Houston,2,94,8,UPI,1
4322.05,Online Purchase,14.0,Desktop,New York,0,78,3,Debit Card,1
922.62,Online Purchase,18.0,Tablet,San Francisco,4,55,1,Debit Card,1
4872.23,POS Payment,15.0,Mobile,New York,3,104,3,UPI,1
3162.93,Bill Payment,7.0,Tablet,Los Angeles,1,89,4,Credit Card,1
3327.87,Bill Payment,7.0,Mobile,Boston,1,23,13,UPI,1
4972.16,Bill Payment,17.0,Mobile,Chicago,4,53,12,Debit Card,1
1121.01,ATM Withdrawal,17.0,Unknown Device,New York,0,96,1,Credit Card,1
4901.59,Bill Payment,18.0,Mobile,Chicago,0,101,4,Credit Card,1
3268.92,Bill Payment,16.0,Tablet,New York,0,116,10,UPI,1
3986.92,POS Payment,22.0,Mobile,San Francisco,4,106,10,Debit Card,1
1196.66,Bill Payment,11.0,Mobile,Miami,2,29,1,Debit Card,1
4401.12,Bill Payment,20.0,Tablet,Seattle,3,81,10,Debit Card,1
1830.61,Bill Payment,23.0,Desktop,Houston,2,95,7,Credit Card,1
2356.11,Online Purchase,17.0,Mobile,Seattle,0,47,4,UPI,1
4203.99,Bank Transfer,20.0,Tablet,Boston,1,86,11,Debit Card,1
3659.33,POS Payment,20.0,Desktop,New York,2,40,9,UPI,1
193.92,ATM Withdrawal,23.0,Tablet,Chicago,1,15,6,Credit Card,1
622.45,POS Payment,8.0,Mobile,Chicago,0,30,4,Net Banking,1
3439.24,POS Payment,14.0,Desktop,Houston,0,45,7,Credit Card,1
2727.12,Bank Transfer,21.0,Desktop,New York,1,90,9,Net Banking,1
1374.69,ATM Withdrawal,6.0,Desktop,Boston,0,29,1,Net Banking,1
4095.05,Online Purchase,8.0,Tablet,Houston,0,11,3,Net Banking,1
2218.19,ATM Withdrawal,9.0,Tablet,Miami,0,80,1,Net Banking,1
3685.44,POS Payment,20.0,Tablet,Los Angeles,4,111,3,Debit Card,1
4495.72,Online Purchase,19.0,Tablet,Miami,4,56,3,UPI,1
3617.1,POS Payment,5.0,Desktop,Boston,0,56,9,Debit Card,1
1236.53,POS Payment,13.0,Mobile,Chicago,4,36,6,Credit Card,1
2318.6,Online Purchase,14.0,Mobile,Miami,0,70,9,Debit Card,1
1348.97,ATM Withdrawal,22.0,Desktop,New York,2,90,11,Credit Card,1
4860.41,ATM Withdrawal,8.0,Mobile,New York,3,116,12,Credit Card,1
2662.93,Bank Transfer,22.0,Desktop,Houston,2,29,13,UPI,1
3618.73,POS Payment,13.0,Tablet,New York,1,7,1,Debit Card,1
4577.9,Online Purchase,3.0,Tablet,Chicago,2,27,8,UPI,1
2391.56,Online Purchase,8.0,Mobile,Boston,3,26,7,Net Banking,1
3299.57,Bill Payment,23.0,Mobile,Seattle,3,109,10,Credit Card,1
750.39,POS Payment,6.0,Desktop,New York,4,84,1,Debit Card,1
2626.88,Bill Payment,13.0,Desktop,Los Angeles,1,50,13,UPI,1
3399.91,Bank Transfer,2.0,Tablet,Boston,2,98,3,UPI,1
2419.76,Online Purchase,19.0,Tablet,New York,4,55,2,Net Banking,1
2340.43,POS Payment,23.0,Desktop,San Francisco,0,106,1,Credit Card,1
375.76,Bank Transfer,14.0,Tablet,Houston,2,81,9,Credit Card,1
4084.61,POS Payment,20.0,Tablet,San Francisco,4,89,3,UPI,1
2605.32,Bank Transfer,9.0,Unknown Device,Chicago,4,93,10,Credit Card,1
4352.92,POS Payment,13.0,Mobile,Chicago,4,63,12,Credit Card,1
180.14,Bill Payment,12.0,Tablet,Chicago,3,74,8,Debit Card,1
1074.84,Online Purchase,13.0,Tablet,Miami,2,119,7,UPI,1
3081.49,Bank Transfer,12.0,Desktop,Chicago,2,119,10,Net Banking,1
2363.94,POS Payment,4.0,Mobile,Chicago,2,92,10,Net Banking,1
3429.15,ATM Withdrawal,0.0,Desktop,Chicago,0,67,11,Net Banking,1
665.15,ATM Withdrawal,23.0,Mobile,Chicago,3,116,9,UPI,1
4959.48,Bill Payment,16.0,Desktop,Boston,3,102,12,UPI,1
3681.66,Bill Payment,14.0,Mobile,Chicago,0,105,8,UPI,1
2250.86,Online Purchase,16.0,Mobile,Los Angeles,2,56,13,Net Banking,1
4084.02,Online Purchase,22.0,Desktop,Boston,1,98,5,UPI,1
4198.15,Online Purchase,9.0,Tablet,Houston,3,29,4,Net Banking,1
3582.81,Bank Transfer,4.0,Mobile,Los Angeles,0,86,6,UPI,1
4050.09,Bank Transfer,9.0,Tablet,Los Angeles,0,43,10,Debit Card,1
2223.12,Online Purchase,20.0,Desktop,Chicago,0,46,7,Credit Card,1
3186.97,Online Purchase,1.0,Mobile,Chicago,2,95,1,Credit Card,1
4607.11,ATM Withdrawal,19.0,Tablet,Boston,2,22,7,Debit Card,1
3612.22,POS Payment,16.0,Mobile,Los Angeles,4,58,13,Net Banking,1
2689.1,Bill Payment,21.0,Tablet,Boston,1,44,13,Debit Card,1
857.14,Online Purchase,20.0,Mobile,Boston,1,96,9,Debit Card,1
3656.17,Bill Payment,3.0,Tablet,Houston,2,102,8,UPI,1
4113.84,Bank Transfer,23.0,Desktop,Miami,3,111,9,UPI,1
4356.62,Bill Payment,4.0,Mobile,Boston,1,73,7,Credit Card,1
2439.28,Bank Transfer,21.0,Desktop,Los Angeles,4,18,4,Debit Card,1
2375.49,Online Purchase,14.0,Desktop,Los Angeles,0,99,13,Net Banking,1
1011.45,Bank Transfer,1.0,Tablet,Houston,4,76,5,Debit Card,1
3522.65,Online Purchase,16.0,Desktop,Chicago,1,3,7,Net Banking,1
1567.69,POS Payment,17.0,Tablet,Chicago,3,112,13,Net Banking,1
3791.78,ATM Withdrawal,22.0,Desktop,Houston,1,74,12,Credit Card,1
4374.13,Bill Payment,20.0,Desktop,Chicago,3,117,3,Net Banking,1
1915.69,Online Purchase,8.0,Tablet,Chicago,4,70,12,Invalid Method,1
1785.13,Online Purchase,10.0,Desktop,Chicago,4,115,7,Credit Card,1
4886.93,Bank Transfer,20.0,Desktop,Chicago,4,112,6,Credit Card,1
4610.16,Bill Payment,21.0,Desktop,Houston,0,49,5,Credit Card,1
1896.27,Bill Payment,23.0,Desktop,New York,2,90,5,Debit Card,1
4928.58,Bill Payment,17.0,Mobile,Los Angeles,2,39,1,UPI,1
3535.75,Online Purchase,18.0,Mobile,Miami,2,106,13,UPI,1
4391.2,ATM Withdrawal,18.0,Tablet,Miami,0,63,12,UPI,1
3045.17,POS Payment,13.0,Desktop,San Francisco,4,84,7,Net Banking,1
2116.07,Bill Payment,17.0,Mobile,Boston,0,27,8,Net Banking,1
2198.38,Bank Transfer,2.0,Desktop,Boston,0,22,1,Net Banking,1
2178.37,POS Payment,11.0,Tablet,Boston,0,87,14,Debit Card,1
1114.61,Bill Payment,2.0,Mobile,Houston,2,115,1,Net Banking,1
1783.01,Bank Transfer,9.0,Desktop,Chicago,0,89,9,Credit Card,1
769.77,ATM Withdrawal,21.0,Tablet,Los Angeles,2,57,14,Credit Card,1
1312.48,Online Purchase,7.0,Tablet,Miami,2,98,1,Credit Card,1
3906.56,ATM Withdrawal,2.0,Mobile,Chicago,4,59,11,Credit Card,1
1049.99,POS Payment,11.0,Desktop,Boston,0,72,8,Credit Card,1
3065.45,ATM Withdrawal,20.0,Mobile,Houston,0,85,9,UPI,1
4472.79,Online Purchase,20.0,Tablet,Houston,2,64,4,UPI,1
4285.85,ATM Withdrawal,13.0,Mobile,Miami,0,5,6,Net Banking,1
1412.42,POS Payment,20.0,Desktop,Houston,1,41,14,UPI,1
1931.81,POS Payment,19.0,Desktop,Chicago,4,92,6,Debit Card,1
3700.61,Bill Payment,17.0,Desktop,Boston,2,108,8,UPI,1
949.96,Bill Payment,11.0,Desktop,Houston,0,99,5,Net Banking,1
2344.6,Online Purchase,13.0,Tablet,New York,4,109,6,Debit Card,1
471.17,Bank Transfer,20.0,Mobile,Los Angeles,4,29,4,Debit Card,1
3554.36,POS Payment,12.0,Mobile,Chicago,1,29,13,Debit Card,1
1805.62,Bank Transfer,1.0,Desktop,Chicago,3,87,8,Debit Card,1
3972.32,ATM Withdrawal,5.0,Desktop,Houston,3,114,8,Credit Card,1
2084.82,Bill Payment,3.0,Tablet,Chicago,1,41,7,Invalid Method,1
2766.04,Online Purchase,23.0,Desktop,Los Angeles,4,3,8,Net Banking,1
4457.37,ATM Withdrawal,8.0,Desktop,Los Angeles,3,50,9,Debit Card,1
49997.8,POS Payment,3.0,Desktop,Miami,2,61,11,Debit Card,1
2850.09,Bill Payment,12.0,Tablet,San Francisco,2,116,6,Net Banking,1
4304.21,ATM Withdrawal,9.0,Tablet,New York,2,90,5,Debit Card,1
513.43,ATM Withdrawal,17.0,Mobile,San Francisco,2,100,8,Net Banking,1
491.17,ATM Withdrawal,20.0,Mobile,Miami,1,86,7,UPI,1
2730.65,Bill Payment,20.0,Desktop,Boston,2,45,6,Debit Card,1
337.34,ATM Withdrawal,19.0,Desktop,Los Angeles,0,105,12,UPI,1
562.8,Bank Transfer,8.0,Mobile,Chicago,2,94,7,Credit Card,1
4632.75,Online Purchase,1.0,Unknown Device,Boston,2,90,7,UPI,1
4656.46,ATM Withdrawal,23.0,Tablet,Houston,0,13,11,Invalid Method,1
1102.31,Bank Transfer,19.0,Desktop,New York,2,24,5,Net Banking,1
3852.11,Bank Transfer,18.0,Desktop,New York,3,32,4,Net Banking,1
2889.2,POS Payment,14.0,Tablet,Boston,2,55,8,Net Banking,1
4934.65,Online Purchase,18.0,Desktop,Boston,0,108,8,Net Banking,1
3388.71,Bank Transfer,22.0,Mobile,Seattle,2,60,10,UPI,1
1236.09,Online Purchase,19.0,Mobile,Chicago,1,49,2,Net Banking,1
455.81,POS Payment,22.0,Desktop,Los Angeles,1,73,12,Debit Card,1
3244.1,Bank Transfer,15.0,Mobile,Houston,2,81,1,Net Banking,1
4955.91,POS Payment,16.0,Mobile,Chicago,0,95,11,Debit Card,1
783.51,Online Purchase,1.0,Tablet,Boston,0,114,14,UPI,1
4340.69,ATM Withdrawal,20.0,Tablet,Boston,4,108,1,Credit Card,1
2698.05,ATM Withdrawal,22.0,Tablet,Boston,2,52,9,Credit Card,1
4149.7,ATM Withdrawal,20.0,Desktop,Los Angeles,2,108,13,UPI,1
2709.68,Online Purchase,5.0,Mobile,New York,1,91,4,UPI,1
658.14,POS Payment,20.0,Tablet,Los Angeles,2,41,9,Debit Card,1
3105.52,ATM Withdrawal,11.0,Mobile,New York,4,110,5,Credit Card,1
654.58,ATM Withdrawal,12.0,Unknown Device,Boston,2,76,14,UPI,1
2086.72,ATM Withdrawal,7.0,Desktop,Chicago,1,108,10,Net Banking,1
3941.49,Bank Transfer,0.0,Mobile,Houston,0,58,7,Debit Card,1
417.93,ATM Withdrawal,21.0,Tablet,New York,4,71,6,UPI,1
2072.53,POS Payment,20.0,Mobile,Los Angeles,4,103,6,Debit Card,1
3155.69,ATM Withdrawal,21.0,Tablet,San Francisco,3,88,6,Net Banking,1
4207.82,Bill Payment,10.0,Desktop,Los Angeles,0,94,11,Debit Card,1
4551.69,POS Payment,11.0,Mobile,Boston,4,27,8,Credit Card,1
1745.0,ATM Withdrawal,14.0,Desktop,Miami,2,72,11,Net Banking,1
4122.27,Bank Transfer,21.0,Mobile,Chicago,2,19,4,Net Banking,1
3693.62,Bill Payment,17.0,Desktop,New York,0,118,1,Net Banking,1
67.85,Online Purchase,18.0,Desktop,Boston,3,30,10,Net Banking,1
513.06,POS Payment,15.0,Desktop,Los Angeles,3,63,3,Invalid Method,1
3374.81,ATM Withdrawal,16.0,Tablet,Chicago,2,81,6,UPI,1
3389.8,POS Payment,3.0,Tablet,Boston,3,80,3,UPI,1
1016.72,Bank Transfer,14.0,Mobile,San Francisco,1,67,5,Net Banking,1
1904.5,ATM Withdrawal,21.0,Unknown Device,Miami,4,100,11,UPI,1
625.92,Bill Payment,23.0,Tablet,Los Angeles,4,33,4,Credit Card,1
792.67,Online Purchase,1.0,Tablet,Boston,4,77,9,Credit Card,1
2873.3,Bill Payment,17.0,Tablet,Los Angeles,4,118,1,UPI,1
49997.8,POS Payment,22.0,Mobile,New York,4,52,3,Credit Card,1
1017.59,Bank Transfer,17.0,Tablet,San Francisco,4,85,1,Net Banking,1
1429.11,POS Payment,15.0,Desktop,Los Angeles,4,52,11,Debit Card,1
949.4,POS Payment,10.0,Desktop,Los Angeles,0,30,1,Credit Card,1
3516.98,Online Purchase,21.0,Tablet,Boston,3,93,7,Net Banking,1
4438.1,Bank Transfer,13.0,Tablet,Los Angeles,0,1,1,UPI,1
3705.77,Bank Transfer,18.0,Desktop,Los Angeles,2,4,9,Net Banking,1
2851.15,POS Payment,12.0,Desktop,New York,0,48,3,Invalid Method,1
4487.63,Bank Transfer,21.0,Desktop,Seattle,3,53,7,Debit Card,1
3098.06,Bank Transfer,22.0,Desktop,Seattle,1,43,3,Debit Card,1
382.38,ATM Withdrawal,17.0,Desktop,Seattle,1,114,4,Net Banking,1
1040.38,Bank Transfer,7.0,Desktop,Chicago,0,106,5,Net Banking,1
831.38,Online Purchase,15.0,Unknown Device,Houston,0,21,13,Credit Card,1
4792.67,Bill Payment,15.0,Mobile,Los Angeles,3,50,1,UPI,1
2686.15,POS Payment,2.0,Desktop,Boston,2,109,12,Net Banking,1
447.29,Bill Payment,5.0,Unknown Device,Chicago,3,39,8,Credit Card,1
1649.68,POS Payment,0.0,Tablet,Boston,3,52,4,Debit Card,1
4260.9,POS Payment,18.0,Desktop,San Francisco,2,75,10,Credit Card,1
3993.61,Bill Payment,22.0,Mobile,Los Angeles,3,109,6,Net Banking,1
72.4,Online Purchase,21.0,Desktop,San Francisco,0,57,6,Net Banking,1
4726.44,Online Purchase,11.0,Tablet,San Francisco,1,118,11,Debit Card,1
3705.62,ATM Withdrawal,16.0,Tablet,Chicago,0,69,13,UPI,1
1740.72,Online Purchase,13.0,Mobile,San Francisco,3,71,3,UPI,1
4163.39,Online Purchase,1.0,Tablet,Boston,1,75,9,Net Banking,1
2961.6,Bill Payment,14.0,Desktop,San Francisco,2,110,1,UPI,1
4063.96,Online Purchase,23.0,Mobile,Los Angeles,0,105,14,Net Banking,1
4534.67,Online Purchase,23.0,Desktop,Seattle,3,79,4,Credit Card,1
3347.89,POS Payment,14.0,Mobile,Chicago,1,50,11,UPI,1
1627.35,Bill Payment,23.0,Tablet,Boston,4,81,5,Credit Card,1
4852.47,Online Purchase,0.0,Mobile,Chicago,2,26,4,Credit Card,1
2465.84,Online Purchase,12.0,Mobile,Boston,2,77,14,Net Banking,1
3666.69,Online Purchase,3.0,Tablet,Boston,1,114,2,Debit Card,1
3947.78,ATM Withdrawal,3.0,Tablet,Boston,3,66,8,Invalid Method,1
2907.45,ATM Withdrawal,10.0,Mobile,Boston,4,15,1,UPI,1
1744.92,POS Payment,7.0,Tablet,Houston,1,34,4,Debit Card,1
4216.83,Bill Payment,11.0,Desktop,Chicago,1,13,13,Debit Card,1
2168.42,Bill Payment,15.0,Mobile,Los Angeles,4,10,9,Invalid Method,1
1361.25,ATM Withdrawal,17.0,Tablet,Miami,0,75,9,UPI,1
734.55,Online Purchase,22.0,Tablet,Chicago,0,83,9,Net Banking,1
4323.43,Bill Payment,18.0,Mobile,San Francisco,0,65,2,Net Banking,1
4708.81,ATM Withdrawal,19.0,Tablet,Boston,0,94,13,Debit Card,1
679.26,ATM Withdrawal,22.0,Tablet,Boston,3,106,8,Net Banking,1
888.4,POS Payment,20.0,Unknown Device,Seattle,1,88,4,Net Banking,1
383.64,ATM Withdrawal,7.0,Mobile,Los Angeles,4,88,4,Credit Card,1
1189.14,ATM Withdrawal,15.0,Tablet,Miami,4,82,6,Credit Card,1
2122.6,Bill Payment,18.0,Mobile,Seattle,4,85,2,Net Banking,1
147.46,POS Payment,22.0,Mobile,New York,2,107,10,Debit Card,1
4733.87,Online Purchase,8.0,Tablet,Miami,2,82,2,Credit Card,1
12.32,Bill Payment,17.0,Mobile,Boston,4,3,13,Debit Card,1
1737.53,Online Purchase,14.0,Tablet,Los Angeles,4,118,10,Net Banking,1
4329.59,ATM Withdrawal,22.0,Tablet,Seattle,1,35,7,Net Banking,1
2391.66,Bill Payment,16.0,Tablet,Chicago,3,99,9,UPI,1
1708.27,Online Purchase,22.0,Tablet,Seattle,3,58,6,Credit Card,1
2682.9,Online Purchase,15.0,Mobile,Chicago,1,60,11,Credit Card,1
2704.41,ATM Withdrawal,11.0,Mobile,New York,1,68,1,Debit Card,1
4275.07,Bill Payment,18.0,Tablet,Houston,1,10,5,Credit Card,1
2532.21,Online Purchase,20.0,Mobile,San Francisco,4,106,7,UPI,1
3310.28,Bill Payment,23.0,Tablet,Seattle,3,75,1,Debit Card,1
1253.94,Bill Payment,19.0,Desktop,New York,0,43,6,Credit Card,1
3305.06,Bank Transfer,18.0,Tablet,Miami,1,119,1,UPI,1
1985.53,Online Purchase,3.0,Tablet,Boston,4,105,2,Credit Card,1
3199.63,Bill Payment,15.0,Tablet,Miami,3,40,11,UPI,1
1891.37,POS Payment,15.0,Desktop,Chicago,3,44,11,Credit Card,1
1131.77,POS Payment,19.0,Tablet,New York,0,15,1,Invalid Method,1
1746.59,Bank Transfer,8.0,Mobile,Chicago,4,93,5,Net Banking,1
4614.0,POS Payment,20.0,Mobile,Los Angeles,2,56,10,Credit Card,1
4857.42,Bank Transfer,17.0,Tablet,Houston,3,67,6,Credit Card,1
4407.0,Online Purchase,4.0,Tablet,Houston,0,114,7,UPI,1
2706.85,Bill Payment,22.0,Mobile,San Francisco,0,100,6,Net Banking,1
965.97,ATM Withdrawal,10.0,Mobile,Houston,4,54,5,Debit Card,1
4094.43,Bill Payment,21.0,Tablet,Seattle,2,94,11,Net Banking,1
4622.2,ATM Withdrawal,21.0,Tablet,Los Angeles,2,48,8,UPI,1
1527.7,Bill Payment,3.0,Tablet,Houston,0,57,8,Debit Card,1
376.02,POS Payment,17.0,Mobile,Chicago,0,119,1,Net Banking,1
2814.91,Online Purchase,2.0,Mobile,Boston,1,49,5,Net Banking,1
3146.27,ATM Withdrawal,13.0,Mobile,Chicago,3,104,5,Credit Card,1
2301.54,Online Purchase,12.0,Tablet,Los Angeles,0,47,8,Debit Card,1
3616.57,ATM Withdrawal,12.0,Tablet,Miami,2,98,7,Invalid Method,1
2582.13,Bank Transfer,13.0,Desktop,Los Angeles,0,26,11,Credit Card,1
849.47,Online Purchase,10.0,Mobile,Miami,3,72,4,Credit Card,1
2714.94,Bank Transfer,15.0,Tablet,Houston,2,65,1,Debit Card,1
2720.35,ATM Withdrawal,6.0,Mobile,Miami,4,112,9,Net Banking,1
4389.0,Bank Transfer,2.0,Tablet,Chicago,3,59,3,Debit Card,1
767.18,ATM Withdrawal,18.0,Desktop,Houston,0,84,12,Invalid Method,1
49997.8,Bank Transfer,13.0,Tablet,Miami,1,27,7,Debit Card,1
290.81,Bill Payment,8.0,Mobile,New York,1,72,3,Credit Card,1
3876.38,Bank Transfer,5.0,Tablet,Chicago,3,113,10,UPI,1
2657.57,Bank Transfer,11.0,Desktop,Boston,0,37,13,Net Banking,1
680.53,Bill Payment,9.0,Desktop,Boston,1,86,8,Credit Card,1
4555.43,Bank Transfer,16.0,Desktop,Boston,0,105,5,Debit Card,1
179.73,Online Purchase,8.0,Tablet,Boston,1,42,8,Net Banking,1
2727.99,Bank Transfer,16.0,Tablet,Los Angeles,2,39,6,Net Banking,1
795.67,Bank Transfer,7.0,Tablet,Boston,4,41,2,Net Banking,1
1313.68,ATM Withdrawal,3.0,Desktop,Chicago,2,101,8,Debit Card,1
4198.85,POS Payment,3.0,Desktop,Chicago,3,55,4,Debit Card,1
233.97,Bank Transfer,7.0,Mobile,Miami,2,57,1,Debit Card,1
4742.84,POS Payment,14.0,Tablet,New York,2,33,8,UPI,1
3706.83,Bill Payment,23.0,Tablet,Chicago,2,94,12,UPI,1
1262.62,ATM Withdrawal,16.0,Tablet,San Francisco,1,99,8,Debit Card,1
2160.26,POS Payment,4.0,Mobile,Houston,4,113,7,Debit Card,1
1841.25,ATM Withdrawal,15.0,Tablet,New York,4,98,11,Debit Card,1
3760.46,Bank Transfer,15.0,Desktop,New York,2,113,1,Invalid Method,1
3712.99,POS Payment,12.0,Tablet,Houston,3,91,14,Net Banking,1
3708.46,Bill Payment,21.0,Mobile,San Francisco,2,25,7,UPI,1
4090.21,Bill Payment,22.0,Desktop,Los Angeles,2,42,13,Debit Card,1
3388.41,Bank Transfer,6.0,Mobile,Boston,3,65,8,Net Banking,1
4411.62,ATM Withdrawal,3.0,Tablet,Los Angeles,1,106,12,UPI,1
390.69,Bill Payment,12.0,Tablet,Los Angeles,4,66,3,Net Banking,1
4982.32,Bill Payment,18.0,Unknown Device,Seattle,0,84,7,UPI,1
3876.03,Online Purchase,1.0,Desktop,Houston,4,95,5,Invalid Method,1
178.49,Online Purchase,4.0,Tablet,Houston,1,107,3,Credit Card,1
4886.14,Bank Transfer,9.0,Desktop,Seattle,3,92,3,Credit Card,1
3954.95,Online Purchase,20.0,Mobile,Boston,2,105,12,Debit Card,1
2043.04,ATM Withdrawal,15.0,Desktop,Chicago,0,78,9,UPI,1
4962.1,Bank Transfer,23.0,Unknown Device,Los Angeles,0,86,10,UPI,1
1227.8,Online Purchase,16.0,Tablet,Boston,4,77,10,Invalid Method,1
4009.31,Online Purchase,1.0,Tablet,Chicago,4,105,11,Net Banking,1
393.68,ATM Withdrawal,3.0,Mobile,Boston,3,29,9,Net Banking,1
2408.4,Bank Transfer,17.0,Tablet,San Francisco,2,82,8,UPI,1
3555.4,Bill Payment,14.0,Tablet,Miami,4,40,8,UPI,1
4764.3,Bank Transfer,16.0,Tablet,Chicago,2,64,9,Debit Card,1
4436.33,POS Payment,20.0,Mobile,Miami,3,26,11,Net Banking,1
2588.76,ATM Withdrawal,18.0,Mobile,Boston,0,43,1,Invalid Method,1
2564.67,Bill Payment,17.0,Desktop,New York,1,58,4,UPI,1
3453.86,ATM Withdrawal,18.0,Tablet,Boston,4,101,2,Net Banking,1
2824.99,Online Purchase,15.0,Mobile,Chicago,2,116,9,Credit Card,1
2994.25,POS Payment,14.0,Unknown Device,Chicago,1,96,2,Debit Card,1
1977.78,ATM Withdrawal,15.0,Tablet,San Francisco,1,97,5,Net Banking,1
105.09,Bank Transfer,9.0,Tablet,Chicago,3,45,13,Net Banking,1
378.79,POS Payment,7.0,Mobile,Houston,0,60,5,Debit Card,1
2597.72,ATM Withdrawal,11.0,Unknown Device,New York,1,95,3,Debit Card,1
4273.39,POS Payment,22.0,Tablet,Houston,2,20,8,Net Banking,1
1111.56,Online Purchase,22.0,Mobile,Los Angeles,1,60,9,Debit Card,1
1609.56,ATM Withdrawal,20.0,Desktop,Los Angeles,1,96,7,UPI,1
3323.84,Bill Payment,10.0,Desktop,New York,2,77,5,Net Banking,1
3536.17,Bill Payment,11.0,Mobile,Houston,4,112,7,Debit Card,1
3226.86,POS Payment,20.0,Tablet,Seattle,3,95,10,UPI,1
1378.28,POS Payment,15.0,Mobile,Boston,0,54,6,Credit Card,1
3700.65,Online Purchase,22.0,Tablet,Boston,4,72,6,Debit Card,1
4111.69,Bill Payment,20.0,Desktop,Boston,3,104,6,UPI,1
4408.36,Bank Transfer,18.0,Tablet,Houston,3,65,7,Credit Card,1
2125.63,ATM Withdrawal,18.0,Desktop,Seattle,1,65,3,Debit Card,1
3679.09,Bill Payment,15.0,Tablet,Seattle,0,88,6,Debit Card,1
4493.2,POS Payment,5.0,Desktop,Boston,1,81,9,Debit Card,1
2960.13,Bill Payment,7.0,Tablet,Los Angeles,1,35,4,Net Banking,1
2709.85,Online Purchase,15.0,Desktop,Chicago,2,97,4,Net Banking,1
2224.73,ATM Withdrawal,5.0,Tablet,Boston,0,105,6,Credit Card,1
3662.76,Bill Payment,15.0,Desktop,Chicago,4,63,9,Debit Card,1
4070.13,Bank Transfer,12.0,Tablet,Los Angeles,1,87,13,Credit Card,1
2692.54,ATM Withdrawal,19.0,Tablet,Los Angeles,3,50,7,Net Banking,1
873.47,Bank Transfer,3.0,Tablet,Miami,1,101,3,Net Banking,1
3412.69,Bill Payment,8.0,Desktop,Boston,2,81,7,Net Banking,1
1973.89,Online Purchase,16.0,Mobile,Los Angeles,2,119,8,Credit Card,1
4193.0,Online Purchase,7.0,Tablet,Houston,3,114,6,Debit Card,1
4916.85,Bank Transfer,5.0,Tablet,Miami,2,74,1,UPI,1
49997.8,Bill Payment,20.0,Mobile,Los Angeles,1,102,8,Net Banking,1
1977.36,Bill Payment,22.0,Mobile,Los Angeles,2,55,3,Debit Card,1
4792.37,POS Payment,20.0,Desktop,Seattle,2,63,7,Debit Card,1
3069.46,Online Purchase,20.0,Mobile,San Francisco,3,103,7,Credit Card,1
2215.46,POS Payment,20.0,Desktop,Houston,2,118,3,UPI,1
3318.49,Bank Transfer,6.0,Desktop,Houston,4,92,5,Net Banking,1
3414.34,Bill Payment,18.0,Tablet,Seattle,4,67,5,UPI,1
340.1,POS Payment,19.0,Tablet,Chicago,2,33,13,UPI,1
1935.36,Bank Transfer,3.0,Tablet,Chicago,0,55,3,Credit Card,1
49997.8,Online Purchase,20.0,Desktop,Houston,0,107,14,Net Banking,1
4905.04,Bill Payment,9.0,Tablet,Los Angeles,3,93,5,UPI,1
2357.42,Online Purchase,4.0,Desktop,Boston,3,35,6,UPI,1
4814.18,Bank Transfer,7.0,Unknown Device,Miami,1,118,1,Credit Card,1
938.02,Bank Transfer,17.0,Desktop,Chicago,4,25,2,Credit Card,1
4384.84,Bank Transfer,1.0,Desktop,Chicago,1,28,9,Credit Card,1
2676.48,Bill Payment,10.0,Mobile,Boston,3,67,5,Net Banking,1
3702.78,Bill Payment,8.0,Tablet,Chicago,0,62,13,Net Banking,1
3018.45,POS Payment,20.0,Mobile,Houston,4,17,9,UPI,1
1774.03,Online Purchase,3.0,Tablet,Boston,4,83,2,UPI,1
3111.05,Bill Payment,6.0,Desktop,Los Angeles,2,78,2,Net Banking,1
1789.06,Bill Payment,16.0,Tablet,Boston,1,74,5,Net Banking,1
3872.97,POS Payment,23.0,Tablet,Houston,2,39,7,Credit Card,1
3798.94,POS Payment,18.0,Desktop,Boston,4,58,12,Debit Card,1
49997.8,Bill Payment,6.0,Desktop,Seattle,0,79,12,Net Banking,1
1440.28,Bank Transfer,11.0,Mobile,Los Angeles,4,33,1,Net Banking,1
4616.49,POS Payment,16.0,Desktop,Boston,4,97,5,UPI,1
444.71,Bill Payment,10.0,Desktop,Houston,1,72,1,UPI,1
941.88,Online Purchase,14.0,Mobile,Los Angeles,2,61,8,UPI,1
3408.79,Bank Transfer,22.0,Mobile,Chicago,4,44,2,Debit Card,1
1473.01,Bank Transfer,13.0,Mobile,Chicago,2,17,4,UPI,1
651.52,Online Purchase,11.0,Desktop,Houston,3,96,1,Net Banking,1
3157.02,POS Payment,15.0,Mobile,Boston,1,56,3,Debit Card,1
2965.68,Online Purchase,11.0,Tablet,Miami,2,70,2,Credit Card,1
1678.16,ATM Withdrawal,22.0,Desktop,Chicago,4,48,10,Credit Card,1
4438.42,POS Payment,17.0,Tablet,Boston,3,46,11,Debit Card,1
357.53,POS Payment,23.0,Desktop,Boston,0,42,11,Debit Card,1
2968.67,POS Payment,22.0,Mobile,New York,1,81,11,Net Banking,1
16.19,Bill Payment,6.0,Tablet,Houston,4,86,7,Debit Card,1
3138.96,Bill Payment,20.0,Desktop,Seattle,2,42,4,Credit Card,1
1840.41,Bank Transfer,21.0,Desktop,Boston,0,8,2,Net Banking,1
121.37,POS Payment,6.0,Tablet,Houston,1,116,8,Credit Card,1
3750.0,POS Payment,14.0,Mobile,Boston,4,80,4,UPI,1
521.88,Online Purchase,13.0,Desktop,Boston,1,64,13,Debit Card,1
3453.71,Bank Transfer,16.0,Desktop,Los Angeles,3,88,11,Debit Card,1
2207.17,Bill Payment,22.0,Desktop,Boston,0,25,2,Debit Card,1
2010.38,Online Purchase,23.0,Desktop,Los Angeles,4,87,11,Credit Card,1
1389.79,Online Purchase,15.0,Desktop,New York,4,79,4,Net Banking,1
3586.55,ATM Withdrawal,14.0,Mobile,Miami,0,64,2,Credit Card,1
554.52,Bank Transfer,15.0,Tablet,Chicago,0,37,9,Debit Card,1
4814.18,POS Payment,23.0,Mobile,Los Angeles,2,40,4,UPI,1
512.78,Bill Payment,23.0,Desktop,Chicago,4,77,1,Debit Card,1
155.36,ATM Withdrawal,3.0,Mobile,Miami,4,110,5,Net Banking,1
3667.5,ATM Withdrawal,15.0,Tablet,Boston,0,22,7,Net Banking,1
4611.03,POS Payment,18.0,Tablet,San Francisco,2,106,5,Invalid Method,1
2113.06,Bank Transfer,13.0,Desktop,New York,4,118,5,UPI,1
710.85,Online Purchase,10.0,Desktop,Chicago,4,66,4,Credit Card,1
2779.41,Bill Payment,22.0,Tablet,Houston,4,26,10,Credit Card,1
4442.03,Online Purchase,21.0,Tablet,Houston,2,83,1,UPI,1
2662.93,ATM Withdrawal,9.0,Mobile,Chicago,1,96,8,UPI,1
2238.6,POS Payment,13.0,Desktop,Boston,3,93,14,Net Banking,1
3286.17,Bank Transfer,17.0,Mobile,Miami,4,49,3,Debit Card,1
314.05,ATM Withdrawal,10.0,Unknown Device,Los Angeles,1,97,10,UPI,1
488.0,ATM Withdrawal,11.0,Tablet,Houston,2,118,5,Credit Card,1
4463.62,Online Purchase,15.0,Mobile,Boston,2,19,7,Credit Card,1
2505.54,ATM Withdrawal,8.0,Unknown Device,Houston,2,34,4,UPI,1
2273.08,Bill Payment,18.0,Tablet,Miami,3,5,8,Debit Card,1
4824.09,Bank Transfer,17.0,Mobile,Boston,0,41,10,UPI,1
4356.11,Online Purchase,5.0,Tablet,Chicago,4,46,12,Debit Card,1
150.5,Online Purchase,8.0,Tablet,Chicago,1,75,5,Debit Card,1
2976.62,Online Purchase,1.0,Unknown Device,Chicago,1,71,5,Net Banking,1
2405.67,Bank Transfer,7.0,Desktop,Houston,3,81,4,Debit Card,1
4588.52,Bill Payment,14.0,Tablet,Houston,2,78,6,Net Banking,1
409.9,POS Payment,1.0,Mobile,Houston,3,65,5,Debit Card,1
2344.34,Bank Transfer,12.0,Tablet,Chicago,3,14,2,Net Banking,1
1539.88,POS Payment,12.0,Desktop,Miami,3,46,4,Credit Card,1
1118.63,ATM Withdrawal,21.0,Tablet,Miami,1,100,4,Debit Card,1
177.28,ATM Withdrawal,13.0,Desktop,Houston,3,70,10,Net Banking,1
3397.73,Bank Transfer,23.0,Desktop,San Francisco,2,67,5,Debit Card,1
1514.97,ATM Withdrawal,21.0,Mobile,Seattle,2,70,9,Debit Card,1
547.7,Bank Transfer,21.0,Tablet,Miami,2,80,14,Net Banking,1
3057.72,Bank Transfer,7.0,Desktop,New York,2,74,1,Debit Card,1
4800.36,ATM Withdrawal,18.0,Desktop,Seattle,2,100,2,Debit Card,1
2660.81,Bank Transfer,9.0,Mobile,San Francisco,0,106,6,Net Banking,1
892.94,Bank Transfer,18.0,Mobile,Seattle,1,103,1,Net Banking,1
2855.98,Online Purchase,18.0,Tablet,Miami,1,106,13,Credit Card,1
2668.49,POS Payment,22.0,Tablet,Houston,0,16,1,Net Banking,1
2522.53,ATM Withdrawal,7.0,Tablet,Los Angeles,1,101,4,Net Banking,1
4454.8,POS Payment,23.0,Tablet,Boston,1,91,5,Debit Card,1
1153.91,Bill Payment,23.0,Desktop,Seattle,2,103,13,Net Banking,1
1185.37,POS Payment,23.0,Tablet,Houston,0,18,4,UPI,1
2971.94,ATM Withdrawal,22.0,Desktop,San Francisco,0,7,6,UPI,1
2911.35,Bank Transfer,19.0,Mobile,Chicago,2,10,2,Net Banking,1
1183.5,Bill Payment,7.0,Mobile,Chicago,0,43,4,UPI,1
982.6,Online Purchase,9.0,Tablet,Boston,0,18,7,UPI,1
3262.65,ATM Withdrawal,18.0,Desktop,Los Angeles,2,80,7,Debit Card,1
734.54,Bill Payment,15.0,Tablet,Houston,0,45,13,Net Banking,1
1058.75,Bill Payment,14.0,Mobile,Los Angeles,0,24,3,Net Banking,1
4439.77,POS Payment,15.0,Desktop,Los Angeles,2,8,10,Credit Card,1
3860.63,ATM Withdrawal,10.0,Tablet,Boston,1,108,11,UPI,1
1826.49,ATM Withdrawal,22.0,Tablet,Boston,2,4,1,UPI,1
4979.65,Bank Transfer,10.0,Desktop,Los Angeles,4,74,8,Credit Card,1
279.92,POS Payment,16.0,Mobile,Boston,2,70,5,UPI,1
542.84,Bill Payment,17.0,Tablet,Chicago,1,65,14,UPI,1
1695.08,POS Payment,2.0,Mobile,Chicago,1,93,11,Net Banking,1
2488.5,Online Purchase,22.0,Desktop,Boston,2,92,12,Credit Card,1
798.38,ATM Withdrawal,0.0,Desktop,Los Angeles,3,108,2,UPI,1
3419.52,Online Purchase,21.0,Tablet,Seattle,2,62,10,Net Banking,1
3019.84,ATM Withdrawal,13.0,Tablet,Chicago,4,34,7,Debit Card,1
3252.75,Bill Payment,21.0,Mobile,Miami,2,98,5,Debit Card,1
1825.16,ATM Withdrawal,12.0,Desktop,Boston,1,9,1,Net Banking,1
3242.17,Bill Payment,20.0,Desktop,Los Angeles,3,111,4,Debit Card,1
1157.34,ATM Withdrawal,19.0,Desktop,Chicago,4,53,8,Credit Card,1
2251.72,Online Purchase,21.0,Tablet,Houston,3,100,2,Credit Card,1
3628.88,Online Purchase,22.0,Desktop,Miami,2,85,3,Debit Card,1
1586.17,ATM Withdrawal,19.0,Unknown Device,Houston,3,79,1,Net Banking,1
3243.9,ATM Withdrawal,16.0,Tablet,Houston,2,101,11,Credit Card,1
3517.01,Online Purchase,8.0,Unknown Device,Los Angeles,0,102,13,Debit Card,1
399.59,POS Payment,20.0,Mobile,Miami,3,65,2,Credit Card,1
1596.87,Bank Transfer,19.0,Mobile,Houston,0,16,1,Net Banking,1
336.44,ATM Withdrawal,2.0,Desktop,Chicago,1,54,2,UPI,1
4190.25,ATM Withdrawal,15.0,Desktop,Chicago,3,33,1,Debit Card,1
148.62,Bank Transfer,14.0,Desktop,Boston,2,84,11,UPI,1
3222.03,ATM Withdrawal,11.0,Desktop,Chicago,0,55,6,Net Banking,1
1970.52,Online Purchase,21.0,Tablet,Boston,3,41,8,UPI,1
3613.38,POS Payment,20.0,Desktop,San Francisco,1,98,7,UPI,1
363.27,Online Purchase,22.0,Desktop,Miami,3,107,10,Debit Card,1
4548.42,Bank Transfer,22.0,Tablet,Houston,1,47,11,Debit Card,1
49997.8,Bill Payment,18.0,Tablet,New York,1,79,13,Net Banking,1
43.42,Online Purchase,17.0,Tablet,Los Angeles,0,62,12,Credit Card,1
89.97,ATM Withdrawal,21.0,Desktop,San Francisco,0,109,10,Net Banking,1
2416.73,ATM Withdrawal,5.0,Desktop,Los Angeles,2,81,2,Debit Card,1
826.23,Bill Payment,8.0,Desktop,Chicago,0,94,11,Net Banking,1
4813.46,Bank Transfer,4.0,Desktop,Chicago,4,80,2,UPI,1
1090.7,ATM Withdrawal,17.0,Mobile,Boston,3,87,12,Net Banking,1
2244.54,POS Payment,18.0,Mobile,Houston,4,4,3,Debit Card,1
49997.8,ATM Withdrawal,23.0,Mobile,San Francisco,2,119,11,Net Banking,1
226.25,POS Payment,18.0,Desktop,Seattle,3,81,5,Debit Card,1
3480.52,Bill Payment,23.0,Tablet,New York,0,24,5,Credit Card,1
4053.98,ATM Withdrawal,17.0,Mobile,Chicago,2,10,7,Debit Card,1
2227.69,POS Payment,21.0,Mobile,San Francisco,2,37,4,Net Banking,1
1323.22,POS Payment,13.0,Desktop,New York,1,40,1,Debit Card,1
4179.74,ATM Withdrawal,20.0,Desktop,New York,1,60,8,UPI,1
173.69,ATM Withdrawal,21.0,Mobile,Los Angeles,0,51,7,Debit Card,1
49997.8,Online Purchase,11.0,Desktop,San Francisco,3,70,6,Credit Card,1
2608.09,Online Purchase,16.0,Mobile,New York,1,49,2,Debit Card,1
787.58,Bank Transfer,12.0,Tablet,Chicago,0,114,6,Invalid Method,1
672.04,Bill Payment,20.0,Tablet,Chicago,1,107,9,Credit Card,1
3665.4,Online Purchase,9.0,Mobile,Boston,3,89,4,Credit Card,1
4689.01,Bank Transfer,21.0,Mobile,Miami,2,28,7,Debit Card,1
3747.54,Bank Transfer,2.0,Mobile,Chicago,1,82,9,UPI,1
3479.45,ATM Withdrawal,6.0,Desktop,Chicago,4,115,4,UPI,1
2375.49,Bank Transfer,13.0,Desktop,Chicago,0,66,6,Credit Card,1
3763.81,Online Purchase,8.0,Unknown Device,Chicago,2,79,5,Debit Card,1
2005.05,Bank Transfer,19.0,Tablet,San Francisco,4,110,6,UPI,1
3186.93,Bill Payment,14.0,Tablet,New York,0,75,1,UPI,1
662.96,ATM Withdrawal,12.0,Unknown Device,Chicago,0,114,3,UPI,1
4431.79,Bank Transfer,18.0,Mobile,New York,2,14,2,Credit Card,1
4569.36,Online Purchase,9.0,Desktop,Chicago,1,95,8,Credit Card,1
4787.86,POS Payment,9.0,Tablet,New York,1,109,13,Credit Card,1
625.92,ATM Withdrawal,21.0,Tablet,New York,1,90,9,Credit Card,1
3515.6,Online Purchase,11.0,Desktop,Houston,2,51,7,Credit Card,1
4480.26,Bill Payment,23.0,Desktop,Miami,4,33,3,Debit Card,1
2513.74,Bank Transfer,22.0,Desktop,Boston,1,74,2,Credit Card,1
2413.1,Bill Payment,21.0,Desktop,Boston,0,76,8,Net Banking,1
4405.6,Bank Transfer,17.0,Tablet,Boston,0,56,2,Net Banking,1
4974.95,ATM Withdrawal,6.0,Desktop,Miami,2,113,2,Debit Card,1
4790.38,Online Purchase,22.0,Tablet,San Francisco,4,32,7,UPI,1
19.82,Online Purchase,19.0,Desktop,Boston,1,37,3,UPI,1
1627.04,ATM Withdrawal,21.0,Desktop,Houston,3,39,4,Credit Card,1
1055.09,POS Payment,8.0,Tablet,Chicago,2,87,14,Net Banking,1
2313.48,ATM Withdrawal,21.0,Mobile,Los Angeles,4,20,3,UPI,1
3834.8,Bill Payment,4.0,Desktop,Chicago,0,99,14,Debit Card,1
1536.68,Bill Payment,12.0,Mobile,Chicago,4,90,11,Credit Card,1
4383.88,ATM Withdrawal,6.0,Desktop,Houston,1,25,2,Net Banking,1
1042.89,ATM Withdrawal,18.0,Mobile,Miami,4,49,1,Credit Card,1
2627.11,Bill Payment,20.0,Tablet,Miami,2,63,10,Net Banking,1
4549.46,ATM Withdrawal,9.0,Tablet,Chicago,2,49,4,Debit Card,1
3107.24,Online Purchase,15.0,Tablet,San Francisco,0,49,1,UPI,1
4325.9,Online Purchase,21.0,Mobile,Miami,2,98,4,Debit Card,1
49997.8,Bank Transfer,2.0,Mobile,New York,1,118,12,Credit Card,1
733.96,Online Purchase,21.0,Tablet,Miami,2,91,8,Net Banking,1
2850.09,Bill Payment,22.0,Tablet,Houston,3,37,7,UPI,1
4385.12,POS Payment,19.0,Desktop,Miami,4,75,11,Debit Card,1
2256.79,ATM Withdrawal,19.0,Tablet,New York,2,101,13,Net Banking,1
4768.47,Bill Payment,12.0,Tablet,Houston,1,17,8,Credit Card,1
1899.4,Bank Transfer,8.0,Mobile,Boston,0,46,6,UPI,1
3666.69,Bank Transfer,23.0,Mobile,New York,4,83,8,Net Banking,1
790.47,Online Purchase,19.0,Desktop,Los Angeles,4,26,4,Net Banking,1
2220.94,Bank Transfer,12.0,Mobile,New York,4,95,9,Net Banking,1
175.48,Bill Payment,22.0,Tablet,Houston,2,102,14,Credit Card,1
1555.4,ATM Withdrawal,21.0,Desktop,Boston,3,103,11,UPI,1
1740.28,Bill Payment,17.0,Desktop,Chicago,2,76,2,Debit Card,1
310.73,POS Payment,1.0,Mobile,Houston,0,45,3,Credit Card,1
3259.04,POS Payment,13.0,Desktop,Chicago,2,67,7,UPI,1
2165.78,Online Purchase,22.0,Desktop,San Francisco,1,104,6,Net Banking,1
2698.64,POS Payment,7.0,Tablet,Boston,0,65,2,Debit Card,1
2832.43,POS Payment,16.0,Tablet,San Francisco,0,114,10,Debit Card,1
450.07,Bill Payment,15.0,Tablet,Chicago,0,100,7,Net Banking,1
2175.22,ATM Withdrawal,16.0,Mobile,Miami,0,76,4,Credit Card,1
3313.43,ATM Withdrawal,20.0,Tablet,Chicago,0,21,2,Debit Card,1
4111.22,Bill Payment,16.0,Tablet,New York,1,83,8,Credit Card,1
2175.22,Online Purchase,20.0,Mobile,Miami,0,94,13,Net Banking,1
2791.16,ATM Withdrawal,12.0,Tablet,Houston,2,70,9,Credit Card,1
2511.52,POS Payment,19.0,Mobile,Seattle,0,69,8,UPI,1
6.72,Bank Transfer,12.0,Tablet,Los Angeles,0,64,10,Net Banking,1
1437.68,Online Purchase,10.0,Mobile,New York,3,97,1,Credit Card,1
4484.71,Bank Transfer,23.0,Mobile,Seattle,1,10,4,UPI,1
1969.87,Bill Payment,18.0,Tablet,Chicago,2,9,9,Net Banking,1
1390.61,Bank Transfer,18.0,Desktop,San Francisco,2,102,5,Debit Card,1
1449.22,Bill Payment,18.0,Mobile,Boston,4,40,14,Credit Card,1
3078.73,Bill Payment,21.0,Tablet,Miami,0,88,5,Credit Card,1
4921.78,Bill Payment,6.0,Desktop,Los Angeles,1,28,2,Debit Card,1
3008.27,Bill Payment,6.0,Desktop,Los Angeles,1,58,1,Credit Card,1
355.63,Online Purchase,22.0,Tablet,Seattle,1,62,6,Debit Card,1
2036.57,Online Purchase,13.0,Mobile,Miami,3,62,2,Debit Card,1
4174.77,POS Payment,9.0,Tablet,Chicago,3,32,11,Debit Card,1
3233.42,Online Purchase,8.0,Tablet,Boston,4,88,6,UPI,1
2308.45,ATM Withdrawal,21.0,Mobile,Boston,3,20,14,Debit Card,1
700.23,Bank Transfer,17.0,Mobile,Boston,2,13,5,UPI,1
467.46,POS Payment,11.0,Mobile,Miami,3,104,7,Debit Card,1
2037.83,Bill Payment,23.0,Tablet,Seattle,1,46,8,UPI,1
433.24,Bill Payment,11.0,Tablet,Boston,4,75,12,Credit Card,1
4033.25,Online Purchase,0.0,Mobile,Boston,4,91,8,UPI,1
752.17,Online Purchase,7.0,Desktop,Los Angeles,1,49,1,Credit Card,1
1730.44,Bill Payment,2.0,Tablet,Boston,4,40,1,Debit Card,1
1720.32,Bill Payment,17.0,Mobile,Seattle,1,42,1,UPI,1
4212.22,POS Payment,15.0,Desktop,Seattle,2,87,2,Net Banking,1
2200.57,Online Purchase,7.0,Desktop,Houston,1,50,6,UPI,1
1373.92,ATM Withdrawal,16.0,Unknown Device,Houston,2,8,12,Invalid Method,1
2653.12,POS Payment,10.0,Desktop,Los Angeles,1,114,7,Net Banking,1
1726.24,Bill Payment,23.0,Mobile,Miami,3,32,14,Net Banking,1
4267.35,Online Purchase,20.0,Mobile,Miami,1,107,13,Debit Card,1
3976.04,Online Purchase,12.0,Mobile,Chicago,1,39,10,Debit Card,1
2108.72,Bank Transfer,20.0,Mobile,Boston,3,68,11,UPI,1
2859.25,Bill Payment,10.0,Desktop,New York,0,75,3,Debit Card,1
1938.25,ATM Withdrawal,4.0,Tablet,Boston,4,113,12,Credit Card,1
923.21,Bill Payment,8.0,Mobile,Chicago,2,30,2,Credit Card,1
133.09,ATM Withdrawal,3.0,Mobile,Boston,2,89,12,Debit Card,1
4968.62,Bank Transfer,22.0,Unknown Device,Chicago,1,47,10,UPI,1
19.27,ATM Withdrawal,17.0,Desktop,Los Angeles,1,16,5,Net Banking,1
457.63,Bill Payment,10.0,Tablet,Houston,1,60,10,Net Banking,1
517.85,POS Payment,11.0,Tablet,Los Angeles,1,36,5,Credit Card,1
4473.14,Bank Transfer,8.0,Desktop,Houston,2,109,3,Net Banking,1
3311.93,Bill Payment,6.0,Mobile,Boston,2,19,9,UPI,1
3363.34,POS Payment,21.0,Mobile,Boston,4,66,2,UPI,1
3316.36,Online Purchase,3.0,Tablet,Houston,0,109,9,Net Banking,1
2713.57,Bank Transfer,22.0,Desktop,Houston,3,110,9,UPI,1
2945.49,Bank Transfer,18.0,Desktop,Chicago,2,81,2,Debit Card,1
4120.26,Bill Payment,5.0,Tablet,Boston,4,76,7,UPI,1
234.83,ATM Withdrawal,14.0,Desktop,Miami,4,104,11,Debit Card,1
3221.41,Bank Transfer,19.0,Tablet,New York,3,36,9,Debit Card,1
420.99,POS Payment,9.0,Tablet,Los Angeles,2,91,7,Debit Card,1
1346.11,ATM Withdrawal,18.0,Tablet,Miami,2,25,4,Invalid Method,1
273.0,ATM Withdrawal,11.0,Desktop,Boston,2,111,13,Debit Card,1
3629.6,Bill Payment,12.0,Desktop,Houston,1,72,3,UPI,1
4782.18,Bill Payment,11.0,Mobile,Chicago,2,104,2,UPI,1
3968.49,Online Purchase,9.0,Desktop,Houston,3,99,11,Debit Card,1
2411.26,Bill Payment,18.0,Tablet,San Francisco,3,19,3,Debit Card,1
3306.71,POS Payment,18.0,Mobile,San Francisco,2,28,3,Credit Card,1
775.67,Online Purchase,18.0,Tablet,Boston,2,6,7,UPI,1
1200.5,ATM Withdrawal,10.0,Mobile,Boston,2,20,2,Net Banking,1
710.36,Online Purchase,17.0,Mobile,San Francisco,2,105,9,UPI,1
3783.62,Online Purchase,18.0,Tablet,Boston,4,79,2,Net Banking,1
194.25,POS Payment,15.0,Tablet,Los Angeles,2,33,3,Debit Card,1
4341.81,Bill Payment,2.0,Mobile,Houston,2,111,4,Debit Card,1
4495.99,POS Payment,12.0,Desktop,Miami,0,54,12,Debit Card,1
1798.69,ATM Withdrawal,9.0,Desktop,Boston,1,62,7,UPI,1
2566.0,Bill Payment,19.0,Unknown Device,Houston,0,3,3,Net Banking,1
2969.92,Bill Payment,16.0,Tablet,Los Angeles,4,2,9,Debit Card,1
1016.79,ATM Withdrawal,16.0,Desktop,Los Angeles,4,57,5,Credit Card,1
937.64,Bank Transfer,3.0,Mobile,Boston,0,88,2,Debit Card,1
1177.49,Bank Transfer,17.0,Mobile,Boston,3,112,2,Debit Card,1
4474.48,POS Payment,10.0,Desktop,Boston,3,22,12,UPI,1
3876.51,Bank Transfer,18.0,Desktop,Seattle,3,23,2,Net Banking,1
2316.9,Online Purchase,9.0,Desktop,Los Angeles,4,98,11,UPI,1
3470.22,ATM Withdrawal,22.0,Tablet,Houston,4,104,4,Net Banking,1
481.13,ATM Withdrawal,14.0,Tablet,San Francisco,1,42,1,Net Banking,1
1061.4,Bank Transfer,20.0,Mobile,Chicago,3,51,2,Debit Card,1
1972.09,Bill Payment,19.0,Mobile,San Francisco,4,114,7,Debit Card,1
1917.99,ATM Withdrawal,6.0,Tablet,Houston,3,76,3,Net Banking,1
826.93,Online Purchase,17.0,Desktop,Houston,0,19,13,Net Banking,1
256.87,Online Purchase,20.0,Desktop,Chicago,1,52,2,Debit Card,1
3865.78,POS Payment,22.0,Desktop,Los Angeles,0,93,2,Net Banking,1
1925.94,Bank Transfer,5.0,Mobile,Boston,4,40,4,Credit Card,1
1521.55,Bill Payment,23.0,Mobile,New York,1,9,6,Debit Card,1
2990.14,Bill Payment,21.0,Tablet,Miami,1,118,10,UPI,1
4506.11,Bill Payment,17.0,Tablet,Houston,3,54,6,Debit Card,1
2040.68,Bill Payment,17.0,Tablet,Boston,1,61,3,Net Banking,1
3504.82,ATM Withdrawal,22.0,Mobile,New York,3,36,13,Net Banking,1
2133.01,ATM Withdrawal,6.0,Desktop,Chicago,0,95,9,Debit Card,1
3308.4,ATM Withdrawal,10.0,Tablet,Chicago,2,30,6,UPI,1
1357.44,Online Purchase,14.0,Tablet,Miami,4,65,9,Net Banking,1
1185.25,Bill Payment,16.0,Mobile,Los Angeles,0,74,1,UPI,1
188.03,POS Payment,19.0,Desktop,Houston,3,16,13,Net Banking,1
2563.89,POS Payment,13.0,Tablet,New York,0,49,3,UPI,1
1562.47,ATM Withdrawal,9.0,Mobile,Miami,1,77,6,Credit Card,1
3996.16,POS Payment,18.0,Desktop,San Francisco,2,117,8,Credit Card,1
1399.13,ATM Withdrawal,19.0,Desktop,Miami,4,105,8,UPI,1
1224.35,POS Payment,8.0,Desktop,Chicago,4,25,1,Debit Card,1
4566.42,Bank Transfer,8.0,Mobile,Houston,3,62,2,Credit Card,1
2378.0,Online Purchase,18.0,Desktop,Boston,3,39,1,UPI,1
4113.99,ATM Withdrawal,2.0,Desktop,Chicago,1,104,10,Invalid Method,1
4043.66,Bill Payment,13.0,Mobile,Boston,3,41,9,Credit Card,1
1289.66,ATM Withdrawal,20.0,Tablet,Miami,0,96,8,Credit Card,1
4089.97,POS Payment,13.0,Tablet,Chicago,4,113,11,Net Banking,1
3487.72,ATM Withdrawal,17.0,Mobile,Boston,3,79,2,Debit Card,1
2481.79,Online Purchase,3.0,Mobile,Los Angeles,1,75,1,Net Banking,1
3172.66,Bank Transfer,22.0,Tablet,Seattle,4,110,7,Credit Card,1
2073.92,ATM Withdrawal,8.0,Desktop,Miami,3,113,9,Net Banking,1
3610.31,Online Purchase,14.0,Mobile,Chicago,3,36,1,Debit Card,1
1164.96,Online Purchase,20.0,Desktop,Los Angeles,2,21,12,UPI,1
2716.7,Bill Payment,8.0,Desktop,Houston,2,103,10,Credit Card,1
3798.86,Bank Transfer,16.0,Desktop,San Francisco,0,67,10,Credit Card,1
768.41,Bank Transfer,16.0,Tablet,Los Angeles,2,85,9,UPI,1
2917.64,ATM Withdrawal,22.0,Mobile,Chicago,3,75,11,Net Banking,1
2198.93,Bank Transfer,22.0,Mobile,Chicago,0,52,10,UPI,1
3804.84,ATM Withdrawal,23.0,Desktop,New York,1,35,10,UPI,1
3265.02,ATM Withdrawal,23.0,Tablet,Houston,2,66,4,Debit Card,1
1309.98,Bank Transfer,21.0,Desktop,San Francisco,2,81,11,Debit Card,1
4417.25,POS Payment,11.0,Desktop,Los Angeles,0,35,3,Invalid Method,1
4835.91,Bank Transfer,6.0,Tablet,Miami,2,24,3,Credit Card,1
228.6,POS Payment,7.0,Tablet,Chicago,2,68,4,UPI,1
3768.79,Bill Payment,11.0,Tablet,Boston,1,53,9,Credit Card,1
1883.43,Bill Payment,16.0,Tablet,Seattle,1,52,2,Credit Card,1
896.29,Bank Transfer,8.0,Tablet,Houston,1,100,8,Credit Card,1
2548.53,Online Purchase,11.0,Mobile,New York,3,98,2,UPI,1
1416.78,Bank Transfer,20.0,Desktop,Chicago,3,41,5,UPI,1
2820.48,Bill Payment,20.0,Desktop,Los Angeles,3,80,5,Debit Card,1
4237.27,Online Purchase,14.0,Mobile,Boston,0,88,9,Credit Card,1
3486.85,POS Payment,15.0,Mobile,Chicago,3,93,13,UPI,1
1285.34,Bank Transfer,21.0,Desktop,New York,4,118,2,Debit Card,1
1616.16,ATM Withdrawal,22.0,Desktop,Boston,2,104,7,Invalid Method,1
32.82,POS Payment,21.0,Desktop,Boston,3,60,8,UPI,1
592.68,Bank Transfer,21.0,Desktop,Miami,0,52,8,UPI,1
1060.76,Online Purchase,17.0,Mobile,Los Angeles,2,36,2,UPI,1
2616.88,Bank Transfer,11.0,Desktop,Chicago,1,52,1,Debit Card,1
1099.67,Bank Transfer,13.0,Mobile,Miami,0,70,3,Credit Card,1
301.37,Bank Transfer,19.0,Desktop,Chicago,1,110,8,Debit Card,1
2747.49,ATM Withdrawal,10.0,Mobile,Boston,3,48,4,UPI,1
4125.36,Bill Payment,17.0,Tablet,San Francisco,3,63,1,UPI,1
1764.19,POS Payment,8.0,Tablet,Boston,0,114,13,Net Banking,1
296.09,Online Purchase,5.0,Desktop,Boston,1,108,5,UPI,1
3962.75,ATM Withdrawal,13.0,Mobile,New York,3,32,3,Credit Card,1
4824.52,POS Payment,19.0,Desktop,Houston,4,43,2,UPI,1
3251.75,POS Payment,18.0,Desktop,Houston,2,96,2,Credit Card,1
2637.12,Bank Transfer,8.0,Mobile,Houston,4,56,10,Net Banking,1
2714.28,ATM Withdrawal,0.0,Tablet,Houston,3,89,4,Net Banking,1
746.07,Bank Transfer,6.0,Desktop,Houston,4,90,9,Debit Card,1
490.0,Bank Transfer,5.0,Desktop,Chicago,2,106,11,UPI,1
2838.54,Online Purchase,22.0,Mobile,New York,4,113,5,Debit Card,1
4083.96,ATM Withdrawal,15.0,Mobile,Chicago,1,46,7,UPI,1
3095.55,POS Payment,5.0,Tablet,Boston,0,110,11,Credit Card,1
4270.68,Online Purchase,19.0,Desktop,New York,4,114,11,Credit Card,1
4956.86,POS Payment,12.0,Desktop,Los Angeles,1,82,5,Credit Card,1
2511.94,Online Purchase,17.0,Mobile,San Francisco,3,83,8,UPI,1
2895.51,Online Purchase,13.0,Mobile,Boston,2,39,5,UPI,1
1597.08,ATM Withdrawal,18.0,Tablet,Seattle,0,88,4,Debit Card,1
2125.67,Bank Transfer,21.0,Mobile,Chicago,3,117,11,Net Banking,1
715.78,Bank Transfer,14.0,Mobile,Boston,3,28,1,UPI,1
49997.8,POS Payment,14.0,Tablet,Houston,4,4,1,Net Banking,1
1881.39,Bill Payment,17.0,Tablet,Houston,0,75,8,Credit Card,1
3580.41,ATM Withdrawal,18.0,Tablet,Chicago,1,112,6,Credit Card,1
3234.05,ATM Withdrawal,20.0,Desktop,Houston,1,53,7,Debit Card,1
1317.32,Bill Payment,23.0,Desktop,Los Angeles,3,63,6,Credit Card,1
249.9,Online Purchase,22.0,Tablet,Chicago,1,109,8,UPI,1
2746.12,Online Purchase,12.0,Desktop,Boston,3,74,1,Net Banking,1
4326.03,ATM Withdrawal,22.0,Mobile,New York,0,91,2,UPI,1
3725.69,Bank Transfer,14.0,Tablet,Boston,4,96,5,UPI,1
4308.84,Online Purchase,7.0,Mobile,Seattle,0,116,1,Credit Card,1
1253.2,Bank Transfer,23.0,Desktop,New York,2,4,2,UPI,1
2954.51,Online Purchase,22.0,Mobile,Seattle,2,94,4,Net Banking,1
3148.08,Bill Payment,10.0,Desktop,Houston,3,33,10,Debit Card,1
1530.92,Bill Payment,16.0,Tablet,Houston,0,40,14,Net Banking,1
587.93,ATM Withdrawal,16.0,Mobile,Houston,3,1,7,Net Banking,1
3442.74,Online Purchase,18.0,Tablet,Chicago,4,52,5,Net Banking,1
1262.79,ATM Withdrawal,17.0,Desktop,Miami,1,24,8,UPI,1
2859.74,Bill Payment,2.0,Mobile,Los Angeles,1,104,6,Credit Card,1
1023.04,Online Purchase,4.0,Tablet,Boston,1,59,14,Invalid Method,1
4907.83,Bank Transfer,3.0,Tablet,Chicago,4,115,12,Net Banking,1
2071.32,ATM Withdrawal,13.0,Mobile,Miami,3,54,3,Net Banking,1
4126.08,Bill Payment,17.0,Desktop,San Francisco,4,88,2,Net Banking,1
1761.01,Online Purchase,1.0,Tablet,Houston,1,114,6,Credit Card,1
1225.83,ATM Withdrawal,11.0,Mobile,Boston,0,36,4,Net Banking,1
3069.96,Online Purchase,14.0,Tablet,Houston,3,92,3,Net Banking,1
3050.12,Bill Payment,11.0,Mobile,Houston,0,78,2,Invalid Method,1
949.77,Bank Transfer,2.0,Desktop,Chicago,1,92,3,UPI,1
905.95,POS Payment,19.0,Mobile,Boston,3,68,11,Credit Card,1
3683.58,Online Purchase,14.0,Desktop,Chicago,1,101,12,Debit Card,1
3744.13,Bank Transfer,6.0,Mobile,Boston,4,20,10,Credit Card,1
2496.23,Online Purchase,23.0,Mobile,Los Angeles,0,78,10,Net Banking,1
478.81,Bank Transfer,22.0,Tablet,Boston,0,76,6,Debit Card,1
2676.23,Bill Payment,11.0,Tablet,Boston,3,88,5,Net Banking,1
3550.95,POS Payment,14.0,Desktop,Boston,1,17,12,Debit Card,1
4637.44,ATM Withdrawal,15.0,Desktop,Boston,1,21,5,Debit Card,1
502.99,POS Payment,14.0,Mobile,San Francisco,4,108,3,Debit Card,1
513.06,ATM Withdrawal,14.0,Desktop,Los Angeles,0,57,11,Debit Card,1
1655.39,Online Purchase,13.0,Tablet,Boston,4,66,4,UPI,1
3748.29,Bill Payment,15.0,Desktop,Boston,3,55,8,Net Banking,1
3838.48,Bank Transfer,12.0,Mobile,Seattle,2,118,7,Credit Card,1
489.14,ATM Withdrawal,10.0,Mobile,Boston,3,72,4,UPI,1
3702.27,Bank Transfer,4.0,Unknown Device,Miami,4,89,5,Net Banking,1
4235.39,POS Payment,3.0,Mobile,Boston,1,38,13,Net Banking,1
1318.22,Online Purchase,13.0,Desktop,Los Angeles,3,44,6,Credit Card,1
766.84,ATM Withdrawal,18.0,Tablet,Chicago,2,84,10,UPI,1
4010.39,Online Purchase,7.0,Unknown Device,Houston,1,1,2,Credit Card,1
2063.11,Bank Transfer,8.0,Mobile,Houston,2,88,8,Credit Card,1
456.16,Bank Transfer,13.0,Desktop,Boston,4,77,1,Credit Card,1
4364.91,Bank Transfer,5.0,Mobile,Boston,3,117,4,Debit Card,1
874.54,Bill Payment,16.0,Desktop,Boston,0,55,7,Debit Card,1
3784.88,ATM Withdrawal,8.0,Tablet,Houston,4,55,8,UPI,1
2579.42,Bill Payment,13.0,Tablet,Chicago,3,29,7,Debit Card,1
4370.83,Bill Payment,20.0,Mobile,Boston,1,103,13,Debit Card,1
3989.25,ATM Withdrawal,16.0,Mobile,San Francisco,2,101,11,UPI,1
2312.95,POS Payment,20.0,Mobile,Chicago,2,64,6,Net Banking,1
4519.9,POS Payment,21.0,Tablet,Los Angeles,3,41,9,UPI,1
483.58,Bank Transfer,14.0,Tablet,Los Angeles,2,34,4,UPI,1
4922.49,Bank Transfer,2.0,Mobile,Miami,2,110,8,Net Banking,1
4722.22,POS Payment,7.0,Desktop,Boston,1,27,11,Debit Card,1
4385.35,Bill Payment,14.0,Tablet,Los Angeles,1,97,10,Net Banking,1
3902.48,POS Payment,13.0,Tablet,Houston,0,73,4,Debit Card,1
2927.91,ATM Withdrawal,20.0,Desktop,New York,3,84,11,Net Banking,1
610.99,Bill Payment,13.0,Tablet,Miami,1,29,2,Credit Card,1
1419.56,Online Purchase,4.0,Mobile,Los Angeles,0,76,8,UPI,1
1149.61,POS Payment,6.0,Mobile,Los Angeles,0,114,8,UPI,1
2168.57,ATM Withdrawal,15.0,Mobile,Los Angeles,0,59,13,Net Banking,1
176.18,ATM Withdrawal,5.0,Desktop,Boston,0,80,1,Invalid Method,1
2407.55,Bank Transfer,16.0,Tablet,Boston,4,52,2,UPI,1
3254.16,Online Purchase,23.0,Tablet,Boston,4,57,2,Credit Card,1
3609.27,Bill Payment,11.0,Desktop,Houston,4,5,5,Debit Card,1
2215.07,Bank Transfer,23.0,Tablet,Chicago,1,63,9,Net Banking,1
3079.06,POS Payment,19.0,Desktop,Houston,0,119,1,Net Banking,1
3551.54,ATM Withdrawal,5.0,Desktop,Chicago,2,58,11,Debit Card,1
1438.07,Online Purchase,14.0,Mobile,New York,1,55,2,Credit Card,1
2197.74,Bill Payment,1.0,Mobile,Boston,3,88,1,Invalid Method,1
964.08,ATM Withdrawal,22.0,Desktop,San Francisco,0,106,12,UPI,1
4967.89,Online Purchase,13.0,Desktop,Chicago,1,96,9,UPI,1
2233.86,Online Purchase,7.0,Mobile,Miami,4,87,6,Net Banking,1
526.36,Bank Transfer,8.0,Desktop,Houston,4,5,2,Credit Card,1
1314.6,POS Payment,15.0,Mobile,Miami,0,106,7,Credit Card,1
2323.98,Bill Payment,11.0,Desktop,Miami,3,119,14,Net Banking,1
4759.96,Online Purchase,10.0,Mobile,Boston,4,21,8,Net Banking,1
3033.67,Online Purchase,8.0,Tablet,Los Angeles,4,74,7,Net Banking,1
4310.84,Bill Payment,21.0,Unknown Device,Seattle,3,73,5,Net Banking,1
858.25,Bill Payment,20.0,Desktop,Boston,2,35,12,Debit Card,1
49997.8,Online Purchase,10.0,Desktop,Chicago,0,69,13,UPI,1
1152.58,Bill Payment,4.0,Tablet,Miami,4,101,5,Debit Card,1
49997.8,ATM Withdrawal,18.0,Tablet,Los Angeles,0,36,2,Debit Card,1
324.31,ATM Withdrawal,9.0,Mobile,Boston,2,18,12,Net Banking,1
1407.35,ATM Withdrawal,18.0,Desktop,Boston,3,32,9,Credit Card,1
2112.71,Bank Transfer,5.0,Tablet,Miami,3,95,7,Net Banking,1
104.43,Online Purchase,13.0,Unknown Device,Houston,4,87,11,Debit Card,1
4922.72,Online Purchase,22.0,Mobile,New York,1,63,8,Credit Card,1
1720.85,Bill Payment,20.0,Tablet,Los Angeles,2,57,6,UPI,1
3878.21,Bank Transfer,6.0,Tablet,Chicago,0,31,13,Net Banking,1
3777.92,POS Payment,20.0,Unknown Device,Houston,1,18,3,Net Banking,1
2421.15,Bank Transfer,8.0,Tablet,Chicago,4,101,10,UPI,1
1549.84,Online Purchase,14.0,Tablet,Miami,3,94,14,Credit Card,1
2642.53,POS Payment,6.0,Mobile,Los Angeles,2,111,13,Net Banking,1
2808.92,Bill Payment,23.0,Mobile,Los Angeles,3,55,14,Credit Card,1
1699.82,Online Purchase,18.0,Tablet,Miami,4,60,8,Net Banking,1
4097.62,Online Purchase,8.0,Desktop,Miami,4,86,10,Credit Card,1
4442.78,Bill Payment,11.0,Desktop,Chicago,3,4,13,UPI,1
4473.7,ATM Withdrawal,11.0,Mobile,Los Angeles,0,3,8,UPI,1
676.08,Bank Transfer,0.0,Tablet,Boston,3,75,4,UPI,1
3803.48,Bill Payment,18.0,Desktop,Chicago,0,16,2,UPI,1
4991.45,ATM Withdrawal,18.0,Mobile,New York,1,16,9,Net Banking,1
2700.57,Bill Payment,13.0,Desktop,Chicago,4,55,4,Debit Card,1
504.9,POS Payment,9.0,Tablet,Boston,0,99,10,Credit Card,1
752.17,Bank Transfer,0.0,Mobile,Los Angeles,0,107,5,Credit Card,1
3517.65,ATM Withdrawal,10.0,Tablet,New York,0,63,6,Credit Card,1
3727.25,Bill Payment,14.0,Mobile,Boston,3,79,10,UPI,1
486.0,Bill Payment,21.0,Mobile,Miami,1,40,5,Debit Card,1
1956.79,POS Payment,21.0,Mobile,San Francisco,0,57,5,Credit Card,1
4470.55,Bank Transfer,17.0,Tablet,Los Angeles,3,35,10,Debit Card,1
1505.58,POS Payment,12.0,Desktop,Los Angeles,3,4,5,UPI,1
1278.11,Bank Transfer,7.0,Mobile,Los Angeles,1,45,3,Invalid Method,1
3667.0,Bank Transfer,23.0,Desktop,Chicago,2,14,13,Invalid Method,1
4755.79,Bill Payment,8.0,Mobile,New York,3,101,8,Net Banking,1
4745.98,ATM Withdrawal,17.0,Tablet,Boston,0,101,13,Net Banking,1
3829.97,ATM Withdrawal,17.0,Desktop,New York,4,3,2,UPI,1
213.74,Online Purchase,16.0,Tablet,Houston,0,28,1,Debit Card,1
1208.94,Online Purchase,7.0,Desktop,Miami,2,102,8,Net Banking,1
743.16,Bill Payment,10.0,Desktop,Houston,0,87,9,Debit Card,1
4746.46,Bank Transfer,20.0,Desktop,Chicago,1,102,9,Debit Card,1
49997.8,ATM Withdrawal,15.0,Mobile,Los Angeles,3,84,8,Net Banking,1
4774.86,Bill Payment,17.0,Mobile,Boston,2,68,5,Debit Card,1
1631.87,Bill Payment,7.0,Desktop,Houston,3,56,1,UPI,1
2763.62,POS Payment,9.0,Desktop,Boston,3,40,5,Net Banking,1
606.53,Bank Transfer,21.0,Desktop,Boston,0,113,9,Debit Card,1
735.52,Bill Payment,6.0,Tablet,Boston,1,106,2,Net Banking,1
3168.34,Bank Transfer,18.0,Tablet,Los Angeles,0,23,10,Credit Card,1
2094.05,POS Payment,18.0,Desktop,New York,4,81,8,Net Banking,1
4157.55,Online Purchase,9.0,Desktop,Los Angeles,1,36,7,Net Banking,1
2088.56,ATM Withdrawal,12.0,Tablet,Houston,3,22,6,Net Banking,1
3355.48,Online Purchase,4.0,Tablet,Houston,3,40,4,UPI,1
2143.07,Bill Payment,22.0,Mobile,Boston,0,68,2,Credit Card,1
215.93,Bank Transfer,3.0,Mobile,Boston,3,27,6,Credit Card,1
1666.85,Bill Payment,15.0,Desktop,Boston,3,70,1,Credit Card,1
4687.35,Bank Transfer,19.0,Desktop,Houston,1,40,3,UPI,1
146.35,Online Purchase,2.0,Tablet,Houston,2,61,4,Debit Card,1
2015.37,POS Payment,22.0,Unknown Device,Houston,3,83,6,Net Banking,1
2760.12,Online Purchase,6.0,Tablet,Los Angeles,2,107,14,Net Banking,1
3953.39,Bank Transfer,16.0,Desktop,Boston,1,32,7,UPI,1
4703.05,POS Payment,3.0,Desktop,Los Angeles,1,72,3,UPI,1
3881.56,Bill Payment,3.0,Desktop,Houston,0,100,11,Net Banking,1
3299.57,Bank Transfer,23.0,Tablet,Los Angeles,4,61,7,UPI,1
262.3,POS Payment,22.0,Desktop,Los Angeles,4,42,10,UPI,1
4982.54,POS Payment,15.0,Mobile,Los Angeles,1,53,9,Net Banking,1
3546.26,Bank Transfer,23.0,Desktop,Chicago,0,17,4,Invalid Method,1
894.15,Bill Payment,8.0,Desktop,Boston,0,99,14,Credit Card,1
1432.24,Bill Payment,14.0,Tablet,San Francisco,2,61,1,Credit Card,1
1201.95,Online Purchase,3.0,Tablet,Houston,2,46,3,UPI,1
1458.45,Bank Transfer,5.0,Tablet,Houston,3,85,10,UPI,1
509.38,POS Payment,18.0,Tablet,Miami,2,3,5,Net Banking,1
3038.25,Bank Transfer,23.0,Tablet,Los Angeles,3,73,7,Credit Card,1
1364.79,Online Purchase,17.0,Mobile,Houston,0,34,8,Net Banking,1
1515.86,Online Purchase,12.0,Desktop,Boston,0,45,9,UPI,1
3856.41,ATM Withdrawal,20.0,Desktop,Miami,2,67,11,Debit Card,1
3397.91,Bill Payment,18.0,Mobile,Miami,1,98,7,Net Banking,1
1900.56,Bank Transfer,23.0,Tablet,Houston,3,77,11,Net Banking,1
3162.8,Online Purchase,16.0,Desktop,Houston,4,25,10,Debit Card,1
3978.12,Bill Payment,9.0,Tablet,New York,4,78,1,UPI,1
3759.07,ATM Withdrawal,10.0,Desktop,Boston,1,21,6,Credit Card,1
3107.77,Bill Payment,13.0,Tablet,New York,2,46,2,UPI,1
3881.78,ATM Withdrawal,5.0,Unknown Device,Boston,2,5,11,Debit Card,1
4099.99,POS Payment,15.0,Tablet,New York,0,75,10,Debit Card,1
798.16,POS Payment,23.0,Desktop,Chicago,3,86,12,Credit Card,1
3402.39,Online Purchase,10.0,Mobile,Miami,4,113,5,UPI,1
752.27,Bank Transfer,11.0,Mobile,San Francisco,3,104,3,UPI,1
2327.05,Bank Transfer,19.0,Mobile,Boston,3,55,12,UPI,1
1858.44,Bill Payment,18.0,Desktop,Los Angeles,0,41,11,Invalid Method,1
1167.86,Online Purchase,9.0,Mobile,Boston,0,92,8,Debit Card,1
4075.92,POS Payment,16.0,Tablet,Chicago,3,5,7,Debit Card,1
3094.98,ATM Withdrawal,12.0,Mobile,Boston,1,81,14,Debit Card,1
1175.8,Bill Payment,21.0,Mobile,Boston,1,15,13,Debit Card,1
2961.49,ATM Withdrawal,6.0,Desktop,Chicago,1,36,13,Credit Card,1
977.06,Bill Payment,23.0,Tablet,Los Angeles,4,68,6,UPI,1
4330.06,ATM Withdrawal,1.0,Mobile,Miami,1,80,4,Net Banking,1
269.1,ATM Withdrawal,15.0,Mobile,Miami,1,3,2,Credit Card,1
4304.52,ATM Withdrawal,15.0,Desktop,San Francisco,3,72,1,UPI,1
1463.8,POS Payment,10.0,Desktop,Houston,4,49,6,Debit Card,1
380.78,Online Purchase,21.0,Desktop,Chicago,1,12,7,Net Banking,1
3239.0,Bill Payment,19.0,Mobile,Los Angeles,0,59,8,UPI,1
2086.87,ATM Withdrawal,20.0,Tablet,Houston,2,117,11,Net Banking,1
49997.8,Online Purchase,11.0,Desktop,Miami,1,117,7,Credit Card,1
2081.36,ATM Withdrawal,11.0,Tablet,Boston,1,20,6,UPI,1
513.44,Bill Payment,9.0,Mobile,Los Angeles,1,58,1,UPI,1
1494.9,Bill Payment,14.0,Tablet,Chicago,3,10,1,Debit Card,1
1920.21,Online Purchase,19.0,Tablet,Boston,2,15,7,Net Banking,1
3718.4,Bank Transfer,0.0,Desktop,Houston,1,108,6,UPI,1
1166.51,Bill Payment,18.0,Tablet,Houston,2,48,13,Debit Card,1
462.19,Online Purchase,14.0,Tablet,Chicago,0,75,13,Net Banking,1
2637.07,POS Payment,12.0,Desktop,Chicago,4,113,9,Debit Card,1
2596.85,Online Purchase,16.0,Mobile,New York,1,10,2,Credit Card,1
1932.7,Bank Transfer,3.0,Mobile,Chicago,0,100,8,Invalid Method,1
2913.45,Bill Payment,18.0,Desktop,San Francisco,1,22,3,Invalid Method,1
2860.47,Online Purchase,14.0,Mobile,Los Angeles,0,106,12,Invalid Method,1
1160.16,Bank Transfer,23.0,Tablet,Houston,2,100,14,Credit Card,1
4839.09,Bank Transfer,8.0,Desktop,Chicago,2,63,9,UPI,1
4487.82,Bill Payment,18.0,Desktop,Chicago,1,34,7,Debit Card,1
1630.12,Bank Transfer,16.0,Desktop,New York,1,100,13,Debit Card,1
3755.72,Bank Transfer,21.0,Tablet,Boston,0,54,13,Net Banking,1
2903.94,Bank Transfer,0.0,Desktop,Houston,0,102,3,Net Banking,1
3262.69,Online Purchase,20.0,Mobile,Boston,2,92,3,UPI,1
49997.8,Bank Transfer,1.0,Desktop,Los Angeles,3,11,4,Debit Card,1
1180.45,Bill Payment,20.0,Mobile,San Francisco,2,14,3,UPI,1
471.26,ATM Withdrawal,11.0,Tablet,New York,2,73,4,Debit Card,1
2791.16,Online Purchase,8.0,Tablet,Chicago,3,69,10,Debit Card,1
54.01,POS Payment,17.0,Desktop,Boston,4,45,2,UPI,1
3405.16,ATM Withdrawal,11.0,Tablet,New York,2,92,2,UPI,1
3072.89,Online Purchase,14.0,Mobile,Chicago,0,37,3,Debit Card,1
4396.99,POS Payment,22.0,Tablet,Boston,2,115,1,Credit Card,1
2532.26,Bill Payment,5.0,Mobile,Houston,3,32,3,UPI,1
4637.51,POS Payment,15.0,Mobile,Houston,4,6,1,UPI,1
1047.04,ATM Withdrawal,6.0,Desktop,Boston,0,28,1,Debit Card,1
562.7,ATM Withdrawal,2.0,Tablet,Chicago,4,22,4,Debit Card,1
2323.13,ATM Withdrawal,21.0,Tablet,Chicago,0,38,1,Debit Card,1
2217.74,Online Purchase,17.0,Mobile,Chicago,4,26,9,Credit Card,1
896.18,Bank Transfer,17.0,Desktop,Boston,2,8,2,Debit Card,1
2775.07,ATM Withdrawal,15.0,Mobile,Houston,2,59,12,UPI,1
1832.14,Bank Transfer,6.0,Desktop,Chicago,2,52,9,Debit Card,1
4630.28,POS Payment,13.0,Unknown Device,Boston,1,20,13,UPI,1
1437.68,Bill Payment,16.0,Mobile,Boston,3,96,13,Credit Card,1
1344.47,Online Purchase,14.0,Desktop,Boston,1,52,1,UPI,1
699.68,ATM Withdrawal,0.0,Tablet,Houston,0,75,2,Invalid Method,1
4796.42,Bill Payment,10.0,Tablet,Chicago,2,74,13,Credit Card,1
1215.48,Online Purchase,22.0,Mobile,Seattle,1,98,8,UPI,1
1944.29,Online Purchase,1.0,Tablet,Los Angeles,2,100,3,Debit Card,1
851.68,Online Purchase,12.0,Tablet,Houston,2,41,12,Credit Card,1
3965.09,POS Payment,9.0,Mobile,Houston,2,105,8,Debit Card,1
1884.61,POS Payment,3.0,Tablet,Boston,3,64,7,UPI,1
4982.76,ATM Withdrawal,8.0,Mobile,Chicago,3,26,13,Credit Card,1
440.92,Bill Payment,16.0,Mobile,Los Angeles,0,88,5,Net Banking,1
2740.63,ATM Withdrawal,3.0,Desktop,Chicago,4,84,3,Net Banking,1
4668.77,Bill Payment,18.0,Desktop,Boston,2,60,8,Net Banking,1
3639.21,Bill Payment,16.0,Desktop,Boston,4,87,1,UPI,1
2939.23,Bank Transfer,19.0,Desktop,Chicago,3,53,2,Credit Card,1
3679.36,ATM Withdrawal,22.0,Desktop,San Francisco,2,113,2,Credit Card,1
4887.54,POS Payment,22.0,Desktop,San Francisco,2,22,1,Net Banking,1
4078.91,ATM Withdrawal,9.0,Desktop,New York,0,43,3,UPI,1
617.26,Bill Payment,6.0,Mobile,Houston,0,89,8,Credit Card,1
3162.49,ATM Withdrawal,14.0,Mobile,Miami,2,91,4,Credit Card,1
3787.91,ATM Withdrawal,10.0,Mobile,Boston,0,12,6,Debit Card,1
3012.5,POS Payment,7.0,Desktop,Chicago,0,24,4,Net Banking,1
3224.14,ATM Withdrawal,23.0,Desktop,New York,3,108,13,UPI,1
2507.04,POS Payment,18.0,Tablet,San Francisco,4,103,8,Invalid Method,1
1928.36,Bill Payment,10.0,Mobile,Chicago,3,57,10,Debit Card,1
1719.53,Online Purchase,1.0,Tablet,Chicago,1,102,14,Debit Card,1
4735.1,Bill Payment,3.0,Mobile,Boston,1,111,8,UPI,1
112.97,Bank Transfer,12.0,Desktop,Chicago,0,88,9,Credit Card,1
4821.3,Bank Transfer,8.0,Mobile,Chicago,1,89,4,UPI,1
796.19,Online Purchase,23.0,Mobile,Houston,2,87,5,Credit Card,1
4096.76,Bill Payment,4.0,Tablet,Houston,2,61,5,Debit Card,1
3243.71,Online Purchase,18.0,Mobile,San Francisco,1,98,4,Debit Card,1
36.21,POS Payment,10.0,Tablet,Boston,0,23,7,UPI,1
4557.23,Bill Payment,11.0,Tablet,San Francisco,3,102,5,Credit Card,1
520.95,Bank Transfer,17.0,Mobile,Seattle,1,76,2,Debit Card,1
1762.28,ATM Withdrawal,11.0,Tablet,Chicago,0,1,6,Debit Card,1
3049.19,Online Purchase,23.0,Tablet,Chicago,2,10,9,Net Banking,1
159.34,ATM Withdrawal,6.0,Mobile,Chicago,0,91,5,Credit Card,1
1410.2,Bill Payment,6.0,Tablet,Boston,0,11,12,Credit Card,1
2076.66,POS Payment,14.0,Unknown Device,New York,0,116,3,Net Banking,1
4236.21,ATM Withdrawal,20.0,Mobile,Miami,0,99,8,Credit Card,1
4196.75,Online Purchase,11.0,Mobile,Boston,3,70,12,UPI,1
4239.21,Bill Payment,19.0,Tablet,Miami,2,115,2,Credit Card,1
49997.8,ATM Withdrawal,2.0,Desktop,Los Angeles,1,53,9,UPI,1
2196.42,Online Purchase,6.0,Desktop,Boston,2,84,1,Debit Card,1
3806.24,ATM Withdrawal,3.0,Desktop,New York,3,114,4,Net Banking,1
4921.49,ATM Withdrawal,20.0,Unknown Device,Seattle,1,106,4,Invalid Method,1
4336.37,Bank Transfer,23.0,Tablet,New York,1,50,1,Net Banking,1
3383.93,ATM Withdrawal,8.0,Mobile,Chicago,0,6,4,Credit Card,1
2359.92,POS Payment,10.0,Mobile,Boston,2,108,4,Credit Card,1
346.32,POS Payment,19.0,Tablet,Chicago,2,77,3,Debit Card,1
1944.05,POS Payment,5.0,Desktop,Houston,3,100,4,Credit Card,1
1780.26,Bill Payment,9.0,Tablet,Chicago,0,35,13,Invalid Method,1
4760.34,Online Purchase,16.0,Tablet,Houston,1,15,12,Debit Card,1
2666.0,Bill Payment,15.0,Tablet,New York,4,81,7,Debit Card,1
4582.18,POS Payment,21.0,Desktop,Seattle,1,51,8,Debit Card,1
3627.17,Online Purchase,8.0,Desktop,Chicago,2,97,12,UPI,1
2940.81,POS Payment,11.0,Desktop,Houston,1,57,4,Debit Card,1
1755.5,POS Payment,20.0,Mobile,Miami,0,7,3,UPI,1
1202.06,Bank Transfer,11.0,Tablet,Chicago,3,85,2,Credit Card,1
1352.27,POS Payment,23.0,Mobile,Miami,4,87,1,UPI,1
2304.23,Bill Payment,14.0,Mobile,Miami,2,95,3,Credit Card,1
1895.36,Online Purchase,9.0,Tablet,Houston,1,56,9,UPI,1
4197.16,Bank Transfer,19.0,Tablet,Chicago,2,59,11,Invalid Method,1
3264.1,Online Purchase,10.0,Tablet,Miami,4,97,5,Credit Card,1
3037.91,POS Payment,21.0,Unknown Device,Boston,2,18,5,Credit Card,1
2747.3,ATM Withdrawal,4.0,Tablet,New York,2,100,1,Net Banking,1
3236.42,POS Payment,11.0,Tablet,Miami,4,31,3,Debit Card,1
475.31,POS Payment,12.0,Desktop,Houston,1,40,13,Debit Card,1
474.12,Bill Payment,21.0,Mobile,Miami,1,62,4,Credit Card,1
49997.8,ATM Withdrawal,21.0,Tablet,Seattle,4,105,7,Net Banking,1
1477.88,Bank Transfer,22.0,Tablet,San Francisco,4,86,8,Net Banking,1
3095.55,Online Purchase,23.0,Desktop,Los Angeles,4,58,5,Credit Card,1
4055.0,POS Payment,1.0,Desktop,Los Angeles,3,119,2,Net Banking,1
3942.74,Bill Payment,22.0,Mobile,San Francisco,0,44,7,Credit Card,1
2500.68,POS Payment,12.0,Tablet,Chicago,4,110,4,Credit Card,1
1488.58,ATM Withdrawal,0.0,Desktop,Boston,1,96,13,Net Banking,1
288.24,POS Payment,20.0,Tablet,San Francisco,3,112,14,UPI,1
1857.89,Online Purchase,21.0,Desktop,Houston,3,39,11,Net Banking,1
1995.41,ATM Withdrawal,10.0,Mobile,New York,1,93,1,Credit Card,1
6.94,Bank Transfer,14.0,Tablet,San Francisco,3,114,7,UPI,1
589.07,POS Payment,11.0,Tablet,Los Angeles,2,101,10,Net Banking,1
4786.79,ATM Withdrawal,12.0,Mobile,Houston,3,22,7,Debit Card,1
233.5,ATM Withdrawal,17.0,Desktop,Houston,2,115,2,Net Banking,1
1166.37,ATM Withdrawal,12.0,Desktop,Los Angeles,4,78,13,Credit Card,1
2529.31,Online Purchase,19.0,Desktop,New York,1,76,6,Net Banking,1
347.34,ATM Withdrawal,7.0,Tablet,Boston,0,43,10,Debit Card,1
170.01,Online Purchase,20.0,Mobile,San Francisco,2,95,2,Net Banking,1
1576.7,Bill Payment,3.0,Tablet,Houston,2,15,1,UPI,1
2764.91,Online Purchase,12.0,Tablet,Boston,3,39,4,UPI,1
2408.4,Bill Payment,22.0,Desktop,Chicago,2,81,1,Credit Card,1
3514.96,Bank Transfer,2.0,Mobile,Los Angeles,3,118,8,Credit Card,1
3983.42,ATM Withdrawal,17.0,Tablet,Chicago,1,72,2,Credit Card,1
25.11,Bank Transfer,19.0,Tablet,Los Angeles,2,17,5,Invalid Method,1
299.54,ATM Withdrawal,20.0,Desktop,Houston,2,81,4,Credit Card,1
2930.23,Bill Payment,22.0,Tablet,San Francisco,3,63,2,Debit Card,1
2647.01,POS Payment,10.0,Desktop,Chicago,0,73,13,Debit Card,1
2659.04,ATM Withdrawal,16.0,Mobile,Houston,2,65,14,Debit Card,1
2849.52,POS Payment,20.0,Mobile,Miami,3,113,5,Credit Card,1
1781.73,Online Purchase,19.0,Desktop,Houston,4,44,7,Credit Card,1
1657.96,Bank Transfer,17.0,Desktop,Chicago,0,30,1,Debit Card,1
3508.11,Bill Payment,10.0,Mobile,Houston,4,96,6,Debit Card,1
797.92,Bank Transfer,20.0,Mobile,Houston,4,81,5,UPI,1
1326.97,Online Purchase,20.0,Desktop,Los Angeles,3,80,9,Credit Card,1
2580.13,Online Purchase,16.0,Desktop,New York,0,25,1,Net Banking,1
1936.21,Online Purchase,20.0,Mobile,Los Angeles,3,85,2,Debit Card,1
806.35,Bill Payment,21.0,Desktop,Miami,3,28,11,Invalid Method,1
3164.66,Online Purchase,22.0,Tablet,Seattle,1,75,7,Debit Card,1
2863.0,ATM Withdrawal,19.0,Tablet,Chicago,2,84,2,Invalid Method,1
4105.55,Bill Payment,12.0,Mobile,Chicago,1,32,5,UPI,1
2259.79,ATM Withdrawal,21.0,Desktop,New York,3,33,2,Debit Card,1
2381.46,POS Payment,7.0,Tablet,Houston,3,39,2,Net Banking,1
1541.83,Online Purchase,19.0,Desktop,Houston,4,111,1,UPI,1
4095.12,POS Payment,7.0,Mobile,Houston,3,89,1,Debit Card,1
3356.62,ATM Withdrawal,10.0,Desktop,Miami,1,106,13,Net Banking,1
394.76,Online Purchase,4.0,Mobile,Boston,4,105,6,UPI,1
4507.29,Online Purchase,14.0,Desktop,Boston,0,79,10,Credit Card,1
1430.46,ATM Withdrawal,21.0,Mobile,Boston,2,100,11,UPI,1
4452.34,Bill Payment,9.0,Mobile,Houston,4,40,2,Net Banking,1
3047.69,POS Payment,19.0,Desktop,San Francisco,1,101,3,Debit Card,1
1634.67,Online Purchase,23.0,Mobile,Los Angeles,0,77,11,Invalid Method,1
352.62,Online Purchase,8.0,Tablet,Houston,4,66,5,Net Banking,1
4443.43,Bank Transfer,7.0,Mobile,Houston,4,27,1,UPI,1
3491.91,Online Purchase,5.0,Tablet,Boston,1,94,2,Net Banking,1
750.13,Bank Transfer,19.0,Tablet,Chicago,3,65,2,UPI,1
3810.62,Bill Payment,11.0,Tablet,Chicago,4,106,4,Debit Card,1
2740.87,ATM Withdrawal,3.0,Mobile,Houston,1,110,14,UPI,1
2764.91,Bank Transfer,7.0,Tablet,Miami,2,85,8,Debit Card,1
3229.69,Bill Payment,12.0,Desktop,Seattle,2,68,1,Debit Card,1
1657.78,Bill Payment,15.0,Mobile,Chicago,3,38,13,UPI,1
1691.0,Bank Transfer,13.0,Tablet,Los Angeles,3,62,2,Debit Card,1
2509.05,Bank Transfer,4.0,Tablet,Boston,0,16,8,Invalid Method,1
1939.77,Online Purchase,11.0,Desktop,Los Angeles,2,35,6,Credit Card,1
4991.55,Bill Payment,8.0,Mobile,Chicago,0,98,12,UPI,1
968.08,ATM Withdrawal,20.0,Tablet,Boston,0,55,9,UPI,1
4391.45,Online Purchase,14.0,Desktop,Seattle,0,108,10,Credit Card,1
4352.62,Bank Transfer,21.0,Tablet,San Francisco,4,54,8,UPI,1
1745.94,Bill Payment,17.0,Tablet,Chicago,4,66,12,UPI,1
4927.66,Bank Transfer,21.0,Desktop,San Francisco,0,58,6,UPI,1
49997.8,ATM Withdrawal,1.0,Desktop,Boston,2,118,14,Credit Card,1
2702.86,Bank Transfer,7.0,Desktop,Boston,0,77,14,Credit Card,1
4432.34,POS Payment,20.0,Mobile,Los Angeles,1,1,8,UPI,1
658.56,Bill Payment,5.0,Tablet,Los Angeles,2,103,4,Debit Card,1
1834.15,ATM Withdrawal,16.0,Mobile,Miami,4,113,11,Debit Card,1
145.72,Bill Payment,11.0,Desktop,Houston,1,117,11,Net Banking,1
717.96,Online Purchase,11.0,Tablet,Miami,2,108,10,UPI,1
215.51,Bill Payment,15.0,Tablet,Miami,4,105,14,Net Banking,1
4498.89,ATM Withdrawal,2.0,Tablet,Chicago,4,97,12,Debit Card,1
49997.8,POS Payment,11.0,Mobile,Miami,2,31,12,Net Banking,1
2267.6,Bill Payment,22.0,Desktop,Boston,4,76,3,Credit Card,1
2801.68,ATM Withdrawal,6.0,Desktop,Chicago,1,102,1,Debit Card,1
3244.98,Bank Transfer,1.0,Desktop,Chicago,4,101,9,Net Banking,1
2885.68,Online Purchase,21.0,Desktop,Boston,1,37,1,UPI,1
2440.6,Bill Payment,14.0,Unknown Device,Chicago,0,27,4,Credit Card,1
2199.16,Online Purchase,9.0,Mobile,Miami,2,102,4,UPI,1
3093.95,Online Purchase,0.0,Tablet,Boston,0,62,14,Debit Card,1
1261.84,Bank Transfer,18.0,Tablet,Chicago,1,11,11,Net Banking,1
2582.81,POS Payment,21.0,Desktop,Seattle,2,83,1,UPI,1
4156.31,Online Purchase,18.0,Desktop,Miami,4,70,4,UPI,1
12.32,ATM Withdrawal,13.0,Tablet,Chicago,3,113,10,UPI,1
1379.4,Bank Transfer,8.0,Tablet,Miami,0,85,3,Net Banking,1
1073.86,Bank Transfer,3.0,Mobile,Chicago,2,119,11,Net Banking,1
1198.12,Bill Payment,19.0,Tablet,Miami,3,106,1,Net Banking,1
3953.63,Online Purchase,16.0,Desktop,San Francisco,2,57,3,Net Banking,1
2246.7,Bill Payment,9.0,Desktop,Miami,0,74,6,UPI,1
1958.83,POS Payment,20.0,Mobile,Houston,3,59,3,Debit Card,1
2859.56,ATM Withdrawal,7.0,Tablet,New York,2,89,5,UPI,1
2859.25,Online Purchase,19.0,Desktop,Houston,0,114,13,Net Banking,1
4417.91,Bank Transfer,14.0,Desktop,Chicago,1,75,10,Invalid Method,1
1040.2,ATM Withdrawal,20.0,Mobile,Houston,0,73,13,Net Banking,1
2011.68,ATM Withdrawal,7.0,Desktop,Los Angeles,0,16,1,Net Banking,1
3579.97,POS Payment,21.0,Tablet,Boston,0,98,2,Net Banking,1
4417.1,ATM Withdrawal,21.0,Mobile,Chicago,4,42,8,Credit Card,1
4006.47,Bank Transfer,23.0,Desktop,Houston,1,83,13,UPI,1
3423.87,Online Purchase,15.0,Tablet,Miami,0,60,7,UPI,1
1872.25,Online Purchase,20.0,Tablet,Houston,4,21,7,Net Banking,1
4906.93,POS Payment,15.0,Desktop,Miami,0,38,8,Invalid Method,1
3302.6,ATM Withdrawal,23.0,Tablet,San Francisco,4,64,5,UPI,1
2958.3,Online Purchase,10.0,Desktop,Los Angeles,3,18,6,Credit Card,1
2997.74,POS Payment,22.0,Tablet,Seattle,3,77,9,Invalid Method,1
1853.34,ATM Withdrawal,16.0,Tablet,Miami,1,110,11,Net Banking,1
2842.37,Bank Transfer,10.0,Mobile,Seattle,4,98,1,Credit Card,1
4626.88,ATM Withdrawal,4.0,Tablet,New York,0,90,2,Net Banking,1
1102.67,POS Payment,11.0,Mobile,Los Angeles,3,8,1,Debit Card,1
4654.85,Bill Payment,8.0,Desktop,Boston,1,28,5,UPI,1
3471.59,POS Payment,7.0,Tablet,Los Angeles,4,118,6,UPI,1
1186.63,Online Purchase,12.0,Desktop,Houston,2,113,2,UPI,1
1024.96,Online Purchase,16.0,Tablet,Los Angeles,4,100,13,Net Banking,1
3876.07,POS Payment,21.0,Tablet,Boston,3,107,13,UPI,1
1388.1,ATM Withdrawal,21.0,Desktop,Miami,3,100,12,Credit Card,1
2738.39,ATM Withdrawal,16.0,Mobile,Los Angeles,3,32,9,Net Banking,1
1592.77,Online Purchase,14.0,Desktop,Chicago,1,56,9,Debit Card,1
2665.88,Bank Transfer,7.0,Tablet,Miami,4,101,7,Debit Card,1
3131.15,Online Purchase,9.0,Desktop,Houston,3,33,3,Debit Card,1
4368.59,POS Payment,23.0,Desktop,Houston,4,63,12,Net Banking,1
1885.92,Bill Payment,6.0,Mobile,Boston,2,30,6,UPI,1
3792.14,POS Payment,14.0,Desktop,Boston,4,38,14,UPI,1
2756.68,Bill Payment,15.0,Unknown Device,Houston,0,103,6,Net Banking,1
1216.69,Bill Payment,11.0,Unknown Device,Boston,3,89,12,Debit Card,1
2734.36,ATM Withdrawal,16.0,Mobile,Chicago,3,95,5,Net Banking,1
248.39,Bank Transfer,7.0,Mobile,Chicago,4,104,14,UPI,1
4164.46,Bill Payment,3.0,Tablet,Los Angeles,1,119,10,UPI,1
1995.64,ATM Withdrawal,5.0,Desktop,Boston,0,68,9,Net Banking,1
3173.5,Bill Payment,19.0,Tablet,Chicago,0,52,10,UPI,1
1496.93,Online Purchase,15.0,Desktop,Boston,2,115,4,Net Banking,1
4066.63,ATM Withdrawal,20.0,Mobile,Chicago,3,73,2,UPI,1
4684.54,POS Payment,22.0,Mobile,New York,0,112,10,Debit Card,1
829.86,Bank Transfer,23.0,Tablet,San Francisco,1,117,9,Net Banking,1
1809.51,Bill Payment,23.0,Desktop,San Francisco,1,78,9,Credit Card,1
3098.99,Online Purchase,14.0,Desktop,Chicago,1,58,2,Debit Card,1
2273.7,ATM Withdrawal,17.0,Tablet,Boston,3,104,8,Credit Card,1
2586.05,POS Payment,15.0,Mobile,Seattle,0,109,2,Net Banking,1
2809.76,Bill Payment,18.0,Tablet,Los Angeles,1,47,8,Net Banking,1
3152.34,Online Purchase,3.0,Tablet,Boston,2,45,12,UPI,1
484.9,ATM Withdrawal,14.0,Mobile,Chicago,2,40,4,Invalid Method,1
649.46,Bill Payment,6.0,Mobile,Houston,3,106,9,Debit Card,1
4083.96,Bill Payment,17.0,Tablet,Boston,0,5,6,Debit Card,1
244.56,Online Purchase,19.0,Tablet,New York,2,53,3,UPI,1
1044.45,Bank Transfer,11.0,Desktop,Boston,2,3,14,Credit Card,1
1985.56,POS Payment,15.0,Mobile,Miami,4,114,10,Credit Card,1
1970.01,ATM Withdrawal,23.0,Mobile,Boston,1,66,10,Credit Card,1
2459.37,ATM Withdrawal,22.0,Desktop,Miami,1,17,8,Credit Card,1
2964.47,Bank Transfer,22.0,Tablet,Chicago,0,106,7,Credit Card,1
4589.81,Bank Transfer,20.0,Desktop,San Francisco,0,67,13,Credit Card,1
925.74,POS Payment,14.0,Mobile,Houston,3,23,11,UPI,1
3951.23,Online Purchase,13.0,Mobile,Chicago,2,45,11,Net Banking,1
3548.94,ATM Withdrawal,16.0,Mobile,Houston,0,20,14,Net Banking,1
4733.98,ATM Withdrawal,21.0,Desktop,Miami,0,109,14,Net Banking,1
1079.41,Online Purchase,17.0,Desktop,Houston,0,82,8,Net Banking,1
3639.14,Bank Transfer,18.0,Tablet,Miami,1,93,9,Credit Card,1
3340.44,Bill Payment,8.0,Tablet,Chicago,0,93,10,Credit Card,1
264.09,POS Payment,19.0,Desktop,Seattle,0,68,6,Net Banking,1
3799.56,POS Payment,22.0,Desktop,Chicago,3,29,8,Debit Card,1
840.16,Bank Transfer,10.0,Mobile,Houston,3,47,11,UPI,1
2902.07,ATM Withdrawal,3.0,Mobile,Boston,3,119,4,Net Banking,1
4285.62,Bank Transfer,7.0,Mobile,Houston,1,26,1,Credit Card,1
1959.93,Bank Transfer,21.0,Tablet,Chicago,3,85,14,Credit Card,1
3781.57,POS Payment,23.0,Tablet,Seattle,1,81,12,Credit Card,1
1973.37,POS Payment,19.0,Tablet,Houston,4,86,9,Credit Card,1
3700.61,ATM Withdrawal,23.0,Tablet,Seattle,3,23,2,Credit Card,1
1814.56,Bill Payment,23.0,Desktop,Houston,1,10,5,Debit Card,1
3568.76,Bank Transfer,16.0,Desktop,Houston,1,80,4,Net Banking,1
2136.04,Online Purchase,5.0,Desktop,Boston,0,8,11,UPI,1
4491.96,Bank Transfer,21.0,Mobile,Houston,2,20,13,Net Banking,1
4256.94,Bank Transfer,4.0,Unknown Device,Miami,2,115,7,Credit Card,1
1227.94,Bill Payment,22.0,Tablet,Los Angeles,3,9,3,Debit Card,1
2466.06,POS Payment,1.0,Desktop,Los Angeles,0,57,3,Debit Card,1
3007.79,Bank Transfer,16.0,Tablet,Boston,4,64,7,Debit Card,1
2379.9,POS Payment,20.0,Mobile,Los Angeles,0,44,4,Net Banking,1
1958.12,Bill Payment,3.0,Desktop,Boston,1,37,13,Credit Card,1
1200.63,ATM Withdrawal,16.0,Mobile,Houston,1,106,5,Debit Card,1
4720.06,ATM Withdrawal,21.0,Desktop,Chicago,3,37,4,Net Banking,1
293.35,Bank Transfer,7.0,Tablet,Houston,2,18,4,Net Banking,1
1843.07,POS Payment,6.0,Mobile,Boston,1,39,11,UPI,1
1422.02,Online Purchase,7.0,Tablet,Boston,4,61,10,Debit Card,1
1394.06,ATM Withdrawal,19.0,Unknown Device,Seattle,1,55,3,Debit Card,1
2688.07,Bank Transfer,19.0,Mobile,San Francisco,2,20,5,UPI,1
3669.24,ATM Withdrawal,9.0,Tablet,Seattle,0,113,2,UPI,1
1947.49,Bank Transfer,16.0,Mobile,Boston,2,84,4,UPI,1
2653.12,Bank Transfer,17.0,Tablet,Los Angeles,0,85,4,UPI,1
1772.22,Bank Transfer,8.0,Mobile,Chicago,3,106,5,UPI,1
1730.0,Bank Transfer,20.0,Tablet,Boston,3,78,11,Debit Card,1
3737.98,Online Purchase,20.0,Mobile,Los Angeles,4,15,6,Credit Card,1
49997.8,ATM Withdrawal,13.0,Mobile,Miami,0,35,9,UPI,1
1961.15,Bank Transfer,13.0,Mobile,Miami,0,73,12,UPI,1
1432.12,Bill Payment,22.0,Tablet,Houston,0,75,7,Debit Card,1
1318.66,ATM Withdrawal,2.0,Mobile,New York,4,106,1,Debit Card,1
1477.48,POS Payment,16.0,Mobile,Chicago,0,100,11,UPI,1
2586.85,Online Purchase,22.0,Desktop,San Francisco,1,118,10,UPI,1
3742.96,ATM Withdrawal,18.0,Mobile,Seattle,0,31,4,Credit Card,1
49997.8,Online Purchase,22.0,Desktop,Chicago,1,65,13,Debit Card,1
1650.04,Bank Transfer,15.0,Mobile,San Francisco,1,99,1,Credit Card,1
1946.12,Bank Transfer,15.0,Tablet,Los Angeles,2,27,6,Debit Card,1
3449.0,ATM Withdrawal,14.0,Mobile,Los Angeles,1,37,10,Debit Card,1
4628.41,Online Purchase,11.0,Desktop,Los Angeles,2,115,3,Invalid Method,1
3633.08,Bank Transfer,3.0,Tablet,Houston,4,30,1,Debit Card,1
98.46,POS Payment,6.0,Mobile,Boston,0,17,3,Credit Card,1
1075.37,ATM Withdrawal,18.0,Desktop,Houston,0,66,13,UPI,1
4275.58,Bill Payment,21.0,Mobile,San Francisco,0,99,4,Net Banking,1
2114.15,Bill Payment,20.0,Tablet,Houston,1,55,9,Credit Card,1
4589.0,ATM Withdrawal,8.0,Mobile,Boston,2,29,1,Debit Card,1
3884.85,Bank Transfer,15.0,Tablet,Boston,1,118,14,Net Banking,1
2966.24,POS Payment,7.0,Mobile,Chicago,3,14,5,Net Banking,1
4870.89,Online Purchase,1.0,Tablet,Boston,3,98,2,Net Banking,1
3719.23,Bill Payment,15.0,Desktop,Houston,3,48,1,Net Banking,1
2042.54,Online Purchase,15.0,Desktop,Houston,4,37,2,Credit Card,1
3629.32,Bank Transfer,20.0,Tablet,Miami,0,116,11,Debit Card,1
3905.21,Bank Transfer,13.0,Mobile,Houston,0,100,4,Credit Card,1
1441.79,POS Payment,12.0,Mobile,Chicago,2,16,13,UPI,1
4188.58,Bill Payment,4.0,Tablet,Boston,3,76,6,Invalid Method,1
2669.03,Bank Transfer,21.0,Desktop,New York,3,101,11,Credit Card,1
1699.16,POS Payment,17.0,Mobile,San Francisco,1,119,4,Invalid Method,1
4789.95,Bank Transfer,6.0,Desktop,Boston,2,20,8,Debit Card,1
1517.06,ATM Withdrawal,11.0,Desktop,Houston,1,30,1,Credit Card,1
4539.48,Bank Transfer,8.0,Mobile,Chicago,3,101,14,Net Banking,1
3476.35,Bill Payment,15.0,Mobile,Chicago,1,30,6,Credit Card,1
44.42,Bill Payment,16.0,Desktop,Chicago,0,116,9,Net Banking,1
3848.2,ATM Withdrawal,14.0,Tablet,Los Angeles,1,73,12,Credit Card,1
4774.53,Online Purchase,13.0,Desktop,Chicago,4,7,2,Credit Card,1
4240.53,POS Payment,19.0,Desktop,Houston,4,24,4,Invalid Method,1
2335.44,POS Payment,4.0,Tablet,Los Angeles,1,110,3,Net Banking,1
461.05,Bank Transfer,7.0,Desktop,Los Angeles,1,88,10,Net Banking,1
2865.91,ATM Withdrawal,22.0,Mobile,Miami,0,101,13,UPI,1
3568.06,Bill Payment,17.0,Mobile,Chicago,3,7,10,Credit Card,1
1217.52,Bill Payment,9.0,Desktop,Miami,4,95,10,UPI,1
2125.02,Online Purchase,18.0,Desktop,San Francisco,4,116,5,Net Banking,1
2438.52,POS Payment,23.0,Mobile,Chicago,3,67,11,Credit Card,1
3494.63,ATM Withdrawal,16.0,Desktop,New York,3,84,6,Net Banking,1
3046.85,ATM Withdrawal,14.0,Mobile,Houston,1,82,13,Debit Card,1
1131.86,POS Payment,2.0,Desktop,Los Angeles,0,94,2,Invalid Method,1
3950.81,ATM Withdrawal,13.0,Desktop,Miami,2,119,4,Debit Card,1
2626.62,ATM Withdrawal,16.0,Tablet,Los Angeles,2,22,2,Credit Card,1
4308.57,ATM Withdrawal,14.0,Tablet,Chicago,3,103,13,Net Banking,1
3068.07,POS Payment,17.0,Tablet,Chicago,0,113,14,Net Banking,1
4496.32,POS Payment,14.0,Tablet,Chicago,1,74,2,Net Banking,1
65.88,POS Payment,18.0,Tablet,Miami,4,83,4,Debit Card,1
2461.7,Online Purchase,11.0,Mobile,Chicago,2,85,2,Net Banking,1
2975.12,Online Purchase,9.0,Desktop,Boston,3,81,4,Credit Card,1
4718.06,Bill Payment,12.0,Desktop,Los Angeles,3,95,3,Credit Card,1
3311.67,ATM Withdrawal,15.0,Mobile,Chicago,4,33,14,Debit Card,1
679.59,Bill Payment,7.0,Mobile,Boston,4,10,6,Net Banking,1
2075.39,POS Payment,15.0,Desktop,Los Angeles,4,82,4,Debit Card,1
1722.93,Bill Payment,8.0,Tablet,Chicago,0,39,13,Credit Card,1
3376.97,ATM Withdrawal,13.0,Desktop,Boston,0,92,6,Debit Card,1
3410.84,POS Payment,8.0,Mobile,Houston,2,26,4,UPI,1
3463.16,Bank Transfer,12.0,Desktop,New York,2,40,5,UPI,1
785.64,Bill Payment,5.0,Desktop,Houston,3,117,14,UPI,1
996.55,Bill Payment,20.0,Mobile,Houston,4,93,9,Debit Card,1
3403.72,ATM Withdrawal,14.0,Mobile,New York,2,41,1,Debit Card,1
996.16,POS Payment,4.0,Desktop,Chicago,3,26,5,Credit Card,1
4463.38,ATM Withdrawal,11.0,Mobile,Los Angeles,0,93,7,Net Banking,1
2625.16,Bill Payment,6.0,Desktop,Boston,4,112,9,UPI,1
1142.66,Bill Payment,9.0,Desktop,Chicago,1,69,8,UPI,1
4004.25,Online Purchase,17.0,Desktop,Houston,0,43,2,Debit Card,1
3114.11,Bill Payment,12.0,Desktop,Boston,2,60,14,Debit Card,1
3500.96,Online Purchase,14.0,Tablet,Miami,2,101,8,UPI,1
2859.42,Bank Transfer,14.0,Mobile,Seattle,3,79,4,UPI,1
2195.74,Online Purchase,19.0,Desktop,Houston,0,105,4,UPI,1
1781.05,POS Payment,20.0,Desktop,San Francisco,4,116,2,Debit Card,1
1294.83,ATM Withdrawal,22.0,Mobile,Houston,2,13,11,Debit Card,1
1553.32,Online Purchase,11.0,Tablet,Houston,4,101,9,Credit Card,1
1403.51,POS Payment,23.0,Tablet,Houston,2,98,4,Credit Card,1
3030.26,Bill Payment,13.0,Mobile,Chicago,4,68,5,UPI,1
704.68,POS Payment,15.0,Mobile,Houston,4,33,1,Net Banking,1
4476.66,Bank Transfer,18.0,Mobile,Chicago,0,37,7,Debit Card,1
4472.72,Bank Transfer,10.0,Tablet,Houston,1,49,6,Net Banking,1
3886.3,ATM Withdrawal,14.0,Mobile,Boston,1,44,6,Invalid Method,1
4988.57,POS Payment,2.0,Desktop,Boston,3,96,4,Credit Card,1
4457.37,Online Purchase,22.0,Tablet,Houston,0,22,2,Net Banking,1
794.24,ATM Withdrawal,10.0,Tablet,Chicago,1,114,10,Debit Card,1
4648.04,Online Purchase,0.0,Mobile,Los Angeles,1,94,4,UPI,1
3423.42,ATM Withdrawal,21.0,Tablet,Los Angeles,0,68,6,Debit Card,1
2790.67,Bill Payment,4.0,Tablet,Los Angeles,2,52,5,Credit Card,1
2251.2,POS Payment,8.0,Desktop,Chicago,0,94,6,UPI,1
303.07,POS Payment,18.0,Tablet,Chicago,1,117,2,Debit Card,1
4227.2,Online Purchase,21.0,Tablet,San Francisco,0,56,6,Credit Card,1
3844.49,ATM Withdrawal,13.0,Unknown Device,Seattle,0,86,1,Debit Card,1
27.03,Online Purchase,4.0,Desktop,Houston,2,109,5,Debit Card,1
2083.06,Bank Transfer,22.0,Tablet,Los Angeles,0,92,12,Invalid Method,1
3467.59,Online Purchase,9.0,Desktop,Boston,4,48,14,Credit Card,1
2475.19,POS Payment,14.0,Desktop,Chicago,3,98,2,UPI,1
3017.09,Bill Payment,12.0,Desktop,Miami,4,67,6,Net Banking,1
2574.81,Bank Transfer,11.0,Mobile,Chicago,2,45,12,Net Banking,1
1953.24,POS Payment,18.0,Mobile,Houston,4,117,4,Debit Card,1
1772.85,Bill Payment,14.0,Desktop,New York,0,112,9,Net Banking,1
371.28,Bank Transfer,15.0,Tablet,Boston,4,68,3,UPI,1
4477.28,ATM Withdrawal,17.0,Mobile,Los Angeles,4,51,11,Net Banking,1
443.46,Bank Transfer,22.0,Desktop,Chicago,3,44,10,Credit Card,1
2198.38,Bill Payment,18.0,Desktop,Los Angeles,1,54,4,Debit Card,1
49997.8,ATM Withdrawal,10.0,Desktop,Miami,1,11,4,UPI,1
1785.4,Bank Transfer,17.0,Mobile,Los Angeles,1,99,12,Invalid Method,1
49997.8,ATM Withdrawal,1.0,Tablet,Chicago,1,29,5,Net Banking,1
1859.93,Bill Payment,8.0,Tablet,Chicago,3,25,3,Net Banking,1
4449.55,Online Purchase,3.0,Tablet,Los Angeles,3,91,4,Debit Card,1
276.54,ATM Withdrawal,0.0,Desktop,Chicago,0,96,1,Net Banking,1
4243.3,POS Payment,1.0,Desktop,Los Angeles,4,99,6,Credit Card,1
4662.76,Bank Transfer,16.0,Tablet,Los Angeles,4,23,7,Debit Card,1
2402.86,POS Payment,6.0,Mobile,Boston,1,99,11,Credit Card,1
840.34,POS Payment,18.0,Tablet,New York,3,48,9,UPI,1
1281.02,Online Purchase,15.0,Tablet,Chicago,1,43,4,Credit Card,1
4426.63,Bank Transfer,19.0,Tablet,Miami,0,77,3,Net Banking,1
3755.77,ATM Withdrawal,23.0,Tablet,New York,4,94,13,Net Banking,1
1948.94,Online Purchase,16.0,Mobile,Los Angeles,2,84,9,UPI,1
3189.45,ATM Withdrawal,16.0,Mobile,Los Angeles,1,4,7,Net Banking,1
4402.89,ATM Withdrawal,9.0,Tablet,Los Angeles,0,108,2,Net Banking,1
4274.14,Online Purchase,14.0,Desktop,New York,1,74,13,Credit Card,1
4827.09,POS Payment,17.0,Mobile,New York,0,111,9,Net Banking,1
680.6,ATM Withdrawal,23.0,Desktop,Los Angeles,0,28,5,Net Banking,1
1595.21,Bill Payment,23.0,Tablet,Chicago,4,74,3,Credit Card,1
3480.75,Bank Transfer,13.0,Mobile,Chicago,2,67,7,Net Banking,1
3460.93,Online Purchase,17.0,Tablet,New York,4,90,14,Debit Card,1
4622.51,Online Purchase,18.0,Mobile,Los Angeles,4,104,9,Net Banking,1
3449.62,Bank Transfer,10.0,Tablet,Los Angeles,4,77,5,UPI,1
339.71,ATM Withdrawal,6.0,Mobile,Los Angeles,4,66,2,Net Banking,1
198.67,ATM Withdrawal,13.0,Desktop,Los Angeles,4,90,11,Credit Card,1
4486.15,POS Payment,16.0,Mobile,Houston,4,47,12,UPI,1
4030.28,Bank Transfer,15.0,Mobile,Seattle,4,74,3,UPI,1
344.01,Bank Transfer,22.0,Mobile,Los Angeles,4,111,3,Credit Card,1
1537.83,POS Payment,21.0,Desktop,Los Angeles,3,20,13,Debit Card,1
246.67,POS Payment,22.0,Tablet,San Francisco,1,95,13,Debit Card,1
1295.91,Bank Transfer,8.0,Desktop,Houston,2,73,12,Credit Card,1
3881.19,Bill Payment,13.0,Mobile,Houston,1,105,5,Debit Card,1
2976.92,Bill Payment,12.0,Mobile,Boston,0,110,3,Net Banking,1
4914.17,ATM Withdrawal,18.0,Desktop,Los Angeles,4,32,9,Invalid Method,1
2821.61,Online Purchase,19.0,Mobile,Houston,2,13,4,UPI,1
4599.52,Bill Payment,22.0,Mobile,Chicago,2,30,6,UPI,1
3832.11,Bank Transfer,13.0,Desktop,Boston,4,69,2,Credit Card,1
1955.98,Online Purchase,19.0,Desktop,Boston,3,28,14,Net Banking,1
629.69,Bank Transfer,16.0,Tablet,Boston,3,48,13,Net Banking,1
3647.45,Online Purchase,23.0,Tablet,Houston,0,51,9,Debit Card,1
4918.8,ATM Withdrawal,5.0,Mobile,Los Angeles,4,87,8,Credit Card,1
4114.55,Online Purchase,13.0,Tablet,Boston,0,38,10,Net Banking,1
1888.31,Online Purchase,14.0,Desktop,New York,1,62,2,UPI,1
3461.83,Bill Payment,20.0,Mobile,Boston,1,102,9,Net Banking,1
49997.8,Online Purchase,15.0,Desktop,Seattle,4,110,4,UPI,1
4034.96,ATM Withdrawal,15.0,Desktop,Seattle,3,101,6,UPI,1
3635.4,Bill Payment,16.0,Mobile,Chicago,2,9,12,Invalid Method,1
2466.13,Bill Payment,7.0,Desktop,Boston,4,62,8,Debit Card,1
4395.53,Online Purchase,17.0,Desktop,Boston,1,28,4,Debit Card,1
2549.66,Bank Transfer,13.0,Mobile,San Francisco,2,81,7,UPI,1
2207.17,POS Payment,12.0,Desktop,San Francisco,3,99,6,UPI,1
4029.52,Bill Payment,0.0,Desktop,Boston,1,30,10,Debit Card,1
3178.55,ATM Withdrawal,12.0,Desktop,Los Angeles,0,82,7,UPI,1
4476.43,ATM Withdrawal,22.0,Tablet,New York,2,112,7,Net Banking,1
1642.98,Bill Payment,18.0,Mobile,Chicago,1,59,10,Credit Card,1
4993.9,POS Payment,19.0,Mobile,Seattle,4,112,7,Credit Card,1
2698.05,Bill Payment,12.0,Tablet,Boston,3,61,12,Invalid Method,1
4503.44,Bill Payment,16.0,Mobile,Boston,1,38,5,Net Banking,1
513.43,ATM Withdrawal,10.0,Desktop,Chicago,4,109,4,Debit Card,1
2122.86,Bank Transfer,15.0,Mobile,Boston,3,13,12,UPI,1
1851.42,POS Payment,2.0,Tablet,Chicago,3,105,12,Net Banking,1
2033.74,Online Purchase,17.0,Mobile,Chicago,0,13,8,Net Banking,1
3983.42,Online Purchase,12.0,Tablet,San Francisco,2,81,4,Debit Card,1
625.36,Bill Payment,19.0,Mobile,Houston,2,106,7,UPI,1
1256.44,POS Payment,16.0,Desktop,Los Angeles,3,88,12,UPI,1
2270.94,Bank Transfer,14.0,Desktop,Los Angeles,1,96,12,Credit Card,1
715.58,POS Payment,8.0,Tablet,Boston,1,43,8,Debit Card,1
1703.21,POS Payment,11.0,Desktop,Houston,2,1,2,UPI,1
2391.56,Bank Transfer,21.0,Tablet,Houston,4,10,3,Debit Card,1
2483.29,Bill Payment,21.0,Tablet,Boston,1,5,10,Credit Card,1
2169.72,POS Payment,15.0,Tablet,Boston,4,38,1,Debit Card,1
2065.76,Bank Transfer,9.0,Desktop,Miami,2,55,4,Net Banking,1
3778.89,Bank Transfer,17.0,Tablet,Miami,0,76,5,UPI,1
200.37,Online Purchase,2.0,Tablet,Los Angeles,4,116,4,Net Banking,1
3194.58,Online Purchase,20.0,Tablet,New York,4,52,8,Debit Card,1
3238.88,ATM Withdrawal,9.0,Tablet,Houston,3,98,13,Credit Card,1
3185.89,ATM Withdrawal,16.0,Tablet,Miami,0,51,8,Credit Card,1
3321.79,Bill Payment,16.0,Desktop,Los Angeles,2,58,13,Invalid Method,1
266.91,Online Purchase,19.0,Tablet,Boston,0,95,8,Debit Card,1
1995.67,Online Purchase,14.0,Desktop,Boston,0,81,2,Credit Card,1
4377.06,Bank Transfer,16.0,Desktop,Boston,4,74,9,Debit Card,1
1797.38,Online Purchase,16.0,Mobile,Houston,1,103,11,UPI,1
3129.08,Bill Payment,19.0,Desktop,Boston,4,22,1,Credit Card,1
3824.42,ATM Withdrawal,21.0,Mobile,Houston,0,50,8,UPI,1
3839.25,ATM Withdrawal,5.0,Tablet,Los Angeles,2,95,11,UPI,1
1422.48,POS Payment,14.0,Tablet,Seattle,2,77,3,UPI,1
1048.54,POS Payment,18.0,Tablet,Chicago,3,9,10,UPI,1
4436.62,Bill Payment,18.0,Desktop,Boston,4,16,12,Invalid Method,1
2860.02,Bill Payment,9.0,Tablet,Miami,0,56,6,Debit Card,1
3244.88,Bank Transfer,14.0,Tablet,Seattle,1,82,4,UPI,1
3758.91,Bank Transfer,17.0,Tablet,Boston,3,56,5,Net Banking,1
4116.02,Bill Payment,1.0,Mobile,Boston,0,109,7,Debit Card,1
1842.04,Online Purchase,21.0,Tablet,Miami,1,35,9,Debit Card,1
3540.28,Bank Transfer,11.0,Tablet,New York,2,69,6,Net Banking,1
3307.17,POS Payment,16.0,Mobile,San Francisco,3,107,1,Net Banking,1
1066.03,Online Purchase,4.0,Mobile,Los Angeles,0,107,1,Net Banking,1
4670.03,Bank Transfer,11.0,Mobile,Boston,3,79,10,Net Banking,1
2396.82,Bank Transfer,5.0,Tablet,Miami,1,92,7,Credit Card,1
2033.42,ATM Withdrawal,8.0,Mobile,Los Angeles,3,25,3,Invalid Method,1
1450.1,Bank Transfer,3.0,Mobile,Chicago,2,74,10,Debit Card,1
957.19,Online Purchase,19.0,Tablet,Chicago,2,51,1,UPI,1
4013.26,Online Purchase,9.0,Tablet,San Francisco,3,73,2,Invalid Method,1
3216.03,Bank Transfer,21.0,Mobile,San Francisco,4,31,5,Credit Card,1
2243.76,ATM Withdrawal,11.0,Mobile,Seattle,1,93,1,Debit Card,1
2547.39,ATM Withdrawal,8.0,Tablet,Boston,2,2,11,UPI,1
517.82,Bank Transfer,8.0,Desktop,Boston,3,93,1,UPI,1
3939.5,Bank Transfer,20.0,Tablet,Los Angeles,4,112,1,UPI,1
1882.46,Online Purchase,15.0,Mobile,New York,4,113,9,Credit Card,1
4350.09,Bill Payment,8.0,Tablet,New York,0,116,7,UPI,1
4425.2,ATM Withdrawal,23.0,Desktop,San Francisco,1,100,6,UPI,1
1057.66,POS Payment,20.0,Mobile,Miami,3,94,2,Net Banking,1
806.38,POS Payment,15.0,Desktop,Miami,0,57,7,Credit Card,1
3699.39,Online Purchase,16.0,Mobile,Chicago,1,38,4,Credit Card,1
2289.04,ATM Withdrawal,1.0,Tablet,Miami,0,110,7,Credit Card,1
4024.62,Bill Payment,23.0,Tablet,Los Angeles,4,27,14,Credit Card,1
4416.43,Online Purchase,13.0,Unknown Device,Boston,4,3,10,UPI,1
247.91,POS Payment,22.0,Unknown Device,Houston,0,1,13,UPI,1
3876.51,Online Purchase,17.0,Tablet,New York,4,63,8,Debit Card,1
3559.96,ATM Withdrawal,21.0,Mobile,Los Angeles,3,44,5,Debit Card,1
1385.52,Bill Payment,15.0,Desktop,Los Angeles,1,86,14,Credit Card,1
3522.01,Bank Transfer,5.0,Desktop,Chicago,3,59,2,Credit Card,1
4797.74,POS Payment,7.0,Mobile,New York,0,30,2,Debit Card,1
1209.36,POS Payment,19.0,Mobile,Houston,1,109,7,Debit Card,1
267.21,Bank Transfer,9.0,Mobile,Chicago,2,26,10,Invalid Method,1
1886.77,ATM Withdrawal,15.0,Mobile,Miami,1,98,9,Net Banking,1
694.62,ATM Withdrawal,8.0,Tablet,Los Angeles,0,51,2,Net Banking,1
1335.57,Bill Payment,16.0,Mobile,Seattle,3,79,1,Net Banking,1
4418.67,Bill Payment,21.0,Tablet,Houston,2,119,6,Net Banking,1
1429.11,Bill Payment,5.0,Desktop,Chicago,1,84,4,Net Banking,1
2843.23,Bank Transfer,21.0,Tablet,Houston,3,103,10,Debit Card,1
937.64,Online Purchase,21.0,Desktop,Seattle,0,95,5,Debit Card,1
2801.08,Bill Payment,17.0,Mobile,Los Angeles,2,29,12,Debit Card,1
4579.18,Bank Transfer,11.0,Mobile,Chicago,3,91,2,Credit Card,1
372.4,Bank Transfer,23.0,Desktop,Houston,4,26,2,Debit Card,1
3511.95,Bill Payment,21.0,Mobile,Boston,0,49,3,Invalid Method,1
590.66,Online Purchase,17.0,Mobile,Miami,0,96,9,Credit Card,1
4205.02,Online Purchase,2.0,Desktop,Boston,2,3,8,Debit Card,1
2111.0,ATM Withdrawal,6.0,Mobile,Chicago,3,39,8,Credit Card,1
2915.48,POS Payment,11.0,Desktop,Houston,1,74,11,UPI,1
181.14,Bank Transfer,21.0,Tablet,Chicago,0,77,13,Net Banking,1
259.72,Bill Payment,23.0,Desktop,Miami,3,42,4,Credit Card,1
1421.14,Bill Payment,23.0,Desktop,New York,3,57,14,Credit Card,1
3614.01,ATM Withdrawal,16.0,Mobile,San Francisco,1,72,5,Invalid Method,1
1201.95,ATM Withdrawal,21.0,Desktop,Miami,1,97,9,UPI,1
49997.8,Bill Payment,20.0,Mobile,Houston,4,24,11,Net Banking,1
2542.35,Online Purchase,20.0,Unknown Device,Seattle,0,115,4,Net Banking,1
4325.63,Bank Transfer,8.0,Mobile,Chicago,2,115,8,Net Banking,1
4641.24,Bank Transfer,14.0,Mobile,Boston,4,7,9,Debit Card,1
2383.15,ATM Withdrawal,10.0,Tablet,Boston,1,2,5,Debit Card,1
4398.3,POS Payment,16.0,Tablet,New York,0,16,1,UPI,1
2264.64,ATM Withdrawal,21.0,Tablet,Boston,2,25,6,Net Banking,1
4418.67,Online Purchase,15.0,Tablet,Los Angeles,1,8,3,UPI,1
776.06,POS Payment,19.0,Desktop,San Francisco,4,37,1,Credit Card,1
535.68,ATM Withdrawal,12.0,Mobile,Los Angeles,2,72,11,Debit Card,1
3734.16,Bank Transfer,22.0,Desktop,Houston,2,109,11,Debit Card,1
592.09,Online Purchase,23.0,Mobile,Chicago,3,82,9,UPI,1
3113.6,ATM Withdrawal,8.0,Tablet,Chicago,4,1,7,UPI,1
2757.98,Bank Transfer,6.0,Desktop,Boston,1,4,11,Credit Card,1
3527.19,Bank Transfer,20.0,Tablet,San Francisco,2,53,3,Credit Card,1
4917.61,Online Purchase,4.0,Tablet,Houston,3,76,8,UPI,1
4089.18,Bill Payment,14.0,Desktop,Los Angeles,1,52,3,Invalid Method,1
551.62,Online Purchase,17.0,Mobile,San Francisco,2,98,11,Credit Card,1
3799.4,Bill Payment,16.0,Mobile,Los Angeles,2,60,3,Credit Card,1
2713.25,Bank Transfer,5.0,Tablet,Los Angeles,1,61,3,Debit Card,1
829.06,ATM Withdrawal,19.0,Mobile,Miami,4,82,14,UPI,1
3698.57,Online Purchase,2.0,Desktop,Boston,4,40,4,Net Banking,1
2434.05,ATM Withdrawal,15.0,Tablet,Miami,0,8,3,Net Banking,1
4277.31,ATM Withdrawal,17.0,Mobile,Chicago,0,65,2,Debit Card,1
2466.89,Bill Payment,15.0,Unknown Device,Boston,1,100,8,Credit Card,1
3159.51,Bill Payment,19.0,Desktop,New York,2,108,12,UPI,1
1971.04,Bank Transfer,20.0,Mobile,Chicago,4,37,3,Credit Card,1
2420.39,POS Payment,17.0,Mobile,Boston,2,16,7,Net Banking,1
316.92,Bill Payment,18.0,Tablet,Los Angeles,2,58,10,Credit Card,1
3747.99,Bill Payment,19.0,Mobile,Los Angeles,3,67,10,Net Banking,1
945.93,POS Payment,12.0,Desktop,Seattle,0,109,3,Credit Card,1
4462.39,POS Payment,14.0,Mobile,Boston,3,27,6,Debit Card,1
936.85,Online Purchase,5.0,Desktop,Houston,4,87,1,Debit Card,1
2947.19,Bank Transfer,21.0,Mobile,Seattle,3,69,1,UPI,1
164.23,Online Purchase,12.0,Desktop,Boston,1,4,5,Net Banking,1
2086.72,Online Purchase,22.0,Tablet,Seattle,0,71,4,Debit Card,1
3962.92,Bill Payment,4.0,Tablet,Houston,1,102,9,Net Banking,1
3331.81,ATM Withdrawal,5.0,Mobile,Houston,1,24,2,Debit Card,1
3586.55,Bank Transfer,14.0,Mobile,Los Angeles,0,26,12,Credit Card,1
550.37,ATM Withdrawal,0.0,Desktop,Boston,4,105,13,Debit Card,1
2468.99,ATM Withdrawal,19.0,Mobile,New York,1,36,10,Credit Card,1
1081.15,Bank Transfer,16.0,Mobile,Houston,1,34,12,UPI,1
4182.42,Bank Transfer,9.0,Mobile,Boston,1,40,1,Credit Card,1
4060.58,POS Payment,17.0,Desktop,Los Angeles,2,102,14,Net Banking,1
4590.12,Bill Payment,15.0,Mobile,Seattle,1,40,1,UPI,1
909.96,POS Payment,13.0,Desktop,New York,1,98,7,Debit Card,1
1260.34,Bank Transfer,16.0,Mobile,Miami,0,70,14,Credit Card,1
2684.25,Bill Payment,10.0,Desktop,Houston,3,96,12,UPI,1
771.21,ATM Withdrawal,20.0,Desktop,Seattle,2,70,6,Credit Card,1
4843.45,Bill Payment,23.0,Mobile,Miami,3,77,5,Debit Card,1
4910.73,Online Purchase,12.0,Desktop,San Francisco,0,85,10,UPI,1
3074.04,Bill Payment,6.0,Mobile,Houston,1,48,8,UPI,1
656.65,Online Purchase,16.0,Tablet,Houston,0,114,8,Credit Card,1
2663.48,Bank Transfer,23.0,Mobile,San Francisco,3,70,10,UPI,1
3908.33,ATM Withdrawal,20.0,Tablet,Chicago,2,13,10,Net Banking,1
1582.4,ATM Withdrawal,17.0,Tablet,Boston,0,2,14,UPI,1
804.63,Bill Payment,10.0,Tablet,Los Angeles,4,105,8,Debit Card,1
2151.95,Bank Transfer,13.0,Mobile,Seattle,3,105,6,Debit Card,1
1285.29,Bill Payment,20.0,Mobile,Houston,2,92,9,Debit Card,1
4710.41,Online Purchase,12.0,Mobile,Boston,2,41,14,Debit Card,1
4976.05,Online Purchase,14.0,Desktop,Chicago,1,107,5,Net Banking,1
4681.64,POS Payment,0.0,Tablet,Miami,0,102,3,Net Banking,1
1644.47,Bill Payment,11.0,Mobile,San Francisco,2,92,2,Net Banking,1
4753.13,ATM Withdrawal,12.0,Mobile,Boston,0,2,5,Net Banking,1
751.78,Bill Payment,6.0,Tablet,Los Angeles,0,114,5,Credit Card,1
4395.72,Online Purchase,23.0,Tablet,San Francisco,1,86,11,Net Banking,1
417.45,POS Payment,8.0,Mobile,Boston,4,86,9,Net Banking,1
970.38,POS Payment,15.0,Tablet,New York,0,116,4,Debit Card,1
4926.14,Bill Payment,20.0,Mobile,Seattle,4,82,4,Debit Card,1
4848.83,Bank Transfer,15.0,Desktop,Chicago,0,110,12,Credit Card,1
2041.3,Bank Transfer,19.0,Desktop,Los Angeles,0,94,3,Invalid Method,1
1343.31,ATM Withdrawal,14.0,Mobile,Boston,2,5,3,Invalid Method,1
2763.39,POS Payment,11.0,Tablet,Boston,1,71,2,Debit Card,1
3783.88,ATM Withdrawal,13.0,Desktop,Boston,4,76,7,Debit Card,1
964.0,POS Payment,16.0,Mobile,Boston,0,35,14,Debit Card,1
1014.7,Online Purchase,20.0,Tablet,Los Angeles,2,33,10,Debit Card,1
1467.5,POS Payment,8.0,Desktop,Chicago,1,14,1,Debit Card,1
4304.21,Bank Transfer,1.0,Desktop,Chicago,2,87,9,UPI,1
4102.7,Bank Transfer,18.0,Desktop,San Francisco,4,54,9,Credit Card,1
275.74,Bank Transfer,22.0,Mobile,Los Angeles,0,85,6,Net Banking,1
1903.79,Bill Payment,21.0,Mobile,Los Angeles,1,6,4,Debit Card,1
4145.11,Bank Transfer,10.0,Desktop,Los Angeles,2,39,10,Net Banking,1
4422.31,ATM Withdrawal,15.0,Tablet,Chicago,1,42,9,Net Banking,1
2820.66,Online Purchase,21.0,Unknown Device,Boston,2,90,4,UPI,1
4224.49,Bill Payment,1.0,Tablet,Houston,3,108,12,UPI,1
1125.53,POS Payment,7.0,Tablet,Miami,0,48,3,Debit Card,1
2698.37,Bill Payment,21.0,Unknown Device,Seattle,4,51,1,UPI,1
495.14,Online Purchase,5.0,Mobile,Chicago,1,22,4,UPI,1
4720.39,ATM Withdrawal,3.0,Desktop,Los Angeles,1,81,10,UPI,1
4465.94,Bank Transfer,6.0,Desktop,Houston,2,27,3,Debit Card,1
1539.51,POS Payment,16.0,Tablet,Houston,1,34,1,Debit Card,1
3307.64,Bill Payment,17.0,Mobile,Los Angeles,3,50,5,Debit Card,1
3986.54,Online Purchase,9.0,Desktop,Boston,3,63,11,Debit Card,1
86.76,POS Payment,17.0,Mobile,New York,3,69,1,Credit Card,1
3822.47,ATM Withdrawal,9.0,Mobile,Houston,3,39,5,Debit Card,1
294.58,ATM Withdrawal,4.0,Desktop,Houston,0,80,11,Debit Card,1
1011.24,Online Purchase,19.0,Tablet,Houston,1,60,14,Debit Card,1
4547.14,ATM Withdrawal,17.0,Tablet,Los Angeles,2,25,12,Credit Card,1
2289.89,Online Purchase,3.0,Tablet,Los Angeles,2,100,2,Debit Card,1
4505.75,POS Payment,7.0,Mobile,Houston,1,44,1,Debit Card,1
1029.02,Online Purchase,18.0,Tablet,New York,4,93,12,Net Banking,1
3666.53,Bank Transfer,18.0,Tablet,New York,4,50,6,Net Banking,1
4643.31,ATM Withdrawal,1.0,Desktop,Houston,1,103,1,Debit Card,1
2447.07,Bank Transfer,17.0,Mobile,Los Angeles,4,22,8,Credit Card,1
3141.98,POS Payment,21.0,Mobile,Los Angeles,2,8,11,UPI,1
4330.4,Bill Payment,21.0,Unknown Device,Miami,0,86,9,Credit Card,1
2670.87,Bill Payment,12.0,Unknown Device,New York,4,50,2,Credit Card,1
3434.86,Bank Transfer,17.0,Mobile,Miami,0,89,1,Debit Card,1
4536.75,Online Purchase,9.0,Mobile,Los Angeles,1,14,7,UPI,1
848.09,Online Purchase,11.0,Desktop,Los Angeles,2,55,8,UPI,1
1263.85,ATM Withdrawal,16.0,Desktop,Los Angeles,0,88,11,Net Banking,1
785.34,Online Purchase,8.0,Desktop,Los Angeles,4,57,3,Credit Card,1
2024.2,Bill Payment,21.0,Desktop,Los Angeles,3,49,3,Net Banking,1
1118.63,Bill Payment,5.0,Desktop,Houston,1,89,11,Credit Card,1
4665.34,Bill Payment,4.0,Desktop,Chicago,4,45,4,Net Banking,1
4246.52,POS Payment,8.0,Desktop,Chicago,3,15,12,Debit Card,1
2396.82,POS Payment,12.0,Tablet,Seattle,2,95,4,Debit Card,1
3796.0,Bank Transfer,22.0,Tablet,Chicago,4,25,13,UPI,1
2708.95,Bank Transfer,22.0,Mobile,San Francisco,2,98,1,UPI,1
3292.73,ATM Withdrawal,5.0,Desktop,Houston,2,100,12,UPI,1
4743.1,POS Payment,16.0,Desktop,Seattle,1,119,9,Credit Card,1
2313.07,Bank Transfer,15.0,Mobile,Houston,2,6,2,UPI,1
71.23,Online Purchase,18.0,Mobile,Miami,0,23,7,Net Banking,1
1137.08,Online Purchase,6.0,Mobile,Miami,1,71,5,Debit Card,1
1538.23,Bill Payment,16.0,Tablet,Chicago,1,101,2,Net Banking,1
336.53,Bank Transfer,0.0,Desktop,Chicago,3,79,9,Net Banking,1
1334.47,ATM Withdrawal,16.0,Mobile,Boston,3,49,13,UPI,1
3390.73,ATM Withdrawal,6.0,Tablet,Boston,0,71,2,Net Banking,1
629.38,ATM Withdrawal,22.0,Tablet,San Francisco,4,96,7,Net Banking,1
1683.17,ATM Withdrawal,18.0,Tablet,Boston,0,76,11,Credit Card,1
754.53,POS Payment,20.0,Mobile,Chicago,3,1,9,UPI,1
4916.67,POS Payment,11.0,Mobile,Miami,1,44,4,UPI,1
4873.47,Online Purchase,17.0,Desktop,Chicago,1,49,2,Credit Card,1
4706.2,POS Payment,16.0,Mobile,Los Angeles,4,12,6,Net Banking,1
3788.19,ATM Withdrawal,19.0,Mobile,Seattle,2,62,6,UPI,1
2042.69,ATM Withdrawal,22.0,Tablet,Los Angeles,4,69,5,Debit Card,1
2171.6,Bank Transfer,1.0,Desktop,Chicago,1,22,4,Credit Card,1
931.33,Bill Payment,20.0,Unknown Device,Houston,2,67,2,Net Banking,1
1442.91,Bill Payment,20.0,Desktop,San Francisco,2,87,9,UPI,1
3882.08,POS Payment,22.0,Tablet,Chicago,2,87,5,Net Banking,1
1025.3,POS Payment,12.0,Desktop,Houston,2,86,10,Net Banking,1
3850.08,Bill Payment,9.0,Tablet,New York,4,84,3,UPI,1
1633.71,Online Purchase,10.0,Tablet,Boston,4,33,10,UPI,1
4224.48,Online Purchase,5.0,Mobile,Miami,0,44,3,Net Banking,1
664.03,ATM Withdrawal,16.0,Tablet,Los Angeles,4,11,6,UPI,1
3184.24,ATM Withdrawal,6.0,Tablet,Boston,2,74,8,Debit Card,1
3832.34,ATM Withdrawal,12.0,Mobile,Houston,3,119,4,UPI,1
4697.81,Online Purchase,9.0,Tablet,Chicago,3,26,6,Net Banking,1
2544.62,Bill Payment,11.0,Mobile,Miami,1,68,6,UPI,1
3387.3,ATM Withdrawal,22.0,Desktop,San Francisco,2,25,5,UPI,1
2730.94,ATM Withdrawal,18.0,Mobile,Chicago,2,117,12,Credit Card,1
4025.36,Online Purchase,15.0,Tablet,Los Angeles,0,106,5,Credit Card,1
2737.22,Bank Transfer,15.0,Desktop,Chicago,4,82,3,Debit Card,1
4025.16,Bill Payment,9.0,Mobile,Miami,1,49,1,Debit Card,1
1449.89,POS Payment,17.0,Tablet,Boston,0,2,4,UPI,1
4008.81,POS Payment,19.0,Mobile,Boston,0,3,2,UPI,1
2768.04,ATM Withdrawal,20.0,Tablet,Chicago,1,91,13,Net Banking,1
3359.72,POS Payment,19.0,Mobile,Chicago,0,13,1,Credit Card,1
1992.33,POS Payment,5.0,Mobile,New York,0,105,1,Net Banking,1
2572.28,ATM Withdrawal,15.0,Mobile,Boston,0,11,7,UPI,1
27.82,Bank Transfer,9.0,Desktop,Chicago,4,73,5,Credit Card,1
599.21,POS Payment,2.0,Desktop,Houston,3,81,6,Net Banking,1
3457.13,Bill Payment,11.0,Mobile,Houston,2,18,4,Credit Card,1
1177.67,ATM Withdrawal,3.0,Desktop,Boston,4,117,14,UPI,1
978.85,Bill Payment,15.0,Mobile,New York,4,84,6,Net Banking,1
4951.97,POS Payment,21.0,Mobile,Houston,4,60,9,Credit Card,1
4310.84,Bank Transfer,14.0,Desktop,New York,3,102,6,Debit Card,1
770.03,Bill Payment,16.0,Desktop,Chicago,0,84,11,Debit Card,1
2246.53,Online Purchase,13.0,Tablet,New York,2,77,2,UPI,1
2478.71,POS Payment,20.0,Tablet,Chicago,1,119,2,UPI,1
2468.32,POS Payment,21.0,Desktop,San Francisco,4,42,3,Credit Card,1
3785.82,Online Purchase,20.0,Desktop,Houston,3,89,2,Net Banking,1
3063.98,Bank Transfer,19.0,Mobile,Chicago,3,61,14,UPI,1
4433.83,Bill Payment,20.0,Mobile,Miami,3,78,4,UPI,1
3563.79,Online Purchase,16.0,Desktop,Chicago,0,84,13,UPI,1
3980.49,Bill Payment,13.0,Mobile,Houston,0,113,11,UPI,1
2772.35,POS Payment,14.0,Desktop,Chicago,2,109,6,Net Banking,1
3256.57,Bank Transfer,15.0,Tablet,Houston,0,72,7,Debit Card,1
49997.8,Bill Payment,20.0,Mobile,San Francisco,4,113,1,Net Banking,1
4416.35,Bank Transfer,4.0,Tablet,Boston,0,59,2,UPI,1
3833.22,Online Purchase,8.0,Mobile,Miami,2,71,9,Net Banking,1
446.79,Bank Transfer,13.0,Desktop,San Francisco,3,91,3,Invalid Method,1
594.47,Bank Transfer,15.0,Mobile,Chicago,2,9,8,Debit Card,1
1553.52,ATM Withdrawal,0.0,Desktop,Boston,2,87,4,Credit Card,1
3430.65,Online Purchase,15.0,Desktop,Houston,2,70,10,Credit Card,1
4088.02,Bill Payment,9.0,Desktop,San Francisco,2,80,5,Net Banking,1
1069.22,Online Purchase,21.0,Desktop,Chicago,2,30,2,Debit Card,1
3229.97,POS Payment,6.0,Tablet,Houston,4,6,4,Net Banking,1
4941.13,Bill Payment,23.0,Tablet,Boston,3,116,5,UPI,1
3445.81,POS Payment,20.0,Mobile,Houston,3,41,10,UPI,1
2823.43,Bank Transfer,17.0,Tablet,Miami,3,3,4,Debit Card,1
2071.05,Bank Transfer,21.0,Tablet,San Francisco,2,15,5,UPI,1
446.04,POS Payment,4.0,Mobile,Chicago,0,38,8,UPI,1
2873.99,Online Purchase,21.0,Desktop,Houston,0,45,7,Credit Card,1
2250.12,Bill Payment,11.0,Tablet,Houston,0,113,13,UPI,1
4707.99,ATM Withdrawal,17.0,Mobile,Miami,0,8,11,Debit Card,1
3273.3,ATM Withdrawal,15.0,Desktop,Miami,2,109,10,Net Banking,1
3188.01,Bank Transfer,17.0,Desktop,Houston,1,116,12,Net Banking,1
2948.47,POS Payment,16.0,Desktop,Miami,0,69,3,Net Banking,1
1081.15,Online Purchase,16.0,Mobile,Houston,2,68,14,UPI,1
2568.62,Bank Transfer,13.0,Desktop,San Francisco,3,108,5,Debit Card,1
594.44,Bank Transfer,22.0,Desktop,New York,0,111,10,UPI,1
4426.62,Bank Transfer,4.0,Mobile,Boston,4,105,3,UPI,1
4502.76,POS Payment,7.0,Desktop,Chicago,4,79,10,Credit Card,1
517.81,Bill Payment,18.0,Mobile,New York,2,21,2,Debit Card,1
884.54,Bill Payment,12.0,Desktop,Chicago,3,6,5,Debit Card,1
372.73,Bill Payment,17.0,Tablet,Miami,4,92,5,UPI,1
2541.98,Online Purchase,21.0,Desktop,Los Angeles,0,88,6,Debit Card,1
2505.49,Bank Transfer,17.0,Mobile,Boston,1,97,6,Debit Card,1
520.87,Bill Payment,9.0,Tablet,Los Angeles,3,80,8,Net Banking,1
3734.84,Bank Transfer,21.0,Desktop,Chicago,2,21,3,UPI,1
1070.68,Online Purchase,21.0,Tablet,Los Angeles,4,118,11,Credit Card,1
1914.1,Bank Transfer,10.0,Unknown Device,Houston,2,64,4,UPI,1
2714.92,Bank Transfer,22.0,Desktop,San Francisco,1,29,7,Debit Card,1
2445.46,Bank Transfer,23.0,Tablet,Los Angeles,4,55,1,Credit Card,1
1187.11,Bank Transfer,18.0,Desktop,New York,0,109,4,Credit Card,1
1380.28,Bank Transfer,14.0,Desktop,Houston,1,6,2,Net Banking,1
223.65,ATM Withdrawal,16.0,Mobile,Chicago,1,35,8,UPI,1
1082.38,Bill Payment,18.0,Tablet,Miami,4,39,10,Credit Card,1
2111.16,ATM Withdrawal,1.0,Mobile,Houston,1,117,5,Net Banking,1
3169.76,Online Purchase,0.0,Mobile,Chicago,3,32,5,Credit Card,1
4377.06,Bank Transfer,21.0,Desktop,Chicago,1,5,5,Net Banking,1
4953.8,POS Payment,9.0,Mobile,San Francisco,1,45,1,UPI,1
2425.41,Bank Transfer,2.0,Mobile,Houston,2,112,9,Net Banking,1
1640.4,Bill Payment,21.0,Tablet,Miami,3,37,7,Debit Card,1
3516.28,Bill Payment,2.0,Tablet,Boston,4,34,12,UPI,1
2828.72,Bank Transfer,5.0,Desktop,Chicago,1,115,2,Invalid Method,1
3444.45,POS Payment,20.0,Desktop,Seattle,0,34,2,Debit Card,1
2301.54,ATM Withdrawal,15.0,Desktop,Seattle,1,93,2,Net Banking,1
2299.44,ATM Withdrawal,11.0,Mobile,Los Angeles,4,50,1,Net Banking,1
2219.67,Bank Transfer,2.0,Tablet,Boston,3,119,6,UPI,1
4716.1,Online Purchase,6.0,Mobile,Boston,3,37,6,Credit Card,1
878.04,Bill Payment,5.0,Desktop,Houston,2,36,2,Credit Card,1
4485.7,Bill Payment,20.0,Mobile,Boston,4,29,5,Net Banking,1
3328.59,Online Purchase,9.0,Mobile,Los Angeles,4,26,2,Credit Card,1
4670.65,Bank Transfer,11.0,Tablet,Boston,1,70,12,UPI,1
2820.2,ATM Withdrawal,10.0,Desktop,Chicago,4,75,12,Net Banking,1
1825.41,Bill Payment,2.0,Mobile,Boston,0,102,10,Net Banking,1
2012.23,Bank Transfer,18.0,Tablet,San Francisco,3,91,2,Debit Card,1
4560.85,POS Payment,6.0,Unknown Device,Boston,0,47,8,UPI,1
2988.03,Bill Payment,16.0,Mobile,Chicago,1,25,14,Debit Card,1
3833.22,POS Payment,20.0,Desktop,Houston,3,5,8,UPI,1
4533.58,POS Payment,22.0,Tablet,Los Angeles,4,96,14,Net Banking,1
3758.4,POS Payment,6.0,Mobile,Los Angeles,3,89,8,Credit Card,1
2840.92,Bill Payment,13.0,Mobile,San Francisco,4,77,4,UPI,1
1808.56,POS Payment,8.0,Tablet,Houston,3,92,3,Net Banking,1
529.12,POS Payment,15.0,Desktop,Chicago,3,84,5,UPI,1
2377.96,Bill Payment,8.0,Mobile,Boston,2,50,6,UPI,1
4410.6,ATM Withdrawal,1.0,Mobile,Boston,0,44,3,Net Banking,1
4162.18,Bank Transfer,13.0,Mobile,Houston,1,32,14,Credit Card,1
662.33,ATM Withdrawal,4.0,Mobile,Houston,3,15,2,UPI,1
1568.88,Online Purchase,4.0,Mobile,Houston,2,115,7,UPI,1
1938.59,POS Payment,21.0,Tablet,New York,3,75,14,Debit Card,1
745.7,Online Purchase,22.0,Desktop,San Francisco,0,21,2,UPI,1
154.55,Online Purchase,15.0,Mobile,Chicago,2,106,14,UPI,1
2511.03,Bill Payment,15.0,Desktop,Houston,1,33,1,Credit Card,1
677.42,POS Payment,22.0,Desktop,Chicago,0,114,5,Debit Card,1
2807.22,Online Purchase,6.0,Mobile,Houston,3,93,11,Debit Card,1
1049.81,Bank Transfer,19.0,Tablet,Houston,2,35,4,UPI,1
2226.02,POS Payment,22.0,Desktop,Miami,3,73,1,Debit Card,1
4961.41,Bill Payment,4.0,Mobile,Houston,0,89,8,UPI,1
2554.04,Bill Payment,5.0,Desktop,Houston,0,73,4,Credit Card,1
4112.78,POS Payment,6.0,Tablet,Chicago,0,9,1,Credit Card,1
3209.47,Bill Payment,16.0,Mobile,Chicago,2,92,5,Credit Card,1
1125.17,POS Payment,21.0,Mobile,Miami,2,64,9,Credit Card,1
1566.92,POS Payment,15.0,Mobile,Miami,1,55,5,Net Banking,1
1498.82,Bank Transfer,9.0,Tablet,Miami,0,79,7,Invalid Method,1
2180.6,Bill Payment,16.0,Tablet,Houston,3,49,7,UPI,1
4398.92,Bill Payment,6.0,Mobile,Houston,1,30,5,Net Banking,1
3777.7,ATM Withdrawal,20.0,Tablet,Seattle,1,99,11,Credit Card,1
1123.98,ATM Withdrawal,4.0,Tablet,Boston,0,99,3,Credit Card,1
2500.44,ATM Withdrawal,17.0,Tablet,Los Angeles,0,65,7,UPI,1
3218.51,Bank Transfer,20.0,Tablet,Los Angeles,2,29,4,UPI,1
3565.06,Bank Transfer,18.0,Desktop,Houston,2,5,11,Debit Card,1
1585.39,Online Purchase,8.0,Tablet,Los Angeles,1,73,4,Net Banking,1
1613.83,ATM Withdrawal,17.0,Mobile,Chicago,0,106,9,Credit Card,1
4705.99,ATM Withdrawal,20.0,Tablet,Chicago,4,4,1,Net Banking,1
4110.68,POS Payment,7.0,Tablet,Boston,1,94,9,Credit Card,1
411.58,Bill Payment,23.0,Desktop,Houston,0,27,8,UPI,1
3795.15,POS Payment,20.0,Tablet,Los Angeles,4,12,13,Credit Card,1
1758.78,POS Payment,2.0,Mobile,Boston,0,14,5,Debit Card,1
3806.29,Bill Payment,9.0,Mobile,Miami,3,58,6,Net Banking,1
2246.53,Online Purchase,22.0,Tablet,Seattle,4,78,1,UPI,1
3488.33,Bank Transfer,13.0,Desktop,Houston,4,37,13,Credit Card,1
102.23,POS Payment,12.0,Desktop,New York,2,89,5,Debit Card,1
2376.41,Bank Transfer,23.0,Tablet,Miami,0,9,9,Debit Card,1
921.18,Bill Payment,19.0,Mobile,Los Angeles,4,67,10,UPI,1
2377.38,Bill Payment,22.0,Desktop,Chicago,3,91,7,UPI,1
2213.19,Bill Payment,11.0,Mobile,Houston,3,97,13,UPI,1
3987.92,Bank Transfer,23.0,Desktop,Miami,2,69,7,Credit Card,1
3046.25,Bill Payment,14.0,Tablet,New York,1,90,7,Credit Card,1
4818.63,POS Payment,5.0,Tablet,Houston,0,50,13,Net Banking,1
1101.68,Online Purchase,14.0,Tablet,Boston,4,106,6,Credit Card,1
1860.9,ATM Withdrawal,23.0,Desktop,New York,0,58,5,Debit Card,1
976.81,Bank Transfer,16.0,Desktop,Boston,2,22,2,Credit Card,1
2152.99,Bill Payment,5.0,Desktop,Los Angeles,1,34,1,Net Banking,1
1673.5,Online Purchase,12.0,Mobile,Chicago,1,54,6,UPI,1
3146.1,Bill Payment,11.0,Mobile,New York,3,71,3,Debit Card,1
688.74,Online Purchase,3.0,Tablet,Chicago,1,111,2,Debit Card,1
643.08,Online Purchase,5.0,Tablet,Chicago,4,89,5,Net Banking,1
1228.68,ATM Withdrawal,18.0,Desktop,New York,2,13,1,Net Banking,1
429.24,POS Payment,14.0,Tablet,Boston,4,103,4,Net Banking,1
713.57,POS Payment,13.0,Mobile,Chicago,2,63,1,Net Banking,1
3552.09,Online Purchase,21.0,Desktop,Boston,2,7,4,Credit Card,1
4340.78,ATM Withdrawal,20.0,Mobile,New York,3,71,12,Net Banking,1
4311.6,ATM Withdrawal,21.0,Tablet,Houston,3,76,1,Credit Card,1
4042.66,ATM Withdrawal,18.0,Mobile,Boston,3,78,9,Net Banking,1
2975.16,Online Purchase,11.0,Desktop,Houston,1,66,13,Credit Card,1
1673.64,ATM Withdrawal,18.0,Unknown Device,Miami,2,29,10,Credit Card,1
1684.74,Bill Payment,11.0,Mobile,Boston,4,7,12,Credit Card,1
3889.05,ATM Withdrawal,13.0,Mobile,Houston,0,88,7,Credit Card,1
1952.84,POS Payment,4.0,Desktop,Houston,2,1,2,UPI,1
3722.81,ATM Withdrawal,10.0,Tablet,Houston,1,90,11,Debit Card,1
2870.06,Bill Payment,19.0,Tablet,Houston,3,33,10,Debit Card,1
4318.25,Online Purchase,13.0,Tablet,Chicago,4,75,2,Net Banking,1
4572.88,ATM Withdrawal,14.0,Mobile,Houston,4,112,6,UPI,1
2313.41,Bill Payment,11.0,Tablet,Houston,0,56,9,UPI,1
2852.74,Bank Transfer,6.0,Tablet,Houston,0,78,13,Debit Card,1
1796.43,ATM Withdrawal,16.0,Mobile,New York,0,47,5,Net Banking,1
1267.42,Bill Payment,14.0,Desktop,Chicago,2,102,11,Credit Card,1
295.17,Online Purchase,18.0,Desktop,Miami,4,111,3,Net Banking,1
502.61,Bill Payment,22.0,Desktop,Houston,1,77,11,Debit Card,1
4364.61,ATM Withdrawal,14.0,Mobile,Seattle,4,100,7,Net Banking,1
313.63,Bill Payment,21.0,Tablet,Houston,1,34,6,Credit Card,1
2096.79,ATM Withdrawal,19.0,Tablet,Chicago,0,113,13,Credit Card,1
1775.57,POS Payment,13.0,Mobile,Chicago,0,41,2,Net Banking,1
3344.36,ATM Withdrawal,13.0,Desktop,Houston,1,68,3,Net Banking,1
822.4,Bank Transfer,19.0,Desktop,Houston,0,57,3,Debit Card,1
3753.35,ATM Withdrawal,8.0,Tablet,Houston,3,39,2,UPI,1
1067.83,ATM Withdrawal,8.0,Mobile,Los Angeles,1,72,10,Credit Card,1
3756.39,ATM Withdrawal,8.0,Desktop,Boston,4,118,4,Net Banking,1
4077.63,Bill Payment,15.0,Tablet,Chicago,4,110,7,Credit Card,1
4701.63,Bank Transfer,13.0,Unknown Device,Chicago,4,67,3,Net Banking,1
2259.04,Online Purchase,14.0,Tablet,New York,4,29,1,Credit Card,1
4465.31,Bank Transfer,13.0,Tablet,Houston,4,37,14,UPI,1
1970.61,POS Payment,18.0,Tablet,Chicago,2,65,10,UPI,1
1111.65,Online Purchase,4.0,Tablet,Houston,1,29,5,Net Banking,1
1118.4,POS Payment,14.0,Tablet,New York,3,95,9,Credit Card,1
1361.98,POS Payment,20.0,Tablet,Houston,2,51,4,UPI,1
3964.08,ATM Withdrawal,5.0,Desktop,Chicago,3,90,8,Credit Card,1
4548.1,ATM Withdrawal,18.0,Desktop,Boston,3,118,12,UPI,1
324.16,Online Purchase,20.0,Mobile,Chicago,0,25,5,Credit Card,1
3144.32,ATM Withdrawal,19.0,Tablet,Chicago,1,66,3,Debit Card,1
133.54,Online Purchase,23.0,Mobile,Los Angeles,0,21,5,UPI,1
936.9,ATM Withdrawal,12.0,Desktop,Chicago,3,1,8,Net Banking,1
3545.04,ATM Withdrawal,4.0,Desktop,Houston,4,32,6,UPI,1
2071.05,ATM Withdrawal,19.0,Desktop,Seattle,2,81,3,Net Banking,1
1869.26,Bank Transfer,5.0,Desktop,Boston,1,76,3,Debit Card,1
3799.56,Bank Transfer,20.0,Desktop,San Francisco,2,69,5,Debit Card,1
2225.47,ATM Withdrawal,9.0,Tablet,Chicago,0,69,7,Net Banking,1
3491.85,Online Purchase,2.0,Mobile,Boston,0,56,2,Invalid Method,1
4994.89,Bank Transfer,15.0,Mobile,Boston,3,115,6,Debit Card,1
46.81,Bill Payment,16.0,Unknown Device,Los Angeles,4,36,8,Net Banking,1
831.71,Bill Payment,21.0,Tablet,New York,1,42,7,Debit Card,1
3741.7,ATM Withdrawal,21.0,Mobile,New York,3,53,6,Debit Card,1
2438.52,Bill Payment,1.0,Tablet,Chicago,1,81,3,UPI,1
3176.92,ATM Withdrawal,23.0,Unknown Device,Houston,0,84,3,UPI,1
1261.93,Bank Transfer,16.0,Mobile,Boston,4,105,9,UPI,1
382.88,Bill Payment,11.0,Mobile,Los Angeles,0,109,13,UPI,1
4181.75,Bill Payment,5.0,Tablet,New York,1,70,1,Net Banking,1
4707.05,Bank Transfer,10.0,Desktop,Los Angeles,1,40,3,Credit Card,1
4417.15,Bill Payment,10.0,Desktop,New York,4,104,7,Credit Card,1
2943.62,Online Purchase,13.0,Desktop,Chicago,0,26,12,Net Banking,1
2519.03,Bank Transfer,18.0,Desktop,Miami,3,99,8,Net Banking,1
4652.81,Bill Payment,4.0,Tablet,Miami,1,96,6,Debit Card,1
2835.29,Bill Payment,12.0,Desktop,Los Angeles,4,26,6,UPI,1
516.24,ATM Withdrawal,17.0,Mobile,New York,4,77,6,Debit Card,1
227.13,Online Purchase,16.0,Desktop,Boston,0,99,5,Invalid Method,1
4967.89,Bank Transfer,0.0,Unknown Device,Boston,3,78,5,Credit Card,1
3160.25,ATM Withdrawal,11.0,Tablet,Boston,0,21,6,Credit Card,1
2023.37,Bill Payment,22.0,Desktop,Seattle,4,74,8,Net Banking,1
499.56,POS Payment,17.0,Desktop,Boston,3,118,6,Debit Card,1
765.39,ATM Withdrawal,8.0,Unknown Device,Miami,0,117,9,Invalid Method,1
4134.0,Bank Transfer,11.0,Tablet,Miami,3,98,13,Invalid Method,1
57.86,POS Payment,10.0,Desktop,New York,0,91,3,Debit Card,1
1265.23,ATM Withdrawal,16.0,Mobile,Houston,2,3,5,Credit Card,1
636.21,ATM Withdrawal,16.0,Desktop,Chicago,1,52,11,Credit Card,1
4030.96,POS Payment,3.0,Desktop,Los Angeles,1,45,5,Credit Card,1
4011.78,POS Payment,20.0,Mobile,Miami,1,10,8,Credit Card,1
1643.06,POS Payment,1.0,Desktop,Chicago,3,108,8,Net Banking,1
1002.74,ATM Withdrawal,16.0,Mobile,New York,1,81,12,Net Banking,1
229.86,Online Purchase,23.0,Tablet,New York,2,38,10,Invalid Method,1
4362.55,POS Payment,10.0,Mobile,Miami,4,89,5,Debit Card,1
2760.16,Bank Transfer,23.0,Desktop,Boston,3,69,12,Credit Card,1
780.01,Bank Transfer,1.0,Desktop,Chicago,3,100,4,Net Banking,1
4601.96,Online Purchase,9.0,Mobile,Houston,0,17,11,Debit Card,1
1399.18,Online Purchase,20.0,Tablet,Boston,2,98,1,Credit Card,1
4929.78,Online Purchase,18.0,Desktop,San Francisco,0,21,2,Net Banking,1
2138.35,ATM Withdrawal,9.0,Desktop,Boston,4,10,11,Net Banking,1
2861.17,Bank Transfer,13.0,Desktop,Seattle,2,86,3,Credit Card,1
2708.94,Bank Transfer,23.0,Desktop,New York,0,43,3,UPI,1
3174.09,Bank Transfer,19.0,Tablet,Boston,1,119,14,Net Banking,1
1222.66,ATM Withdrawal,6.0,Desktop,Houston,2,6,3,Credit Card,1
3336.7,Bill Payment,9.0,Mobile,New York,4,94,5,Credit Card,1
499.81,POS Payment,18.0,Desktop,Boston,2,119,10,Debit Card,1
3791.06,POS Payment,16.0,Desktop,Los Angeles,1,10,11,Debit Card,1
2517.14,POS Payment,21.0,Desktop,Miami,3,117,9,Net Banking,1
4595.25,Online Purchase,19.0,Tablet,Los Angeles,3,64,11,Net Banking,1
49997.8,Bill Payment,5.0,Mobile,Houston,3,80,5,Net Banking,1
4887.54,Online Purchase,14.0,Desktop,Houston,3,59,14,Debit Card,1
2665.47,POS Payment,3.0,Desktop,Boston,4,45,10,Debit Card,1
4270.41,Bill Payment,12.0,Mobile,Chicago,4,97,9,Net Banking,1
1393.6,ATM Withdrawal,0.0,Desktop,Boston,0,106,12,Net Banking,1
1101.77,Bank Transfer,11.0,Mobile,Miami,4,25,1,UPI,1
1716.36,ATM Withdrawal,17.0,Tablet,San Francisco,4,119,13,UPI,1
2343.94,Bill Payment,21.0,Desktop,Chicago,0,99,5,UPI,1
1600.49,Online Purchase,13.0,Mobile,Boston,0,107,8,UPI,1
3263.28,ATM Withdrawal,7.0,Desktop,Chicago,2,23,9,Credit Card,1
808.11,ATM Withdrawal,20.0,Mobile,Houston,1,117,4,Net Banking,1
3114.24,Bank Transfer,18.0,Desktop,New York,0,30,2,UPI,1
729.27,Online Purchase,20.0,Desktop,Seattle,0,76,5,Credit Card,1
1711.08,Bill Payment,12.0,Desktop,Los Angeles,4,4,4,Debit Card,1
1996.18,POS Payment,15.0,Tablet,Los Angeles,4,25,3,Debit Card,1
4821.38,Bill Payment,1.0,Tablet,Boston,3,65,5,Debit Card,1
3057.5,ATM Withdrawal,18.0,Mobile,Houston,0,107,13,Credit Card,1
2381.17,Online Purchase,14.0,Tablet,New York,1,77,1,Net Banking,1
3450.46,Bank Transfer,21.0,Mobile,New York,1,12,3,Debit Card,1
2808.45,Bill Payment,18.0,Mobile,Chicago,0,57,3,Debit Card,1
258.82,POS Payment,22.0,Desktop,Los Angeles,2,100,12,Net Banking,1
3913.02,POS Payment,3.0,Tablet,Houston,0,49,8,Net Banking,1
114.77,Bank Transfer,18.0,Unknown Device,New York,1,35,6,UPI,1
2983.19,Online Purchase,17.0,Desktop,Los Angeles,2,52,12,UPI,1
2046.68,Online Purchase,19.0,Desktop,San Francisco,1,18,1,UPI,1
908.34,ATM Withdrawal,13.0,Mobile,Miami,4,116,2,Debit Card,1
3375.46,ATM Withdrawal,11.0,Tablet,Miami,3,112,8,Debit Card,1
4820.36,ATM Withdrawal,19.0,Mobile,Los Angeles,4,114,10,Debit Card,1
4443.84,Bill Payment,9.0,Mobile,New York,0,57,6,Credit Card,1
4779.8,POS Payment,21.0,Tablet,Houston,1,114,13,UPI,1
2355.05,POS Payment,8.0,Tablet,Chicago,3,89,5,Net Banking,1
4967.89,POS Payment,22.0,Tablet,Miami,1,45,9,Credit Card,1
848.17,ATM Withdrawal,22.0,Unknown Device,Chicago,1,54,14,UPI,1
879.25,POS Payment,13.0,Mobile,Chicago,0,58,2,UPI,1
2323.03,ATM Withdrawal,22.0,Desktop,Los Angeles,4,40,9,UPI,1
3537.39,Bill Payment,0.0,Desktop,Los Angeles,0,101,3,Credit Card,1
2229.12,ATM Withdrawal,13.0,Mobile,New York,3,45,5,UPI,1
2089.99,Online Purchase,12.0,Desktop,Chicago,2,32,13,Net Banking,1
3771.7,ATM Withdrawal,3.0,Desktop,Boston,0,49,4,Invalid Method,1
747.15,POS Payment,17.0,Mobile,Chicago,1,83,3,UPI,1
4878.57,POS Payment,11.0,Tablet,Chicago,1,68,14,UPI,1
940.43,ATM Withdrawal,7.0,Tablet,Chicago,4,48,11,Credit Card,1
881.72,Bank Transfer,10.0,Mobile,Los Angeles,2,35,3,UPI,1
766.84,Bill Payment,8.0,Desktop,Miami,2,49,2,Net Banking,1
1368.73,POS Payment,19.0,Mobile,Chicago,3,99,11,UPI,1
2646.53,ATM Withdrawal,2.0,Mobile,Houston,3,83,4,Credit Card,1
2783.89,POS Payment,10.0,Tablet,Miami,2,52,7,Credit Card,1
670.66,POS Payment,10.0,Desktop,Boston,2,92,10,Debit Card,1
1260.9,Online Purchase,17.0,Mobile,Boston,0,96,8,Debit Card,1
3068.16,Bill Payment,20.0,Tablet,Seattle,4,68,4,UPI,1
4914.6,POS Payment,23.0,Mobile,San Francisco,0,70,2,Net Banking,1
4261.78,Online Purchase,16.0,Mobile,New York,2,106,7,UPI,1
4641.4,ATM Withdrawal,15.0,Mobile,Seattle,1,58,4,Net Banking,1
1860.04,ATM Withdrawal,7.0,Mobile,Boston,3,80,9,Credit Card,1
347.21,Online Purchase,13.0,Mobile,Los Angeles,4,111,14,Credit Card,1
4180.97,Online Purchase,8.0,Tablet,Chicago,0,20,9,UPI,1
49997.8,ATM Withdrawal,4.0,Mobile,Los Angeles,3,73,5,Debit Card,1
3302.95,Bank Transfer,0.0,Tablet,Los Angeles,0,113,11,UPI,1
2142.11,Bank Transfer,16.0,Desktop,Boston,0,111,3,Net Banking,1
2890.32,Bank Transfer,21.0,Mobile,Chicago,4,83,7,Net Banking,1
49997.8,Bank Transfer,0.0,Desktop,Miami,0,116,11,Net Banking,1
4579.45,Online Purchase,13.0,Tablet,New York,4,103,9,Net Banking,1
6.94,Bill Payment,19.0,Tablet,Boston,2,8,2,Net Banking,1
4766.86,POS Payment,12.0,Mobile,Los Angeles,3,90,5,Net Banking,1
4735.92,Bill Payment,19.0,Desktop,Miami,3,25,9,Credit Card,1
3494.21,Bank Transfer,18.0,Tablet,Boston,1,59,7,UPI,1
2493.31,Bank Transfer,0.0,Tablet,Chicago,3,18,4,Net Banking,1
25.55,ATM Withdrawal,20.0,Desktop,Los Angeles,4,11,3,Invalid Method,1
4603.11,Online Purchase,5.0,Desktop,Miami,0,91,9,UPI,1
211.91,POS Payment,7.0,Mobile,Miami,1,112,2,Net Banking,1
657.69,Online Purchase,23.0,Tablet,Miami,4,44,1,Credit Card,1
252.92,Bill Payment,18.0,Tablet,Seattle,3,85,6,UPI,1
1406.14,Bank Transfer,8.0,Mobile,Los Angeles,0,55,9,UPI,1
3517.51,Online Purchase,5.0,Desktop,Chicago,0,95,3,Net Banking,1
1592.42,Bank Transfer,3.0,Mobile,Houston,3,83,6,UPI,1
2352.29,POS Payment,19.0,Tablet,New York,3,81,5,Credit Card,1
3602.33,POS Payment,20.0,Tablet,Seattle,1,101,12,Credit Card,1
3867.36,Online Purchase,10.0,Tablet,Los Angeles,1,103,2,Net Banking,1
182.82,ATM Withdrawal,8.0,Desktop,Boston,0,39,1,Debit Card,1
2739.57,POS Payment,16.0,Mobile,San Francisco,0,116,5,Net Banking,1
302.87,Bank Transfer,11.0,Desktop,Houston,1,4,3,Invalid Method,1
3865.08,POS Payment,6.0,Mobile,Miami,4,96,10,Credit Card,1
875.74,Online Purchase,15.0,Tablet,Miami,2,110,11,UPI,1
796.65,ATM Withdrawal,10.0,Mobile,Los Angeles,2,90,14,Credit Card,1
2583.74,Online Purchase,8.0,Unknown Device,Los Angeles,1,78,7,Credit Card,1
4229.36,Online Purchase,4.0,Mobile,Houston,4,108,8,Debit Card,1
4610.16,Bank Transfer,3.0,Mobile,Chicago,2,49,4,Credit Card,1
4889.14,Online Purchase,17.0,Desktop,Los Angeles,1,68,3,Net Banking,1
49997.8,Bill Payment,14.0,Desktop,Miami,1,89,9,Debit Card,1
3893.32,Bill Payment,22.0,Tablet,Miami,4,44,4,Net Banking,1
3292.73,Bill Payment,13.0,Mobile,Houston,1,5,10,Debit Card,1
2154.5,ATM Withdrawal,19.0,Tablet,Houston,0,14,3,Credit Card,1
4787.78,Online Purchase,20.0,Mobile,Miami,2,60,2,Net Banking,1
1646.03,Online Purchase,14.0,Tablet,Boston,1,43,2,Debit Card,1
242.79,Bank Transfer,23.0,Mobile,Boston,3,4,14,Net Banking,1
796.16,POS Payment,6.0,Tablet,Los Angeles,1,84,9,Net Banking,1
927.29,POS Payment,10.0,Mobile,Los Angeles,2,76,12,Credit Card,1
4507.6,Bank Transfer,11.0,Tablet,Chicago,3,58,8,Credit Card,1
4501.2,Bill Payment,4.0,Desktop,Chicago,0,108,2,Debit Card,1
1242.61,ATM Withdrawal,0.0,Desktop,Boston,4,82,5,Debit Card,1
3334.0,Bank Transfer,11.0,Desktop,Boston,1,74,11,Debit Card,1
4388.65,Online Purchase,7.0,Tablet,New York,0,115,2,Net Banking,1
2112.11,POS Payment,15.0,Mobile,Chicago,2,2,1,UPI,1
4325.63,POS Payment,14.0,Tablet,Houston,1,69,10,Credit Card,1
1111.94,POS Payment,18.0,Mobile,Chicago,1,59,5,Debit Card,1
4042.18,Online Purchase,20.0,Mobile,Chicago,2,36,9,Net Banking,1
669.95,Bank Transfer,14.0,Mobile,Los Angeles,1,104,9,Debit Card,1
3821.8,Bank Transfer,23.0,Tablet,Boston,0,16,10,Net Banking,1
3040.44,ATM Withdrawal,8.0,Mobile,Boston,4,99,8,Net Banking,1
1233.74,ATM Withdrawal,18.0,Desktop,Houston,1,4,14,Credit Card,1
3729.52,ATM Withdrawal,4.0,Tablet,Chicago,3,94,9,Debit Card,1
1285.81,Bill Payment,6.0,Tablet,Boston,3,20,11,Debit Card,1
227.43,Bill Payment,8.0,Mobile,Los Angeles,0,57,2,UPI,1
2815.85,Bank Transfer,13.0,Tablet,Miami,0,100,12,UPI,1
1172.03,ATM Withdrawal,18.0,Mobile,Miami,2,63,5,UPI,1
4773.55,Bank Transfer,22.0,Mobile,Houston,1,73,10,Credit Card,1
4373.51,Bill Payment,10.0,Desktop,Miami,3,42,2,Credit Card,1
4252.88,Online Purchase,0.0,Tablet,Boston,1,28,5,Credit Card,1
1631.31,ATM Withdrawal,17.0,Desktop,Boston,2,47,5,UPI,1
4748.67,ATM Withdrawal,6.0,Tablet,Houston,1,98,7,Net Banking,1
4592.63,Bill Payment,13.0,Tablet,Houston,2,28,9,Debit Card,1
4501.2,ATM Withdrawal,18.0,Tablet,Boston,2,35,8,UPI,1
3080.17,ATM Withdrawal,22.0,Mobile,Boston,4,51,4,UPI,1
3435.8,Bill Payment,22.0,Tablet,New York,2,12,6,Credit Card,1
1529.19,Online Purchase,19.0,Tablet,Houston,4,28,6,Credit Card,1
1863.54,Online Purchase,10.0,Desktop,Boston,4,74,2,UPI,1
1736.65,Bill Payment,15.0,Tablet,Boston,0,24,13,Debit Card,1
1335.98,Bank Transfer,18.0,Tablet,Chicago,4,52,4,Debit Card,1
1024.97,ATM Withdrawal,21.0,Desktop,Los Angeles,2,29,4,Debit Card,1
1568.24,Online Purchase,19.0,Tablet,San Francisco,2,114,7,Debit Card,1
3522.95,Bill Payment,4.0,Mobile,Chicago,4,68,11,Debit Card,1
3484.53,POS Payment,16.0,Mobile,Houston,4,101,9,UPI,1
3908.37,ATM Withdrawal,16.0,Desktop,San Francisco,0,88,1,Debit Card,1
3654.57,Bill Payment,5.0,Desktop,Chicago,3,43,11,UPI,1
2313.79,Bank Transfer,16.0,Desktop,Seattle,3,107,9,Net Banking,1
473.68,ATM Withdrawal,21.0,Mobile,Boston,0,87,7,Debit Card,1
1970.51,POS Payment,23.0,Desktop,Seattle,4,77,9,Net Banking,1
4608.79,Bill Payment,21.0,Mobile,Chicago,3,48,14,Debit Card,1
1371.78,ATM Withdrawal,17.0,Desktop,Chicago,3,104,6,UPI,1
976.87,POS Payment,18.0,Tablet,Chicago,0,45,1,UPI,1
3299.68,Online Purchase,8.0,Desktop,Boston,2,79,7,Debit Card,1
3726.97,ATM Withdrawal,14.0,Mobile,Houston,1,9,8,Debit Card,1
2987.68,ATM Withdrawal,15.0,Tablet,San Francisco,2,43,3,Debit Card,1
999.98,ATM Withdrawal,3.0,Unknown Device,Chicago,2,38,5,UPI,1
1725.75,Online Purchase,17.0,Mobile,Chicago,3,87,10,Net Banking,1
1294.79,Bank Transfer,9.0,Tablet,Los Angeles,4,116,9,Credit Card,1
3224.31,Bank Transfer,18.0,Tablet,San Francisco,1,110,9,Invalid Method,1
2804.08,ATM Withdrawal,20.0,Mobile,Houston,4,73,5,Credit Card,1
2088.89,POS Payment,22.0,Desktop,Chicago,4,4,3,Net Banking,1
1089.48,ATM Withdrawal,20.0,Mobile,Chicago,2,119,9,Net Banking,1
4189.4,Bill Payment,22.0,Tablet,Houston,2,78,2,Debit Card,1
4881.41,POS Payment,14.0,Mobile,Chicago,1,12,11,Credit Card,1
1786.93,Online Purchase,19.0,Desktop,Boston,3,81,10,Net Banking,1
1655.86,Bank Transfer,15.0,Mobile,Chicago,4,1,12,UPI,1
2787.39,POS Payment,7.0,Mobile,Chicago,3,29,7,UPI,1
2653.17,Online Purchase,23.0,Desktop,Chicago,2,118,10,Credit Card,1
217.53,Online Purchase,16.0,Mobile,Los Angeles,4,34,9,Net Banking,1
2828.72,ATM Withdrawal,5.0,Tablet,Chicago,4,17,7,Debit Card,1
1496.55,POS Payment,22.0,Mobile,Los Angeles,1,46,7,Net Banking,1
2347.1,Online Purchase,3.0,Tablet,Chicago,1,99,5,Credit Card,1
4571.88,ATM Withdrawal,5.0,Tablet,Houston,4,87,8,Invalid Method,1
4516.12,Bank Transfer,11.0,Mobile,Boston,0,47,8,Debit Card,1
2638.06,Bank Transfer,8.0,Tablet,Boston,4,11,10,Debit Card,1
3780.98,Bank Transfer,13.0,Desktop,Seattle,4,107,5,Credit Card,1
3059.54,Online Purchase,23.0,Tablet,San Francisco,3,118,8,Credit Card,1
2461.7,POS Payment,16.0,Desktop,Miami,0,46,10,Net Banking,1
3794.45,Bank Transfer,18.0,Desktop,Boston,2,80,3,Net Banking,1
1385.25,Bank Transfer,22.0,Tablet,Miami,2,52,5,Credit Card,1
699.25,Bill Payment,11.0,Desktop,Los Angeles,2,71,8,Debit Card,1
4600.67,POS Payment,4.0,Mobile,Los Angeles,3,90,12,UPI,1
1984.97,Bank Transfer,21.0,Desktop,Los Angeles,4,64,7,Credit Card,1
2174.18,ATM Withdrawal,10.0,Mobile,Los Angeles,4,89,5,Net Banking,1
1964.14,Bank Transfer,8.0,Desktop,Chicago,4,7,4,Debit Card,1
4922.16,Online Purchase,16.0,Mobile,New York,0,87,7,Net Banking,1
3444.88,Bank Transfer,12.0,Mobile,Houston,0,37,7,UPI,1
4679.9,Bill Payment,19.0,Desktop,Houston,4,68,5,UPI,1
2560.25,Bill Payment,14.0,Tablet,Los Angeles,3,9,7,UPI,1
4869.32,ATM Withdrawal,14.0,Mobile,Los Angeles,3,118,14,Debit Card,1
2854.22,ATM Withdrawal,15.0,Mobile,Chicago,2,19,8,Debit Card,1
4438.27,ATM Withdrawal,11.0,Tablet,New York,2,110,6,Net Banking,1
2424.8,Bill Payment,11.0,Mobile,Chicago,4,39,2,Credit Card,1
3838.69,ATM Withdrawal,20.0,Tablet,Seattle,4,55,1,UPI,1
83.99,Bill Payment,11.0,Tablet,Boston,3,112,1,Net Banking,1
2900.48,Bill Payment,17.0,Tablet,Houston,0,95,6,UPI,1
1916.62,Bill Payment,17.0,Tablet,Houston,4,28,5,Net Banking,1
3899.9,Bill Payment,21.0,Desktop,San Francisco,3,81,5,Net Banking,1
2635.11,Bank Transfer,15.0,Desktop,Seattle,2,95,5,Credit Card,1
4384.17,Bill Payment,7.0,Tablet,Miami,3,34,4,Net Banking,1
2461.48,Online Purchase,9.0,Desktop,Boston,0,31,4,Credit Card,1
1277.45,Online Purchase,14.0,Mobile,Miami,4,81,5,Net Banking,1
3724.89,Bank Transfer,3.0,Unknown Device,Miami,0,82,4,Net Banking,1
1821.65,Bank Transfer,23.0,Desktop,Los Angeles,2,94,12,Net Banking,1
4332.93,Bank Transfer,15.0,Desktop,Boston,3,32,3,Debit Card,1
2401.93,ATM Withdrawal,23.0,Mobile,Chicago,2,29,13,Net Banking,1
2554.86,Bill Payment,4.0,Tablet,Chicago,4,79,9,Debit Card,1
4591.45,POS Payment,17.0,Tablet,Seattle,2,33,2,UPI,1
2925.33,ATM Withdrawal,14.0,Tablet,Boston,1,101,11,UPI,1
1116.95,Online Purchase,13.0,Desktop,Los Angeles,0,108,4,Net Banking,1
4849.85,Online Purchase,6.0,Tablet,Chicago,1,90,7,Debit Card,1
3162.94,POS Payment,22.0,Tablet,Houston,4,66,12,Debit Card,1
4377.06,Bank Transfer,17.0,Tablet,Houston,3,95,10,UPI,1
149.6,ATM Withdrawal,15.0,Mobile,Boston,2,20,1,Credit Card,1
1909.78,Online Purchase,9.0,Mobile,Houston,0,87,11,Debit Card,1
376.21,Online Purchase,19.0,Tablet,Houston,2,85,8,Debit Card,1
1677.82,Bank Transfer,17.0,Mobile,Chicago,3,112,6,Credit Card,1
2393.97,Bank Transfer,9.0,Desktop,Houston,0,13,7,Net Banking,1
492.71,Bank Transfer,13.0,Desktop,Chicago,4,108,1,UPI,1
1156.97,POS Payment,6.0,Tablet,Boston,4,115,9,Debit Card,1
4793.08,ATM Withdrawal,14.0,Mobile,San Francisco,3,94,3,Credit Card,1
3663.65,ATM Withdrawal,7.0,Tablet,Los Angeles,2,93,5,UPI,1
609.0,POS Payment,19.0,Tablet,San Francisco,0,60,9,UPI,1
1773.46,Online Purchase,13.0,Desktop,San Francisco,0,75,5,Credit Card,1
242.59,Bill Payment,19.0,Mobile,Los Angeles,4,71,1,Credit Card,1
3867.65,POS Payment,6.0,Desktop,Los Angeles,4,113,12,Credit Card,1
3030.77,ATM Withdrawal,15.0,Mobile,Los Angeles,4,35,4,UPI,1
624.78,Bank Transfer,13.0,Tablet,Houston,1,105,8,Debit Card,1
1701.33,Bill Payment,20.0,Tablet,Chicago,4,62,9,Net Banking,1
1045.67,ATM Withdrawal,15.0,Tablet,Seattle,4,109,6,UPI,1
4770.61,POS Payment,23.0,Tablet,Houston,4,107,1,UPI,1
3521.04,Bank Transfer,18.0,Tablet,Chicago,4,78,2,Net Banking,1
1702.17,ATM Withdrawal,13.0,Desktop,Los Angeles,2,89,2,UPI,1
1055.91,Online Purchase,23.0,Mobile,Chicago,4,27,10,UPI,1
2877.57,POS Payment,14.0,Tablet,Los Angeles,3,28,8,Credit Card,1
3875.71,POS Payment,22.0,Mobile,San Francisco,0,20,7,UPI,1
4537.52,Bill Payment,19.0,Tablet,Boston,1,70,9,Debit Card,1
1972.14,Bill Payment,12.0,Tablet,Boston,2,30,12,Credit Card,1
518.26,Bank Transfer,6.0,Mobile,Houston,4,45,2,Credit Card,1
4999.09,Online Purchase,18.0,Tablet,Seattle,0,99,13,Credit Card,1
3489.67,Bank Transfer,15.0,Desktop,Chicago,2,63,6,UPI,1
640.36,POS Payment,17.0,Mobile,Boston,4,12,13,Net Banking,1
3421.52,ATM Withdrawal,9.0,Desktop,Chicago,2,62,3,Debit Card,1
3431.85,Bank Transfer,14.0,Tablet,San Francisco,3,51,1,Debit Card,1
49997.8,ATM Withdrawal,9.0,Tablet,Seattle,0,104,10,Debit Card,1
3864.57,Bank Transfer,21.0,Tablet,Miami,2,64,6,UPI,1
2032.5,Bill Payment,23.0,Tablet,Chicago,4,20,12,Credit Card,1
3145.06,Online Purchase,15.0,Desktop,New York,2,24,1,Net Banking,1
749.43,Bill Payment,10.0,Desktop,Boston,3,22,3,UPI,1
486.0,Bank Transfer,8.0,Mobile,Los Angeles,0,89,5,Credit Card,1
4859.94,Bank Transfer,16.0,Desktop,New York,1,86,1,Credit Card,1
4558.15,Bank Transfer,21.0,Tablet,Miami,2,97,2,Net Banking,1
1630.37,Bank Transfer,1.0,Tablet,Boston,2,35,1,Debit Card,1
4975.43,Bank Transfer,19.0,Mobile,Boston,0,47,1,Net Banking,1
261.74,Bill Payment,7.0,Mobile,Boston,3,9,9,Credit Card,1
3667.0,ATM Withdrawal,1.0,Tablet,Miami,1,70,3,Net Banking,1
3063.69,ATM Withdrawal,16.0,Desktop,Boston,4,44,11,Debit Card,1
243.16,Online Purchase,1.0,Mobile,Los Angeles,0,95,3,UPI,1
4316.62,Bill Payment,10.0,Mobile,New York,2,37,3,Debit Card,1
3571.54,ATM Withdrawal,18.0,Tablet,Miami,3,104,1,Debit Card,1
4232.48,Online Purchase,17.0,Tablet,Houston,3,119,11,UPI,1
397.34,Bank Transfer,20.0,Mobile,San Francisco,0,84,11,Credit Card,1
2214.98,Online Purchase,17.0,Mobile,San Francisco,2,109,6,Invalid Method,1
3272.49,POS Payment,10.0,Tablet,Miami,0,85,11,Credit Card,1
4249.82,Online Purchase,23.0,Tablet,New York,2,10,12,Credit Card,1
3309.67,ATM Withdrawal,15.0,Tablet,Los Angeles,2,15,1,Net Banking,1
1783.65,Bill Payment,18.0,Desktop,Los Angeles,0,59,7,Debit Card,1
963.3,Online Purchase,10.0,Desktop,New York,1,91,4,UPI,1
2805.61,ATM Withdrawal,23.0,Mobile,Los Angeles,3,81,3,Net Banking,1
2605.01,Bill Payment,2.0,Tablet,Boston,1,101,10,UPI,1
2152.13,Bill Payment,10.0,Mobile,Chicago,4,50,5,Debit Card,1
4331.27,ATM Withdrawal,20.0,Desktop,San Francisco,3,113,12,Net Banking,1
1611.99,POS Payment,13.0,Desktop,Houston,2,51,3,Debit Card,1
2188.79,Online Purchase,5.0,Tablet,Chicago,1,9,1,Invalid Method,1
4885.63,POS Payment,8.0,Mobile,Los Angeles,3,94,2,Net Banking,1
674.53,Bill Payment,18.0,Mobile,Houston,4,112,6,Debit Card,1
3515.76,ATM Withdrawal,13.0,Mobile,New York,3,70,3,Debit Card,1
1698.66,POS Payment,15.0,Tablet,Los Angeles,4,101,6,Net Banking,1
34.91,Bank Transfer,0.0,Tablet,Houston,0,51,1,Debit Card,1
851.91,Online Purchase,21.0,Tablet,Chicago,4,70,3,Debit Card,1
1430.94,POS Payment,9.0,Tablet,Los Angeles,2,87,6,Debit Card,1
4463.87,Bill Payment,22.0,Tablet,San Francisco,4,11,8,Net Banking,1
4230.75,Online Purchase,0.0,Tablet,Los Angeles,4,89,4,Credit Card,1
3848.29,Bill Payment,18.0,Desktop,Los Angeles,3,55,13,Net Banking,1
3757.46,Bank Transfer,22.0,Tablet,Chicago,3,74,10,Net Banking,1
1547.29,Bank Transfer,6.0,Desktop,Boston,2,118,10,UPI,1
3876.02,ATM Withdrawal,12.0,Mobile,Miami,3,85,11,Debit Card,1
4278.9,ATM Withdrawal,18.0,Mobile,Houston,0,35,2,Net Banking,1
3974.03,Bill Payment,19.0,Mobile,Houston,0,20,6,Credit Card,1
3858.27,Bank Transfer,20.0,Mobile,Seattle,2,118,2,Net Banking,1
4472.99,Online Purchase,22.0,Desktop,Seattle,2,110,5,Debit Card,1
210.7,POS Payment,18.0,Desktop,Boston,4,75,5,UPI,1
4301.97,POS Payment,12.0,Desktop,Seattle,2,93,3,Credit Card,1
2252.01,POS Payment,10.0,Desktop,Houston,4,103,4,Credit Card,1
3475.97,Bank Transfer,21.0,Desktop,Boston,4,61,9,Debit Card,1
1884.1,Online Purchase,4.0,Tablet,Houston,0,84,12,UPI,1
536.64,Bill Payment,10.0,Tablet,Chicago,0,113,4,Debit Card,1
2505.94,Bill Payment,13.0,Mobile,Chicago,0,66,3,UPI,1
2593.07,Online Purchase,11.0,Mobile,Los Angeles,4,37,2,UPI,1
1149.55,POS Payment,22.0,Mobile,Miami,0,17,10,Net Banking,1
4610.29,POS Payment,7.0,Tablet,Boston,4,76,6,Net Banking,1
4813.77,POS Payment,12.0,Desktop,Chicago,3,45,13,Net Banking,1
1384.68,POS Payment,16.0,Mobile,Houston,1,19,11,Credit Card,1
1500.5,POS Payment,18.0,Mobile,Los Angeles,1,11,11,UPI,1
671.51,POS Payment,15.0,Mobile,Los Angeles,1,66,4,Debit Card,1
1944.82,Bank Transfer,22.0,Tablet,Los Angeles,4,82,12,Credit Card,1
4297.78,ATM Withdrawal,18.0,Mobile,Miami,1,36,3,Debit Card,1
4099.39,ATM Withdrawal,11.0,Tablet,San Francisco,3,75,2,Credit Card,1
624.58,Online Purchase,7.0,Mobile,Chicago,0,9,3,Debit Card,1
2995.1,ATM Withdrawal,16.0,Mobile,Miami,1,95,9,Debit Card,1
4589.29,ATM Withdrawal,14.0,Mobile,New York,0,83,5,Credit Card,1
4268.11,ATM Withdrawal,18.0,Mobile,Houston,0,79,11,Credit Card,1
1209.01,Online Purchase,3.0,Mobile,Boston,3,74,12,Net Banking,1
4640.52,ATM Withdrawal,6.0,Mobile,Chicago,0,28,13,Credit Card,1
52.52,ATM Withdrawal,22.0,Desktop,San Francisco,4,63,5,Net Banking,1
2051.64,Bill Payment,17.0,Tablet,New York,2,105,9,Debit Card,1
2500.68,Online Purchase,18.0,Tablet,New York,1,58,10,Debit Card,1
4143.2,Bank Transfer,15.0,Mobile,Chicago,3,58,11,Credit Card,1
605.17,Bill Payment,19.0,Mobile,Miami,3,63,14,UPI,1
3087.82,POS Payment,21.0,Mobile,San Francisco,0,76,13,Net Banking,1
4398.43,POS Payment,17.0,Desktop,Boston,0,111,12,Debit Card,1
4964.4,Bill Payment,15.0,Tablet,San Francisco,1,50,7,Net Banking,1
2668.14,Online Purchase,20.0,Mobile,Miami,0,90,4,Net Banking,1
789.24,Bank Transfer,12.0,Tablet,Boston,1,7,9,Credit Card,1
4694.93,Bank Transfer,20.0,Mobile,Miami,2,49,3,Debit Card,1
4301.97,Online Purchase,22.0,Desktop,New York,4,106,6,Net Banking,1
4627.35,Online Purchase,7.0,Desktop,Miami,0,65,3,UPI,1
2247.69,Online Purchase,20.0,Mobile,Chicago,2,113,10,UPI,1
136.09,POS Payment,8.0,Mobile,Chicago,2,38,5,Invalid Method,1
4336.37,Bank Transfer,14.0,Mobile,New York,0,108,5,Net Banking,1
3626.52,ATM Withdrawal,21.0,Desktop,Boston,4,99,1,Debit Card,1
3781.43,Bank Transfer,1.0,Tablet,Houston,4,43,4,Net Banking,1
979.79,Bill Payment,20.0,Mobile,Chicago,3,50,5,UPI,1
2105.61,Online Purchase,22.0,Desktop,Chicago,1,90,3,Credit Card,1
2133.31,Online Purchase,16.0,Tablet,Houston,4,19,4,Credit Card,1
4101.65,ATM Withdrawal,12.0,Desktop,San Francisco,2,55,4,Net Banking,1
1065.32,ATM Withdrawal,11.0,Tablet,Miami,3,84,5,Debit Card,1
1072.98,ATM Withdrawal,20.0,Tablet,New York,4,50,5,Net Banking,1
2214.16,ATM Withdrawal,6.0,Desktop,Chicago,3,89,9,UPI,1
4511.52,Bill Payment,23.0,Tablet,Chicago,2,26,6,Net Banking,1
2621.51,Bill Payment,12.0,Desktop,Seattle,4,89,2,Credit Card,1
1287.23,ATM Withdrawal,21.0,Desktop,New York,2,20,6,Net Banking,1
604.28,Bank Transfer,15.0,Tablet,Chicago,0,50,2,Credit Card,1
162.07,Bill Payment,22.0,Unknown Device,New York,3,26,8,Debit Card,1
338.75,ATM Withdrawal,12.0,Mobile,Chicago,0,90,3,UPI,1
2447.16,ATM Withdrawal,13.0,Tablet,Miami,3,59,4,Credit Card,1
3166.87,POS Payment,20.0,Desktop,Miami,1,12,4,Debit Card,1
1684.36,Bank Transfer,13.0,Desktop,Los Angeles,2,41,8,Debit Card,1
3821.06,POS Payment,19.0,Mobile,Chicago,2,76,2,UPI,1
127.64,POS Payment,12.0,Desktop,Miami,2,110,5,Invalid Method,1
1745.5,ATM Withdrawal,4.0,Mobile,Houston,0,34,2,Debit Card,1
873.47,POS Payment,2.0,Tablet,Los Angeles,3,104,7,Debit Card,1
1652.93,Online Purchase,15.0,Desktop,Seattle,0,84,1,Credit Card,1
4349.06,Bank Transfer,17.0,Tablet,Los Angeles,4,118,10,Debit Card,1
921.99,Bank Transfer,10.0,Tablet,Seattle,4,103,1,Debit Card,1
593.45,ATM Withdrawal,16.0,Desktop,Seattle,3,63,2,UPI,1
4010.55,Bank Transfer,16.0,Mobile,Houston,3,32,13,Credit Card,1
2712.92,ATM Withdrawal,23.0,Tablet,Miami,2,1,10,UPI,1
3227.35,Bill Payment,2.0,Tablet,Chicago,1,81,7,Debit Card,1
763.74,Online Purchase,8.0,Tablet,Boston,1,51,1,UPI,1
422.73,ATM Withdrawal,3.0,Mobile,Boston,0,83,14,UPI,1
1161.11,POS Payment,16.0,Desktop,Houston,1,51,4,Credit Card,1
4312.14,Bank Transfer,13.0,Mobile,Boston,1,108,2,Credit Card,1
1668.56,Bank Transfer,18.0,Desktop,Houston,4,86,12,Credit Card,1
1967.77,ATM Withdrawal,2.0,Unknown Device,Los Angeles,2,105,8,Credit Card,1
617.65,ATM Withdrawal,22.0,Mobile,Boston,1,87,11,Net Banking,1
1710.24,Bank Transfer,20.0,Tablet,New York,0,42,4,Debit Card,1
2574.43,Bank Transfer,11.0,Desktop,Chicago,4,103,5,Credit Card,1
1958.32,Bill Payment,13.0,Tablet,Los Angeles,0,57,4,UPI,1
2671.71,Bank Transfer,23.0,Mobile,Houston,0,8,7,Net Banking,1
780.29,Online Purchase,20.0,Desktop,Houston,2,45,11,Debit Card,1
4570.98,POS Payment,12.0,Mobile,Los Angeles,0,42,2,Net Banking,1
4273.13,Online Purchase,17.0,Desktop,Boston,4,18,8,UPI,1
1995.35,ATM Withdrawal,12.0,Desktop,San Francisco,1,43,1,Net Banking,1
4400.71,Bank Transfer,22.0,Tablet,Miami,0,39,11,UPI,1
3589.35,Bank Transfer,17.0,Desktop,New York,1,62,2,UPI,1
1711.14,Bill Payment,16.0,Tablet,New York,2,93,4,Credit Card,1
2258.49,Online Purchase,15.0,Mobile,Chicago,2,66,11,UPI,1
1947.93,ATM Withdrawal,13.0,Tablet,Miami,4,111,11,Credit Card,1
4454.42,Bank Transfer,5.0,Mobile,Los Angeles,2,57,2,Net Banking,1
776.1,POS Payment,6.0,Tablet,New York,2,117,5,Credit Card,1
2967.53,Bank Transfer,21.0,Desktop,Houston,3,9,11,Net Banking,1
2355.58,POS Payment,2.0,Desktop,Boston,1,119,4,UPI,1
3872.64,Online Purchase,11.0,Mobile,New York,2,60,5,Invalid Method,1
907.82,ATM Withdrawal,20.0,Desktop,Boston,2,94,1,UPI,1
1910.74,Bill Payment,18.0,Mobile,Miami,2,56,10,Net Banking,1
4163.16,Bank Transfer,19.0,Tablet,Chicago,2,9,9,Debit Card,1
1908.89,Online Purchase,14.0,Desktop,Miami,4,103,9,Net Banking,1
1503.03,Online Purchase,17.0,Desktop,Houston,2,36,7,UPI,1
4924.22,Bill Payment,23.0,Tablet,Chicago,2,19,14,Net Banking,1
4685.32,Online Purchase,21.0,Desktop,Chicago,3,106,12,Credit Card,1
2979.02,Online Purchase,10.0,Mobile,Chicago,3,85,14,Debit Card,1
3641.24,Bank Transfer,5.0,Desktop,Boston,1,42,8,UPI,1
1011.68,Bill Payment,16.0,Desktop,Los Angeles,0,72,12,Debit Card,1
453.29,Online Purchase,20.0,Tablet,Houston,3,95,2,Debit Card,1
1851.42,POS Payment,5.0,Tablet,Chicago,1,72,1,Debit Card,1
49997.8,ATM Withdrawal,15.0,Mobile,Los Angeles,0,37,14,Credit Card,1
3579.22,ATM Withdrawal,19.0,Tablet,New York,4,107,1,Debit Card,1
1281.94,Bill Payment,8.0,Mobile,Houston,2,93,5,Credit Card,1
1142.35,Bill Payment,18.0,Mobile,Boston,0,75,14,UPI,1
3524.36,ATM Withdrawal,19.0,Desktop,Houston,3,57,5,UPI,1
3012.01,ATM Withdrawal,13.0,Mobile,Chicago,4,73,5,Credit Card,1
2634.52,Bank Transfer,23.0,Tablet,Houston,1,19,12,UPI,1
299.86,POS Payment,11.0,Tablet,Miami,1,74,5,Credit Card,1
1990.6,POS Payment,15.0,Mobile,San Francisco,2,108,2,Debit Card,1
1505.96,POS Payment,11.0,Tablet,Miami,0,43,6,Credit Card,1
584.12,ATM Withdrawal,15.0,Desktop,Chicago,0,81,6,UPI,1
1118.68,Bank Transfer,18.0,Tablet,New York,2,109,2,Debit Card,1
4361.87,POS Payment,18.0,Desktop,Houston,3,85,3,Credit Card,1
2323.49,Bill Payment,18.0,Tablet,Houston,2,111,10,Credit Card,1
1583.57,Bank Transfer,18.0,Tablet,Boston,3,91,8,Credit Card,1
4862.38,Bill Payment,21.0,Tablet,Seattle,4,94,7,UPI,1
1291.39,POS Payment,21.0,Tablet,San Francisco,2,96,13,Debit Card,1
4886.5,Online Purchase,5.0,Tablet,Houston,4,118,2,Debit Card,1
1406.33,Bank Transfer,11.0,Tablet,Chicago,2,64,12,Credit Card,1
1810.0,Bill Payment,19.0,Mobile,Miami,1,73,13,Debit Card,1
1052.37,Online Purchase,23.0,Mobile,Houston,4,119,3,Net Banking,1
619.96,Bank Transfer,11.0,Desktop,Boston,4,107,2,Net Banking,1
135.66,POS Payment,23.0,Tablet,Chicago,0,12,3,UPI,1
219.27,Bank Transfer,12.0,Mobile,Los Angeles,2,111,14,UPI,1
3881.62,POS Payment,21.0,Tablet,San Francisco,4,86,4,Invalid Method,1
3412.94,Bill Payment,20.0,Tablet,Miami,0,88,13,Credit Card,1
443.73,Online Purchase,19.0,Mobile,Miami,1,26,11,Credit Card,1
4542.68,ATM Withdrawal,6.0,Mobile,Miami,4,83,3,Credit Card,1
1659.66,ATM Withdrawal,19.0,Desktop,Los Angeles,0,33,2,Credit Card,1
3889.56,Bank Transfer,9.0,Desktop,Miami,2,30,4,UPI,1
2077.69,ATM Withdrawal,22.0,Tablet,Miami,3,43,10,Debit Card,1
49997.8,Online Purchase,21.0,Desktop,San Francisco,2,85,10,Net Banking,1
365.47,Online Purchase,20.0,Tablet,Miami,1,57,7,Net Banking,1
2347.02,Online Purchase,16.0,Unknown Device,Los Angeles,4,13,6,Net Banking,1
369.82,Online Purchase,16.0,Desktop,San Francisco,1,97,1,Credit Card,1
2422.33,ATM Withdrawal,1.0,Mobile,Chicago,3,34,5,Credit Card,1
4946.09,POS Payment,16.0,Tablet,Boston,0,110,1,Credit Card,1
3132.82,Online Purchase,19.0,Desktop,Boston,0,71,6,Credit Card,1
3539.37,Bank Transfer,17.0,Tablet,Los Angeles,0,31,5,Net Banking,1
49997.8,POS Payment,9.0,Desktop,Boston,2,65,14,Credit Card,1
785.19,ATM Withdrawal,11.0,Desktop,Boston,1,83,6,Net Banking,1
840.24,Bank Transfer,7.0,Tablet,Boston,4,15,3,Credit Card,1
3075.05,ATM Withdrawal,4.0,Mobile,Los Angeles,1,98,2,Net Banking,1
1229.71,POS Payment,18.0,Desktop,San Francisco,1,84,7,UPI,1
3654.95,Bill Payment,10.0,Tablet,Boston,4,34,1,Debit Card,1
1611.99,POS Payment,11.0,Tablet,Los Angeles,2,100,9,Net Banking,1
4511.34,Bank Transfer,20.0,Mobile,San Francisco,2,81,6,UPI,1
1172.76,ATM Withdrawal,20.0,Desktop,Chicago,0,85,8,Net Banking,1
323.23,ATM Withdrawal,6.0,Tablet,Los Angeles,0,64,6,Net Banking,1
2018.15,ATM Withdrawal,7.0,Unknown Device,Los Angeles,1,95,13,Invalid Method,1
3071.08,ATM Withdrawal,14.0,Mobile,Chicago,4,92,2,Credit Card,1
2346.06,Bill Payment,23.0,Tablet,Houston,4,53,10,UPI,1
2818.38,POS Payment,19.0,Desktop,Los Angeles,1,117,5,Debit Card,1
4879.7,POS Payment,6.0,Tablet,Houston,1,97,13,Debit Card,1
692.36,Bank Transfer,20.0,Desktop,Miami,4,71,11,Debit Card,1
4263.07,Online Purchase,15.0,Unknown Device,Houston,2,95,9,Invalid Method,1
807.2,POS Payment,22.0,Desktop,Boston,0,84,1,Invalid Method,1
2898.71,POS Payment,16.0,Desktop,Miami,1,24,4,Credit Card,1
982.29,Online Purchase,15.0,Tablet,Los Angeles,0,78,2,Credit Card,1
3071.59,Bill Payment,8.0,Mobile,Houston,3,79,5,Debit Card,1
2053.27,Bank Transfer,7.0,Tablet,New York,3,111,6,Debit Card,1
4416.71,Bank Transfer,19.0,Mobile,Seattle,0,110,5,Credit Card,1
4946.31,Bill Payment,3.0,Tablet,Boston,1,86,12,Debit Card,1
4773.4,Bank Transfer,12.0,Desktop,Boston,2,100,2,Net Banking,1
3959.26,Bill Payment,4.0,Mobile,Boston,1,34,11,Credit Card,1
3080.78,Bank Transfer,16.0,Tablet,San Francisco,2,50,5,Credit Card,1
3158.03,POS Payment,1.0,Desktop,Chicago,3,114,6,Debit Card,1
4785.53,ATM Withdrawal,0.0,Mobile,Chicago,3,22,6,UPI,1
2038.05,Bill Payment,21.0,Desktop,Boston,4,12,4,UPI,1
4605.26,ATM Withdrawal,11.0,Tablet,Boston,3,51,10,Credit Card,1
3423.87,Bill Payment,20.0,Desktop,New York,4,100,4,UPI,1
3522.65,POS Payment,13.0,Tablet,Houston,3,117,3,Net Banking,1
302.04,POS Payment,18.0,Mobile,Houston,1,57,8,Credit Card,1
4634.61,POS Payment,16.0,Mobile,Houston,1,69,11,Net Banking,1
599.89,Bill Payment,17.0,Mobile,Boston,2,1,11,Credit Card,1
4591.77,Online Purchase,3.0,Tablet,Chicago,3,50,3,Credit Card,1
3840.16,Online Purchase,21.0,Mobile,Los Angeles,0,100,12,UPI,1
1804.38,Online Purchase,6.0,Desktop,Boston,1,59,14,Debit Card,1
4804.94,Bill Payment,10.0,Desktop,Boston,4,60,6,Net Banking,1
4495.19,Online Purchase,2.0,Tablet,Chicago,4,114,13,Credit Card,1
605.07,Online Purchase,16.0,Desktop,Miami,0,105,6,Net Banking,1
3898.36,Bill Payment,18.0,Mobile,New York,2,50,8,UPI,1
2282.91,POS Payment,5.0,Desktop,Boston,0,28,4,Net Banking,1
2040.78,Online Purchase,8.0,Tablet,Los Angeles,3,62,2,Credit Card,1
1138.47,POS Payment,4.0,Tablet,Los Angeles,0,110,3,Net Banking,1
4164.51,ATM Withdrawal,12.0,Tablet,Houston,3,14,4,Net Banking,1
2522.9,Bill Payment,11.0,Mobile,Boston,0,44,7,Credit Card,1
1893.98,ATM Withdrawal,13.0,Desktop,Los Angeles,2,28,9,Debit Card,1
3106.76,POS Payment,15.0,Mobile,Boston,3,57,10,Credit Card,1
2310.7,POS Payment,19.0,Desktop,New York,1,96,1,Net Banking,1
1904.48,ATM Withdrawal,10.0,Tablet,Chicago,3,93,11,Credit Card,1
4722.53,Online Purchase,1.0,Mobile,Houston,0,108,2,Credit Card,1
49997.8,Online Purchase,7.0,Tablet,Miami,2,72,3,UPI,1
2956.77,Bank Transfer,22.0,Tablet,Seattle,0,95,7,Net Banking,1
4384.39,Bill Payment,14.0,Mobile,Los Angeles,1,25,5,Net Banking,1
3052.24,Bank Transfer,10.0,Desktop,Los Angeles,2,87,9,Net Banking,1
2855.07,Online Purchase,19.0,Tablet,Seattle,2,99,1,Debit Card,1
1328.01,Online Purchase,6.0,Tablet,New York,2,107,4,UPI,1
49997.8,Bill Payment,19.0,Desktop,Miami,2,35,13,UPI,1
108.53,Bill Payment,5.0,Unknown Device,Boston,3,91,14,UPI,1
4541.45,ATM Withdrawal,18.0,Desktop,Chicago,2,83,12,UPI,1
3238.22,ATM Withdrawal,20.0,Mobile,San Francisco,1,91,10,UPI,1
4165.42,Online Purchase,20.0,Mobile,San Francisco,4,79,7,UPI,1
4787.78,Online Purchase,12.0,Mobile,Los Angeles,2,39,8,Debit Card,1
1241.61,Bank Transfer,4.0,Desktop,Chicago,0,82,6,UPI,1
574.49,Online Purchase,21.0,Unknown Device,Chicago,0,13,7,Net Banking,1
1669.19,Bank Transfer,7.0,Unknown Device,Chicago,1,90,5,Net Banking,1
1119.45,POS Payment,19.0,Mobile,Houston,2,106,8,Credit Card,1
1344.01,Online Purchase,4.0,Desktop,Los Angeles,1,116,6,Credit Card,1
774.18,ATM Withdrawal,12.0,Mobile,Houston,2,69,13,UPI,1
2749.64,POS Payment,4.0,Mobile,Los Angeles,3,105,12,Credit Card,1
3835.2,Bank Transfer,10.0,Mobile,San Francisco,0,108,9,Credit Card,1
4805.07,Bill Payment,0.0,Mobile,Chicago,4,93,14,Invalid Method,1
1745.2,Bill Payment,5.0,Tablet,Chicago,1,74,1,UPI,1
3850.69,ATM Withdrawal,5.0,Desktop,Boston,3,46,11,Debit Card,1
1076.65,Bank Transfer,15.0,Tablet,Boston,2,67,6,Invalid Method,1
1332.38,POS Payment,22.0,Tablet,Los Angeles,2,94,3,UPI,1
2459.37,POS Payment,5.0,Mobile,Boston,3,44,10,UPI,1
3399.04,ATM Withdrawal,9.0,Tablet,Los Angeles,4,111,1,UPI,1
3103.03,Online Purchase,11.0,Unknown Device,Houston,3,37,2,Invalid Method,1
3034.9,ATM Withdrawal,20.0,Desktop,Seattle,3,59,2,UPI,1
1585.99,Bill Payment,19.0,Mobile,Chicago,2,94,5,UPI,1
3262.6,Bank Transfer,0.0,Tablet,Houston,4,109,4,UPI,1
3964.72,Bill Payment,18.0,Tablet,San Francisco,1,58,6,UPI,1
3203.86,Bank Transfer,16.0,Desktop,Chicago,4,17,1,UPI,1
4797.17,Bank Transfer,7.0,Mobile,Seattle,4,118,3,Credit Card,1
3291.45,Bank Transfer,18.0,Mobile,Seattle,3,111,3,Credit Card,1
2464.88,Bank Transfer,7.0,Tablet,Boston,3,4,8,Net Banking,1
2644.72,Bill Payment,2.0,Desktop,Los Angeles,3,77,5,Net Banking,1
4960.93,POS Payment,6.0,Tablet,Los Angeles,2,103,5,UPI,1
3732.62,Bill Payment,20.0,Tablet,Houston,3,1,4,Debit Card,1
4801.35,ATM Withdrawal,14.0,Mobile,Houston,4,119,10,Debit Card,1
1672.98,ATM Withdrawal,19.0,Mobile,Chicago,3,1,9,Credit Card,1
2154.09,POS Payment,0.0,Desktop,Miami,0,94,3,Net Banking,1
1878.91,Bill Payment,23.0,Tablet,Houston,3,17,9,Credit Card,1
2573.42,Bank Transfer,21.0,Mobile,Miami,2,119,11,UPI,1
3833.66,Bill Payment,18.0,Desktop,Los Angeles,4,51,2,Net Banking,1
4256.94,Bank Transfer,14.0,Tablet,Miami,3,47,10,Net Banking,1
3777.7,Bank Transfer,0.0,Desktop,Miami,0,114,3,Net Banking,1
597.5,POS Payment,18.0,Mobile,Los Angeles,1,38,6,Credit Card,1
3475.43,Bank Transfer,17.0,Mobile,New York,3,53,8,Credit Card,1
3230.64,Bank Transfer,18.0,Mobile,Houston,4,100,7,Credit Card,1
1125.78,ATM Withdrawal,12.0,Desktop,Houston,0,35,1,UPI,1
751.29,Bill Payment,13.0,Tablet,Chicago,2,109,3,Credit Card,1
2115.89,ATM Withdrawal,23.0,Mobile,Los Angeles,2,6,5,Debit Card,1
329.98,Online Purchase,23.0,Desktop,Houston,1,110,11,UPI,1
3142.32,Online Purchase,7.0,Tablet,Houston,2,7,5,Debit Card,1
3000.17,POS Payment,13.0,Mobile,Chicago,0,85,1,Net Banking,1
1348.21,Online Purchase,21.0,Mobile,Seattle,0,117,13,UPI,1
197.01,Bank Transfer,22.0,Desktop,Houston,0,21,10,Debit Card,1
2980.47,Bank Transfer,7.0,Unknown Device,Los Angeles,4,76,3,UPI,1
4730.64,ATM Withdrawal,13.0,Desktop,Boston,4,39,8,Debit Card,1
3236.68,ATM Withdrawal,19.0,Desktop,San Francisco,0,2,1,Credit Card,1
2471.08,ATM Withdrawal,0.0,Mobile,Boston,0,25,2,UPI,1
4067.45,Online Purchase,2.0,Desktop,Houston,3,27,3,Net Banking,1
4575.34,Online Purchase,18.0,Mobile,Seattle,3,119,2,Credit Card,1
1002.89,Online Purchase,18.0,Mobile,Chicago,1,93,8,Debit Card,1
1160.38,Online Purchase,3.0,Tablet,Chicago,0,50,4,Credit Card,1
3830.27,Bank Transfer,9.0,Mobile,Chicago,1,54,3,Credit Card,1
1694.6,ATM Withdrawal,23.0,Desktop,San Francisco,3,80,4,UPI,1
2358.14,Online Purchase,3.0,Tablet,Houston,3,27,3,Credit Card,1
3696.38,ATM Withdrawal,10.0,Desktop,Los Angeles,1,110,14,UPI,1
2900.12,POS Payment,16.0,Tablet,Miami,4,7,6,Debit Card,1
1074.47,Bank Transfer,0.0,Desktop,Chicago,1,75,3,Net Banking,1
4727.38,Bill Payment,11.0,Mobile,Chicago,3,54,11,UPI,1
2023.14,POS Payment,14.0,Mobile,Seattle,3,96,5,Invalid Method,1
3444.0,Bank Transfer,22.0,Unknown Device,Boston,2,26,4,Credit Card,1
4833.81,Bill Payment,8.0,Tablet,Los Angeles,0,16,8,Debit Card,1
2597.3,Bank Transfer,8.0,Desktop,Houston,0,63,5,UPI,1
2046.68,Online Purchase,22.0,Mobile,New York,4,53,10,Credit Card,1
3375.97,POS Payment,7.0,Tablet,Los Angeles,0,92,5,Net Banking,1
4929.52,Bank Transfer,12.0,Mobile,Houston,1,37,2,Credit Card,1
3479.81,Bank Transfer,14.0,Desktop,Boston,3,79,2,Debit Card,1
1849.66,Online Purchase,8.0,Desktop,Los Angeles,0,110,14,Credit Card,1
2281.21,POS Payment,17.0,Tablet,Los Angeles,4,57,2,Debit Card,1
3111.79,POS Payment,6.0,Tablet,Boston,3,59,4,UPI,1
86.76,Bank Transfer,4.0,Desktop,Boston,2,113,1,Debit Card,1
3843.2,POS Payment,18.0,Desktop,Miami,2,93,11,Debit Card,1
49997.8,Online Purchase,11.0,Desktop,Miami,4,7,11,Debit Card,1
4701.5,Bank Transfer,0.0,Desktop,Houston,4,86,8,Debit Card,1
1058.75,ATM Withdrawal,16.0,Mobile,New York,4,57,1,Debit Card,1
4377.06,POS Payment,11.0,Desktop,Boston,2,30,6,UPI,1
2024.28,POS Payment,22.0,Tablet,New York,3,71,3,UPI,1
4045.34,Online Purchase,23.0,Desktop,Seattle,3,85,6,Debit Card,1
2347.1,POS Payment,22.0,Mobile,Chicago,0,20,8,Credit Card,1
2995.25,Bill Payment,7.0,Mobile,Los Angeles,4,48,1,Invalid Method,1
2724.62,Online Purchase,17.0,Mobile,Houston,4,7,12,Net Banking,1
2811.2,Bill Payment,10.0,Desktop,New York,3,53,4,Credit Card,1
3489.38,POS Payment,13.0,Desktop,Boston,4,54,8,Debit Card,1
3228.98,Bill Payment,23.0,Tablet,New York,0,41,9,Net Banking,1
45.8,Online Purchase,23.0,Mobile,San Francisco,3,37,1,Credit Card,1
4275.33,POS Payment,16.0,Tablet,Houston,4,94,12,Credit Card,1
2411.9,ATM Withdrawal,4.0,Desktop,New York,0,101,3,Net Banking,1
570.63,ATM Withdrawal,9.0,Desktop,San Francisco,4,115,1,Debit Card,1
1468.05,Bill Payment,22.0,Desktop,Chicago,4,36,11,Credit Card,1
3936.24,ATM Withdrawal,21.0,Tablet,New York,4,104,1,Net Banking,1
2797.6,ATM Withdrawal,7.0,Mobile,Chicago,3,78,7,Credit Card,1
2572.62,POS Payment,16.0,Desktop,Miami,0,49,5,Net Banking,1
3703.67,Bill Payment,11.0,Mobile,New York,3,58,1,Debit Card,1
1517.23,Bill Payment,3.0,Desktop,Houston,4,97,10,UPI,1
4840.66,Bank Transfer,21.0,Mobile,San Francisco,3,99,6,UPI,1
655.37,POS Payment,11.0,Tablet,Boston,4,61,8,Credit Card,1
2438.52,ATM Withdrawal,20.0,Mobile,New York,0,39,9,UPI,1
4501.7,Bank Transfer,11.0,Mobile,Miami,1,57,9,UPI,1
1119.33,ATM Withdrawal,1.0,Tablet,Chicago,3,1,1,Credit Card,1
3350.31,ATM Withdrawal,21.0,Desktop,Boston,0,66,9,Debit Card,1
4156.28,Online Purchase,18.0,Tablet,Los Angeles,4,80,5,UPI,1
3155.83,Online Purchase,2.0,Mobile,Chicago,0,107,6,Credit Card,1
1304.17,Bank Transfer,17.0,Mobile,Chicago,2,103,7,Net Banking,1
1837.51,ATM Withdrawal,8.0,Tablet,Chicago,0,17,5,Net Banking,1
767.18,ATM Withdrawal,13.0,Tablet,New York,0,117,13,Net Banking,1
1396.08,Online Purchase,9.0,Desktop,Houston,0,7,5,Credit Card,1
2218.35,Bank Transfer,0.0,Desktop,Boston,1,2,4,Debit Card,1
1100.77,Bill Payment,23.0,Tablet,Boston,2,37,6,UPI,1
529.89,ATM Withdrawal,11.0,Mobile,Chicago,0,96,12,UPI,1
4779.41,ATM Withdrawal,1.0,Mobile,Chicago,1,83,1,Debit Card,1
1065.08,Bank Transfer,18.0,Desktop,Seattle,3,103,8,UPI,1
1735.14,Bill Payment,11.0,Tablet,Chicago,1,99,12,Debit Card,1
846.45,ATM Withdrawal,13.0,Tablet,Boston,1,72,5,Debit Card,1
3390.3,Bank Transfer,19.0,Tablet,Houston,3,79,5,Net Banking,1
4718.58,ATM Withdrawal,18.0,Desktop,Miami,0,46,2,UPI,1
4309.23,Bill Payment,20.0,Unknown Device,Los Angeles,0,102,8,Credit Card,1
3226.86,Bill Payment,1.0,Mobile,Chicago,0,88,5,Credit Card,1
1958.32,POS Payment,7.0,Tablet,Chicago,2,77,3,UPI,1
4603.32,Bill Payment,15.0,Mobile,New York,3,106,5,Net Banking,1
3448.11,ATM Withdrawal,20.0,Unknown Device,Seattle,0,73,4,UPI,1
1069.09,Online Purchase,6.0,Desktop,Chicago,0,109,13,Net Banking,1
2892.8,ATM Withdrawal,5.0,Tablet,Chicago,0,25,4,Credit Card,1
4052.78,ATM Withdrawal,14.0,Desktop,New York,4,71,8,UPI,1
3595.83,POS Payment,4.0,Mobile,Chicago,1,67,5,Credit Card,1
4318.5,Bank Transfer,23.0,Mobile,Seattle,1,113,8,Credit Card,1
1179.67,Online Purchase,6.0,Tablet,Boston,4,73,10,Debit Card,1
3479.1,ATM Withdrawal,10.0,Desktop,Chicago,4,100,7,Invalid Method,1
1185.37,Online Purchase,22.0,Mobile,Seattle,1,85,10,Credit Card,1
2720.83,Bill Payment,20.0,Desktop,San Francisco,0,48,8,Net Banking,1
3850.18,POS Payment,14.0,Desktop,New York,2,86,12,Net Banking,1
3045.59,Bank Transfer,19.0,Tablet,New York,1,118,12,UPI,1
3443.96,POS Payment,19.0,Desktop,San Francisco,2,106,14,Net Banking,1
179.9,Bill Payment,23.0,Desktop,San Francisco,4,86,1,Debit Card,1
3935.8,Bill Payment,22.0,Tablet,Houston,1,42,4,UPI,1
2234.54,Bank Transfer,9.0,Desktop,Los Angeles,1,74,2,UPI,1
2847.02,ATM Withdrawal,4.0,Desktop,Chicago,0,55,5,Net Banking,1
3488.33,Online Purchase,11.0,Desktop,Los Angeles,4,79,4,Debit Card,1
1764.27,Bank Transfer,19.0,Mobile,San Francisco,0,20,1,Credit Card,1
1541.83,Bank Transfer,20.0,Tablet,Houston,3,13,14,Net Banking,1
4324.83,ATM Withdrawal,17.0,Mobile,Chicago,3,85,13,Debit Card,1
2493.58,Bill Payment,17.0,Desktop,Miami,4,96,14,Debit Card,1
4385.51,Bank Transfer,16.0,Unknown Device,Boston,4,105,7,Credit Card,1
908.1,Online Purchase,15.0,Desktop,Houston,1,97,3,Credit Card,1
4815.84,POS Payment,13.0,Desktop,Miami,2,43,9,Credit Card,1
4060.58,Bank Transfer,13.0,Tablet,Los Angeles,0,96,3,Credit Card,1
1243.68,POS Payment,16.0,Mobile,San Francisco,1,75,1,Debit Card,1
1824.44,ATM Withdrawal,17.0,Tablet,Houston,3,79,7,Credit Card,1
481.15,Online Purchase,14.0,Desktop,Houston,4,87,12,Credit Card,1
3869.75,Online Purchase,4.0,Mobile,Houston,1,66,7,Debit Card,1
776.35,Bank Transfer,17.0,Mobile,Chicago,2,27,13,Net Banking,1
49997.8,ATM Withdrawal,12.0,Mobile,Boston,3,92,2,UPI,1
4259.96,POS Payment,14.0,Tablet,San Francisco,3,62,2,UPI,1
4950.55,Online Purchase,16.0,Tablet,Houston,3,42,2,Credit Card,1
2859.56,Online Purchase,0.0,Desktop,Chicago,1,85,3,Debit Card,1
3433.71,Bill Payment,23.0,Desktop,Miami,2,8,3,Credit Card,1
149.87,Bank Transfer,21.0,Tablet,Miami,0,115,5,UPI,1
1608.29,POS Payment,23.0,Desktop,Houston,3,94,1,UPI,1
3047.76,Online Purchase,5.0,Mobile,New York,1,74,3,Credit Card,1
2993.84,Bill Payment,13.0,Unknown Device,Los Angeles,0,3,1,Credit Card,1
4568.23,Bank Transfer,13.0,Mobile,Los Angeles,0,51,11,Net Banking,1
3817.36,ATM Withdrawal,20.0,Mobile,New York,4,82,2,Credit Card,1
1333.25,Bank Transfer,11.0,Desktop,San Francisco,0,68,2,Debit Card,1
173.19,Bill Payment,21.0,Tablet,Chicago,3,41,3,Net Banking,1
4091.7,POS Payment,22.0,Mobile,Los Angeles,2,59,13,UPI,1
3882.14,ATM Withdrawal,4.0,Unknown Device,Houston,2,109,2,Debit Card,1
3987.89,ATM Withdrawal,23.0,Desktop,Chicago,0,70,1,UPI,1
1827.02,Bank Transfer,21.0,Tablet,Seattle,2,76,7,Credit Card,1
4480.37,ATM Withdrawal,22.0,Mobile,New York,3,50,3,Invalid Method,1
1230.17,ATM Withdrawal,19.0,Desktop,Houston,2,70,1,Net Banking,1
1816.95,Online Purchase,2.0,Tablet,Chicago,2,106,6,Credit Card,1
4804.93,ATM Withdrawal,8.0,Desktop,Houston,2,76,3,UPI,1
558.24,Bill Payment,15.0,Desktop,New York,3,34,1,Debit Card,1
247.58,POS Payment,9.0,Mobile,New York,2,98,2,Credit Card,1
3137.48,Bank Transfer,14.0,Tablet,Boston,0,74,5,Net Banking,1
468.88,ATM Withdrawal,19.0,Desktop,Boston,0,104,2,Debit Card,1
1636.9,POS Payment,14.0,Mobile,Boston,0,45,7,Net Banking,1
2795.98,ATM Withdrawal,4.0,Tablet,Boston,2,37,5,Net Banking,1
49997.8,POS Payment,5.0,Tablet,Houston,3,15,5,Debit Card,1
2088.47,ATM Withdrawal,20.0,Desktop,Los Angeles,3,111,13,Net Banking,1
4196.16,Bank Transfer,8.0,Mobile,Houston,1,113,1,UPI,1
3521.03,Bank Transfer,5.0,Desktop,Boston,0,103,7,Credit Card,1
2787.42,Online Purchase,16.0,Desktop,Chicago,4,10,4,UPI,1
2635.86,POS Payment,23.0,Desktop,New York,3,40,5,Net Banking,1
1309.08,ATM Withdrawal,18.0,Tablet,New York,3,73,7,UPI,1
3633.47,Online Purchase,18.0,Tablet,Chicago,0,43,9,Credit Card,1
3859.89,Bill Payment,10.0,Desktop,Los Angeles,0,109,1,UPI,1
3026.06,Online Purchase,19.0,Desktop,Chicago,0,63,9,Debit Card,1
1547.29,Bill Payment,22.0,Desktop,Seattle,3,82,9,Net Banking,1
2109.88,Bank Transfer,1.0,Tablet,Boston,4,80,2,Net Banking,1
928.04,Online Purchase,11.0,Tablet,Los Angeles,2,61,5,Invalid Method,1
4264.1,ATM Withdrawal,17.0,Mobile,Chicago,4,56,4,Net Banking,1
827.96,POS Payment,16.0,Tablet,Los Angeles,2,60,13,UPI,1
1562.9,Bill Payment,9.0,Mobile,Los Angeles,2,119,7,Credit Card,1
3632.76,ATM Withdrawal,18.0,Tablet,San Francisco,0,113,14,UPI,1
1065.84,Bank Transfer,22.0,Tablet,Houston,2,79,7,Debit Card,1
4629.07,Bank Transfer,11.0,Desktop,Los Angeles,0,54,7,UPI,1
2555.32,ATM Withdrawal,6.0,Desktop,Boston,1,61,11,Credit Card,1
2229.86,Bank Transfer,9.0,Tablet,Houston,4,72,6,Debit Card,1
4677.98,Bill Payment,23.0,Mobile,Chicago,4,56,14,Debit Card,1
2152.28,ATM Withdrawal,16.0,Tablet,Houston,1,103,11,UPI,1
3458.53,Online Purchase,18.0,Desktop,New York,3,34,8,UPI,1
3899.21,POS Payment,18.0,Mobile,San Francisco,2,56,9,Net Banking,1
2501.82,POS Payment,7.0,Tablet,Houston,4,82,13,UPI,1
2900.08,POS Payment,18.0,Tablet,Los Angeles,2,74,14,UPI,1
4327.51,Online Purchase,22.0,Desktop,New York,3,80,8,Credit Card,1
3816.03,Bill Payment,10.0,Desktop,Los Angeles,1,102,9,UPI,1
4517.49,ATM Withdrawal,23.0,Tablet,New York,0,4,10,UPI,1
4998.95,POS Payment,11.0,Desktop,San Francisco,0,116,11,UPI,1
1280.49,ATM Withdrawal,19.0,Mobile,Boston,0,102,13,Credit Card,1
3021.48,Online Purchase,15.0,Tablet,Los Angeles,4,96,4,UPI,1
748.15,Bank Transfer,21.0,Mobile,Miami,0,39,10,UPI,1
4121.77,POS Payment,21.0,Desktop,Miami,4,48,8,Debit Card,1
1498.21,Online Purchase,5.0,Unknown Device,San Francisco,0,110,2,UPI,1
1304.83,ATM Withdrawal,20.0,Desktop,Boston,2,39,6,Debit Card,1
49997.8,Online Purchase,17.0,Desktop,Miami,3,83,2,UPI,1
1149.86,Bill Payment,23.0,Tablet,San Francisco,4,105,6,Net Banking,1
1588.87,Bill Payment,20.0,Unknown Device,Los Angeles,4,96,12,Net Banking,1
3584.14,Bank Transfer,4.0,Desktop,Houston,4,72,11,Credit Card,1
1348.48,POS Payment,13.0,Mobile,Boston,3,9,7,Net Banking,1
3591.31,POS Payment,7.0,Desktop,Chicago,0,42,5,UPI,1
2204.47,Bank Transfer,7.0,Tablet,Boston,2,116,3,Debit Card,1
2086.0,ATM Withdrawal,20.0,Desktop,Seattle,4,79,2,Credit Card,1
1072.7,Bill Payment,3.0,Tablet,Boston,3,117,12,Credit Card,1
1681.05,Bill Payment,21.0,Desktop,Chicago,1,114,4,UPI,1
4865.62,Online Purchase,15.0,Tablet,Chicago,1,118,14,UPI,1
2083.6,Online Purchase,21.0,Tablet,Miami,3,101,5,Net Banking,1
2341.6,ATM Withdrawal,5.0,Mobile,Boston,1,100,2,Credit Card,1
4198.28,Bill Payment,16.0,Mobile,San Francisco,1,66,3,Debit Card,1
4866.36,POS Payment,15.0,Mobile,San Francisco,4,67,9,Credit Card,1
629.38,Bank Transfer,17.0,Unknown Device,New York,1,79,10,Credit Card,1
3413.0,Bank Transfer,4.0,Tablet,Houston,4,75,2,Credit Card,1
1323.62,Bank Transfer,15.0,Mobile,Houston,2,109,10,Credit Card,1
3682.16,Bank Transfer,13.0,Mobile,New York,1,31,6,Debit Card,1
1342.36,Bank Transfer,14.0,Tablet,Los Angeles,2,85,14,UPI,1
49997.8,Bill Payment,20.0,Desktop,Seattle,2,110,5,Net Banking,1
2093.87,POS Payment,2.0,Unknown Device,Boston,2,64,4,Net Banking,1
1432.12,Bill Payment,22.0,Desktop,Los Angeles,2,118,13,UPI,1
3090.88,Bill Payment,19.0,Desktop,Boston,1,8,9,Credit Card,1
49997.8,POS Payment,6.0,Tablet,Houston,3,118,8,Credit Card,1
1352.27,POS Payment,18.0,Desktop,Boston,3,115,10,UPI,1
1319.95,Online Purchase,19.0,Tablet,Chicago,0,82,10,Credit Card,1
2498.4,ATM Withdrawal,8.0,Desktop,Chicago,4,36,4,Net Banking,1
1460.65,Bank Transfer,2.0,Unknown Device,Houston,1,110,3,Credit Card,1
4027.05,Online Purchase,14.0,Mobile,Chicago,1,79,1,Net Banking,1
4887.4,Online Purchase,21.0,Unknown Device,Miami,0,81,10,Credit Card,1
3874.08,POS Payment,17.0,Mobile,Chicago,4,54,14,Credit Card,1
4099.91,Online Purchase,22.0,Tablet,Miami,3,79,6,Credit Card,1
4558.17,POS Payment,1.0,Mobile,Boston,0,92,5,Debit Card,1
2695.1,Bill Payment,16.0,Mobile,Los Angeles,3,70,3,UPI,1
3719.85,ATM Withdrawal,18.0,Mobile,New York,1,80,13,UPI,1
4351.29,Bill Payment,20.0,Tablet,Houston,4,38,12,UPI,1
4172.43,Bank Transfer,16.0,Desktop,Boston,4,47,5,Credit Card,1
1177.21,POS Payment,22.0,Tablet,New York,4,18,8,Credit Card,1
1627.12,Bank Transfer,14.0,Desktop,Chicago,3,10,5,Debit Card,1
641.72,Bank Transfer,5.0,Tablet,Miami,1,77,2,Net Banking,1
610.12,ATM Withdrawal,3.0,Desktop,Chicago,4,39,2,Credit Card,1
487.62,Online Purchase,13.0,Desktop,Houston,3,86,14,Credit Card,1
3380.33,Bank Transfer,11.0,Mobile,New York,2,41,4,Credit Card,1
4070.83,Bill Payment,15.0,Mobile,Houston,1,62,12,Credit Card,1
451.79,Bill Payment,15.0,Mobile,New York,3,51,3,Debit Card,1
2839.06,Bill Payment,17.0,Mobile,Houston,4,79,4,Credit Card,1
4432.61,Online Purchase,2.0,Desktop,Boston,3,91,7,Net Banking,1
3804.84,Bill Payment,11.0,Mobile,Miami,3,51,1,UPI,1
611.3,ATM Withdrawal,15.0,Tablet,Chicago,0,63,8,Debit Card,1
82.11,Bill Payment,23.0,Tablet,Houston,3,81,6,Credit Card,1
2709.33,ATM Withdrawal,22.0,Mobile,Houston,4,102,7,Net Banking,1
901.29,Bank Transfer,16.0,Mobile,San Francisco,4,57,1,Net Banking,1
2808.68,POS Payment,23.0,Desktop,Los Angeles,3,61,14,Debit Card,1
49997.8,POS Payment,8.0,Desktop,Los Angeles,3,94,2,Credit Card,1
110.06,ATM Withdrawal,18.0,Tablet,Boston,1,17,10,UPI,1
4924.22,Bill Payment,21.0,Desktop,Miami,1,83,1,Net Banking,1
21.4,Bank Transfer,16.0,Mobile,Chicago,1,101,6,Net Banking,1
4171.21,Bank Transfer,11.0,Desktop,Houston,2,91,3,Debit Card,1
1068.99,ATM Withdrawal,12.0,Desktop,San Francisco,2,114,7,UPI,1
4917.56,Bill Payment,17.0,Tablet,New York,2,68,5,UPI,1
1324.76,Online Purchase,16.0,Tablet,Miami,2,63,5,UPI,1
4303.96,ATM Withdrawal,22.0,Tablet,Boston,1,49,1,Net Banking,1
855.51,Bank Transfer,14.0,Mobile,Boston,3,109,4,Credit Card,1
4302.24,Bank Transfer,0.0,Unknown Device,Boston,1,45,8,Credit Card,1
4459.15,Bill Payment,12.0,Tablet,New York,1,97,6,Debit Card,1
3154.64,Bank Transfer,7.0,Mobile,Boston,1,75,4,Debit Card,1
4212.06,POS Payment,21.0,Mobile,Los Angeles,0,64,3,Credit Card,1
2761.05,Bill Payment,20.0,Desktop,Chicago,2,69,3,UPI,1
2270.21,Bank Transfer,15.0,Tablet,Chicago,2,52,7,Debit Card,1
84.37,POS Payment,10.0,Tablet,Houston,0,56,5,UPI,1
623.0,ATM Withdrawal,20.0,Desktop,Houston,3,27,7,Debit Card,1
1845.8,POS Payment,17.0,Tablet,Houston,4,5,8,Debit Card,1
49997.8,Bank Transfer,3.0,Desktop,Chicago,0,62,6,Credit Card,1
4123.66,Bank Transfer,23.0,Tablet,San Francisco,3,90,8,Credit Card,1
4465.13,Online Purchase,16.0,Desktop,Chicago,1,11,2,UPI,1
4121.85,Bill Payment,17.0,Desktop,Miami,1,46,3,UPI,1
1840.97,Bank Transfer,7.0,Tablet,Miami,4,73,3,Debit Card,1
1087.42,ATM Withdrawal,2.0,Tablet,Boston,2,36,4,Net Banking,1
1215.1,Bill Payment,13.0,Tablet,Miami,0,101,8,Debit Card,1
384.53,Bank Transfer,14.0,Mobile,Chicago,4,40,12,Net Banking,1
3281.64,Online Purchase,20.0,Mobile,Los Angeles,1,94,6,Net Banking,1
1344.47,ATM Withdrawal,4.0,Desktop,Houston,2,40,3,Debit Card,1
3213.95,ATM Withdrawal,0.0,Desktop,Chicago,3,82,6,UPI,1
597.92,Bank Transfer,13.0,Tablet,Houston,1,23,11,Credit Card,1
1483.08,Bank Transfer,18.0,Mobile,Boston,3,116,5,UPI,1
4175.54,Online Purchase,8.0,Mobile,Chicago,3,5,1,Credit Card,1
3077.1,Online Purchase,16.0,Desktop,Boston,0,92,1,Credit Card,1
2106.52,ATM Withdrawal,18.0,Mobile,San Francisco,3,43,2,Net Banking,1
4727.09,Bank Transfer,15.0,Desktop,Boston,1,76,10,Credit Card,1
1089.11,Online Purchase,20.0,Tablet,Miami,1,18,9,Debit Card,1
2341.01,ATM Withdrawal,23.0,Desktop,Los Angeles,2,84,4,Debit Card,1
3194.48,ATM Withdrawal,10.0,Mobile,Chicago,3,77,1,UPI,1
3755.54,Bank Transfer,21.0,Tablet,Los Angeles,3,1,8,Net Banking,1
2133.26,POS Payment,6.0,Tablet,Chicago,1,65,10,Net Banking,1
3439.24,ATM Withdrawal,9.0,Mobile,Boston,1,58,8,Debit Card,1
607.33,Online Purchase,8.0,Desktop,Los Angeles,4,94,2,Credit Card,1
1610.41,Bank Transfer,7.0,Desktop,Miami,0,47,1,UPI,1
4895.49,POS Payment,2.0,Tablet,Miami,2,112,1,Net Banking,1
827.29,POS Payment,19.0,Tablet,New York,1,99,14,Credit Card,1
640.84,Bill Payment,7.0,Desktop,Houston,3,99,10,UPI,1
4015.23,ATM Withdrawal,19.0,Desktop,Houston,0,20,12,Debit Card,1
1748.42,Bank Transfer,1.0,Mobile,Chicago,0,76,10,UPI,1
4971.75,ATM Withdrawal,3.0,Mobile,Boston,4,32,11,Debit Card,1
1482.63,ATM Withdrawal,16.0,Desktop,Miami,4,109,10,Credit Card,1
2006.86,ATM Withdrawal,23.0,Mobile,Chicago,1,59,9,Net Banking,1
4400.38,Bank Transfer,3.0,Desktop,Houston,3,90,6,UPI,1
871.73,Bank Transfer,16.0,Tablet,Chicago,1,30,11,Credit Card,1
2811.55,Bill Payment,10.0,Tablet,Boston,3,50,7,Credit Card,1
4607.74,POS Payment,15.0,Mobile,New York,0,115,8,Net Banking,1
4374.39,ATM Withdrawal,17.0,Desktop,New York,1,107,1,Net Banking,1
248.01,POS Payment,19.0,Desktop,San Francisco,2,72,7,UPI,1
1515.39,POS Payment,11.0,Desktop,Boston,3,102,6,UPI,1
3945.23,Bill Payment,7.0,Desktop,Los Angeles,4,80,2,Net Banking,1
3612.28,Online Purchase,18.0,Desktop,Chicago,1,115,12,UPI,1
1406.14,Bill Payment,17.0,Desktop,Houston,3,8,4,UPI,1
1240.63,Bill Payment,16.0,Tablet,Miami,3,45,7,Net Banking,1
2407.36,POS Payment,7.0,Tablet,Miami,1,119,11,Credit Card,1
642.85,ATM Withdrawal,21.0,Mobile,New York,4,95,14,UPI,1
1777.34,POS Payment,2.0,Mobile,Boston,1,110,6,Net Banking,1
1062.55,POS Payment,15.0,Desktop,Chicago,2,45,3,Net Banking,1
4596.82,Bill Payment,14.0,Desktop,New York,3,1,2,Credit Card,1
4088.02,POS Payment,23.0,Tablet,Houston,4,57,6,Credit Card,1
1330.86,Bill Payment,16.0,Tablet,Houston,1,79,8,Debit Card,1
4134.77,Online Purchase,14.0,Tablet,Chicago,2,29,11,Net Banking,1
3595.1,POS Payment,8.0,Mobile,Chicago,2,115,11,UPI,1
1333.72,Bank Transfer,8.0,Tablet,Los Angeles,3,112,7,UPI,1
4852.47,POS Payment,0.0,Desktop,Houston,1,71,4,Debit Card,1
4439.21,ATM Withdrawal,10.0,Desktop,Boston,2,82,6,Invalid Method,1
3867.14,Bank Transfer,13.0,Tablet,New York,1,118,1,Credit Card,1
4077.9,Bank Transfer,0.0,Desktop,Boston,3,78,5,UPI,1
2347.24,Online Purchase,17.0,Mobile,Chicago,4,93,5,Credit Card,1
4661.17,Bill Payment,17.0,Mobile,Seattle,2,83,6,Credit Card,1
3464.47,ATM Withdrawal,15.0,Tablet,New York,1,60,6,Credit Card,1
1055.15,Online Purchase,21.0,Tablet,San Francisco,2,20,1,Debit Card,1
4853.72,Bill Payment,4.0,Tablet,Chicago,4,31,1,Debit Card,1
780.56,Online Purchase,19.0,Desktop,Miami,4,105,8,UPI,1
534.18,Online Purchase,23.0,Unknown Device,Houston,2,71,5,Net Banking,1
2469.15,Bank Transfer,2.0,Desktop,Los Angeles,2,93,8,Net Banking,1
2577.83,POS Payment,7.0,Tablet,Boston,0,19,2,Credit Card,1
3391.66,Bill Payment,12.0,Mobile,Boston,2,20,3,Net Banking,1
4147.56,Bill Payment,10.0,Tablet,Los Angeles,2,100,10,UPI,1
216.58,ATM Withdrawal,17.0,Desktop,Houston,1,5,1,Net Banking,1
152.56,Online Purchase,16.0,Tablet,Miami,0,47,8,Debit Card,1
4566.29,Bank Transfer,19.0,Tablet,New York,1,70,3,Net Banking,1
2087.75,POS Payment,22.0,Mobile,Houston,1,10,8,Invalid Method,1
1197.64,Bank Transfer,19.0,Tablet,Los Angeles,2,78,9,Net Banking,1
2924.13,POS Payment,8.0,Tablet,Houston,3,13,6,Debit Card,1
3203.42,Online Purchase,19.0,Desktop,Houston,1,44,4,UPI,1
4032.47,ATM Withdrawal,6.0,Desktop,San Francisco,1,119,5,Debit Card,1
322.86,POS Payment,23.0,Mobile,Los Angeles,3,80,3,UPI,1
4303.84,Bank Transfer,16.0,Mobile,Boston,1,30,2,Net Banking,1
1610.01,ATM Withdrawal,19.0,Tablet,San Francisco,0,54,4,Credit Card,1
4090.12,ATM Withdrawal,23.0,Tablet,Boston,3,119,3,Debit Card,1
3006.3,Bill Payment,20.0,Mobile,San Francisco,0,12,4,Credit Card,1
965.22,ATM Withdrawal,21.0,Tablet,Chicago,0,60,3,Debit Card,1
4432.38,Online Purchase,22.0,Mobile,Boston,1,73,7,Net Banking,1
3404.78,Online Purchase,18.0,Mobile,Houston,2,94,11,Net Banking,1
2677.38,POS Payment,7.0,Desktop,San Francisco,0,110,5,Credit Card,1
1067.68,Bill Payment,23.0,Mobile,Los Angeles,2,118,2,Debit Card,1
2266.09,POS Payment,22.0,Desktop,Los Angeles,3,77,8,Invalid Method,1
2600.51,ATM Withdrawal,8.0,Desktop,Chicago,0,94,5,Debit Card,1
3144.19,POS Payment,19.0,Mobile,Los Angeles,3,76,1,Credit Card,1
1761.25,Online Purchase,1.0,Desktop,Chicago,2,72,8,UPI,1
1977.52,ATM Withdrawal,9.0,Desktop,San Francisco,2,110,6,Debit Card,1
887.29,Bill Payment,16.0,Desktop,Houston,1,57,10,Debit Card,1
2579.42,Online Purchase,2.0,Mobile,Boston,0,82,8,Credit Card,1
3615.4,Bank Transfer,14.0,Desktop,New York,2,106,4,Net Banking,1
2352.62,POS Payment,19.0,Tablet,Houston,1,45,6,UPI,1
4434.0,Online Purchase,15.0,Desktop,Houston,2,47,11,Debit Card,1
3136.86,ATM Withdrawal,9.0,Mobile,Chicago,4,115,7,Credit Card,1
1896.66,ATM Withdrawal,15.0,Desktop,Los Angeles,3,41,12,Debit Card,1
256.94,POS Payment,5.0,Desktop,Boston,4,41,10,UPI,1
3225.58,POS Payment,15.0,Mobile,Miami,1,108,1,UPI,1
3630.89,ATM Withdrawal,14.0,Mobile,Miami,1,40,4,Net Banking,1
2512.19,POS Payment,16.0,Mobile,Chicago,1,47,10,UPI,1
4035.51,ATM Withdrawal,10.0,Tablet,Miami,0,110,12,Debit Card,1
2487.85,POS Payment,17.0,Tablet,Houston,3,17,13,UPI,1
105.09,ATM Withdrawal,21.0,Mobile,Boston,1,88,12,Net Banking,1
49997.8,Bill Payment,3.0,Tablet,Miami,1,109,11,UPI,1
3941.25,Online Purchase,19.0,Mobile,Miami,4,109,8,Debit Card,1
1274.81,Bill Payment,16.0,Mobile,Houston,4,50,14,Credit Card,1
834.5,Online Purchase,17.0,Desktop,Houston,2,76,2,Debit Card,1
49997.8,Bank Transfer,14.0,Tablet,Miami,1,118,1,Debit Card,1
4303.9,Online Purchase,17.0,Mobile,Los Angeles,0,41,9,Credit Card,1
441.9,Online Purchase,7.0,Tablet,New York,4,119,1,Credit Card,1
2997.08,Bank Transfer,17.0,Tablet,Houston,1,112,13,Credit Card,1
402.45,Online Purchase,12.0,Desktop,Boston,2,2,7,Invalid Method,1
4069.97,Bank Transfer,15.0,Tablet,Los Angeles,2,119,10,Debit Card,1
4119.11,ATM Withdrawal,19.0,Tablet,Boston,2,54,6,Debit Card,1
4017.08,ATM Withdrawal,12.0,Mobile,Los Angeles,0,23,9,Debit Card,1
994.01,ATM Withdrawal,16.0,Mobile,Chicago,3,32,8,Net Banking,1
4744.26,ATM Withdrawal,20.0,Desktop,San Francisco,3,59,2,Debit Card,1
4251.08,Bill Payment,7.0,Tablet,Chicago,0,32,5,Credit Card,1
3225.97,ATM Withdrawal,6.0,Tablet,Boston,0,7,9,Credit Card,1
184.22,Online Purchase,11.0,Unknown Device,Houston,4,60,6,Credit Card,1
3754.95,ATM Withdrawal,19.0,Desktop,Chicago,0,38,10,Debit Card,1
2301.54,Online Purchase,19.0,Mobile,Miami,0,77,3,UPI,1
4309.58,Online Purchase,22.0,Desktop,Seattle,0,27,3,Debit Card,1
3713.45,Bill Payment,5.0,Tablet,Boston,4,33,7,Credit Card,1
4328.43,ATM Withdrawal,23.0,Tablet,Boston,0,42,12,Invalid Method,1
1984.97,Bill Payment,22.0,Mobile,Houston,0,44,7,UPI,1
1660.15,Bill Payment,17.0,Mobile,Seattle,3,67,1,Credit Card,1
892.58,Bank Transfer,21.0,Desktop,Houston,3,74,14,UPI,1
1623.58,Bank Transfer,22.0,Tablet,Los Angeles,0,53,11,Credit Card,1
4698.95,ATM Withdrawal,18.0,Mobile,Chicago,4,90,12,Net Banking,1
3384.13,Bill Payment,20.0,Mobile,Miami,4,29,7,Debit Card,1
2658.24,Bank Transfer,11.0,Desktop,New York,0,112,4,UPI,1
1606.91,POS Payment,23.0,Tablet,Chicago,2,10,7,Debit Card,1
4104.71,ATM Withdrawal,15.0,Mobile,Houston,1,60,6,Debit Card,1
567.03,ATM Withdrawal,6.0,Desktop,Boston,0,53,13,Net Banking,1
3228.68,Bank Transfer,11.0,Mobile,Houston,1,81,6,UPI,1
3546.69,Online Purchase,0.0,Desktop,Chicago,1,81,9,Net Banking,1
3467.97,Online Purchase,16.0,Desktop,Houston,0,29,11,Debit Card,1
1797.84,Online Purchase,2.0,Tablet,Los Angeles,1,111,5,Net Banking,1
2516.93,Bill Payment,18.0,Mobile,Houston,1,62,14,Credit Card,1
3844.08,Bank Transfer,0.0,Tablet,Houston,4,64,6,UPI,1
2283.71,Bill Payment,16.0,Desktop,Chicago,3,41,5,Credit Card,1
1730.1,Online Purchase,8.0,Desktop,Chicago,2,41,14,UPI,1
3723.49,POS Payment,11.0,Tablet,Chicago,3,36,1,UPI,1
2056.54,POS Payment,14.0,Desktop,Boston,2,82,14,UPI,1
3985.25,POS Payment,11.0,Tablet,Houston,2,96,2,Net Banking,1
1100.77,Online Purchase,22.0,Unknown Device,Miami,3,90,8,Net Banking,1
2854.31,Bill Payment,13.0,Tablet,Chicago,0,65,4,UPI,1
3184.39,Bank Transfer,1.0,Tablet,Boston,1,21,6,Net Banking,1
1672.94,ATM Withdrawal,21.0,Desktop,Los Angeles,2,111,7,Credit Card,1
667.6,Online Purchase,20.0,Desktop,Seattle,2,119,11,UPI,1
1759.19,Bank Transfer,0.0,Unknown Device,Boston,4,74,1,Debit Card,1
2294.84,Online Purchase,16.0,Tablet,Houston,4,50,7,Credit Card,1
1472.09,Bill Payment,14.0,Desktop,Chicago,0,99,14,Credit Card,1
4812.9,Bill Payment,10.0,Mobile,San Francisco,3,67,1,Credit Card,1
1543.67,Bill Payment,10.0,Desktop,Boston,4,15,14,UPI,1
3598.48,Bank Transfer,20.0,Tablet,San Francisco,0,57,12,UPI,1
149.6,Online Purchase,2.0,Mobile,Los Angeles,2,89,3,Net Banking,1
4980.66,POS Payment,5.0,Desktop,Boston,2,101,11,UPI,1
3852.97,ATM Withdrawal,18.0,Tablet,Chicago,2,30,10,UPI,1
4474.46,Bill Payment,10.0,Desktop,Miami,1,62,8,Credit Card,1
511.09,Bank Transfer,7.0,Mobile,Houston,3,116,14,Net Banking,1
3697.3,ATM Withdrawal,3.0,Mobile,Los Angeles,2,43,4,Net Banking,1
4956.36,Online Purchase,6.0,Tablet,Boston,2,52,6,Credit Card,1
841.51,POS Payment,8.0,Desktop,Boston,0,41,14,UPI,1
4086.42,ATM Withdrawal,3.0,Tablet,Houston,2,88,8,Credit Card,1
3532.3,Bill Payment,10.0,Desktop,Miami,1,65,9,UPI,1
1586.75,ATM Withdrawal,12.0,Tablet,San Francisco,2,96,2,Credit Card,1
4354.61,Online Purchase,23.0,Tablet,New York,0,21,2,Debit Card,1
863.33,Online Purchase,5.0,Desktop,Miami,2,70,1,Net Banking,1
4861.81,Online Purchase,16.0,Tablet,Houston,3,104,13,Debit Card,1
3487.1,Bank Transfer,18.0,Desktop,Boston,1,74,8,Net Banking,1
2787.0,Bill Payment,23.0,Desktop,Chicago,2,84,4,UPI,1
3246.87,ATM Withdrawal,15.0,Mobile,Houston,2,37,5,Credit Card,1
834.14,Online Purchase,13.0,Mobile,Miami,3,115,3,Credit Card,1
1663.4,POS Payment,19.0,Desktop,New York,3,25,1,Debit Card,1
4651.76,Bill Payment,5.0,Mobile,Chicago,1,9,4,UPI,1
3827.25,Bill Payment,13.0,Tablet,Chicago,1,119,10,Debit Card,1
3885.87,POS Payment,3.0,Desktop,Chicago,3,87,9,Debit Card,1
711.08,Bank Transfer,11.0,Tablet,Miami,0,48,3,Debit Card,1
4077.67,Bank Transfer,10.0,Desktop,New York,2,111,11,Debit Card,1
4019.11,Bank Transfer,16.0,Tablet,Seattle,3,99,10,Debit Card,1
3485.4,ATM Withdrawal,6.0,Mobile,Boston,1,65,14,Debit Card,1
4885.36,Bank Transfer,7.0,Tablet,New York,4,115,2,Debit Card,1
3835.46,Bill Payment,23.0,Tablet,San Francisco,2,88,9,Debit Card,1
4166.97,Bank Transfer,13.0,Desktop,Chicago,2,11,10,Net Banking,1
4782.83,POS Payment,6.0,Mobile,Los Angeles,0,64,10,Debit Card,1
4345.24,POS Payment,18.0,Tablet,Houston,4,98,11,Credit Card,1
3738.97,POS Payment,8.0,Desktop,Boston,3,21,7,Credit Card,1
3522.18,Bank Transfer,18.0,Desktop,Chicago,2,31,14,Debit Card,1
2051.64,ATM Withdrawal,12.0,Mobile,Boston,0,20,5,UPI,1
2568.11,ATM Withdrawal,10.0,Desktop,Los Angeles,2,92,8,Net Banking,1
225.02,ATM Withdrawal,11.0,Tablet,Chicago,4,71,6,Net Banking,1
3089.32,ATM Withdrawal,13.0,Mobile,Los Angeles,3,24,6,Credit Card,1
3175.55,Bill Payment,19.0,Tablet,Seattle,3,81,5,Credit Card,1
3691.34,Bill Payment,23.0,Tablet,Houston,0,88,9,UPI,1
1248.97,Online Purchase,10.0,Tablet,Boston,4,117,11,Debit Card,1
905.84,Online Purchase,21.0,Desktop,New York,2,28,7,Net Banking,1
1108.75,Bill Payment,23.0,Desktop,New York,0,34,4,UPI,1
3381.83,ATM Withdrawal,12.0,Desktop,Boston,3,92,9,Net Banking,1
49997.8,Bill Payment,8.0,Mobile,Miami,1,53,11,Net Banking,1
171.8,ATM Withdrawal,14.0,Mobile,Chicago,3,53,1,Net Banking,1
3324.72,Online Purchase,22.0,Unknown Device,Los Angeles,4,94,5,Net Banking,1
1789.06,POS Payment,20.0,Desktop,San Francisco,3,103,9,UPI,1
2848.61,Bank Transfer,13.0,Tablet,Los Angeles,0,57,3,Net Banking,1
3476.32,ATM Withdrawal,11.0,Mobile,Chicago,1,59,10,Credit Card,1
3580.35,Bank Transfer,20.0,Mobile,Boston,1,36,14,Debit Card,1
2012.91,ATM Withdrawal,15.0,Mobile,Boston,0,90,13,Credit Card,1
990.75,Bank Transfer,15.0,Tablet,Houston,1,112,3,Credit Card,1
4687.89,Online Purchase,18.0,Desktop,Chicago,0,63,8,Net Banking,1
3338.21,ATM Withdrawal,15.0,Desktop,Los Angeles,0,112,2,UPI,1
1199.68,Bank Transfer,15.0,Mobile,Boston,2,39,3,Net Banking,1
3149.46,Bill Payment,19.0,Tablet,Miami,2,20,7,UPI,1
1518.94,Online Purchase,20.0,Desktop,Houston,3,43,12,Net Banking,1
4361.32,Bank Transfer,16.0,Mobile,Los Angeles,0,56,13,Credit Card,1
1236.09,Bank Transfer,21.0,Tablet,Seattle,3,73,2,Credit Card,1
3839.25,Bank Transfer,21.0,Tablet,Miami,1,62,2,Credit Card,1
2618.15,Bill Payment,9.0,Mobile,Houston,1,118,7,Debit Card,1
3281.34,POS Payment,14.0,Desktop,Seattle,0,110,2,UPI,1
49997.8,ATM Withdrawal,21.0,Desktop,Miami,2,37,3,Credit Card,1
158.47,Bill Payment,17.0,Mobile,New York,1,97,3,Invalid Method,1
2506.24,POS Payment,23.0,Desktop,Boston,3,117,11,Debit Card,1
1917.91,POS Payment,22.0,Tablet,Houston,4,38,7,Credit Card,1
2468.07,Online Purchase,17.0,Tablet,Chicago,0,117,2,Net Banking,1
3331.82,POS Payment,18.0,Desktop,Houston,3,10,4,Credit Card,1
2600.29,Bank Transfer,18.0,Mobile,Los Angeles,2,1,1,Debit Card,1
4749.47,ATM Withdrawal,8.0,Mobile,Houston,2,35,3,Invalid Method,1
923.1,Bill Payment,12.0,Mobile,Miami,0,76,10,Net Banking,1
1913.29,Bill Payment,9.0,Tablet,Houston,1,62,8,Net Banking,1
1941.85,Bank Transfer,15.0,Desktop,New York,2,95,5,Invalid Method,1
4484.33,Bill Payment,14.0,Mobile,Boston,3,30,2,Net Banking,1
3413.0,Bank Transfer,11.0,Desktop,Houston,4,69,10,Debit Card,1
3009.46,Bill Payment,18.0,Mobile,Miami,3,45,13,UPI,1
3123.42,Online Purchase,9.0,Desktop,Boston,4,97,13,Debit Card,1
3854.31,Bill Payment,21.0,Unknown Device,Los Angeles,4,77,4,Net Banking,1
49997.8,Online Purchase,7.0,Desktop,New York,0,52,5,Credit Card,1
2285.64,POS Payment,19.0,Mobile,New York,1,22,6,Net Banking,1
3295.47,Bill Payment,18.0,Desktop,Seattle,2,102,4,Credit Card,1
3515.26,POS Payment,3.0,Tablet,Boston,0,110,1,Debit Card,1
133.78,Bank Transfer,15.0,Desktop,Miami,4,100,1,Debit Card,1
2538.08,Bill Payment,18.0,Mobile,Los Angeles,4,74,7,UPI,1
4130.66,Online Purchase,7.0,Desktop,New York,0,88,2,UPI,1
4748.57,Bank Transfer,7.0,Mobile,New York,3,79,2,Net Banking,1
2606.78,POS Payment,3.0,Desktop,Miami,2,59,2,Debit Card,1
3911.37,POS Payment,7.0,Unknown Device,Los Angeles,2,88,7,UPI,1
1674.36,Online Purchase,5.0,Mobile,Boston,0,25,2,UPI,1
4771.13,ATM Withdrawal,12.0,Desktop,Miami,3,23,8,Net Banking,1
4333.54,ATM Withdrawal,17.0,Desktop,Los Angeles,0,8,5,Credit Card,1
2533.2,ATM Withdrawal,14.0,Tablet,Chicago,2,32,7,Credit Card,1
608.01,POS Payment,17.0,Tablet,Houston,1,7,11,UPI,1
365.75,ATM Withdrawal,23.0,Desktop,Los Angeles,4,60,9,Net Banking,1
3776.06,Bank Transfer,22.0,Tablet,Miami,0,101,3,Credit Card,1
245.47,Bill Payment,22.0,Mobile,Boston,2,33,12,Net Banking,1
3586.13,ATM Withdrawal,21.0,Mobile,Houston,1,65,7,UPI,1
48.85,Bank Transfer,11.0,Mobile,Houston,2,84,10,UPI,1
1961.51,POS Payment,12.0,Desktop,Los Angeles,0,109,12,Debit Card,1
512.29,POS Payment,16.0,Desktop,New York,3,106,11,Net Banking,1
4250.98,ATM Withdrawal,10.0,Mobile,Boston,2,99,14,UPI,1
414.93,Online Purchase,9.0,Desktop,Houston,0,10,3,Debit Card,1
3631.98,Online Purchase,19.0,Desktop,Seattle,4,87,4,Net Banking,1
525.48,Online Purchase,23.0,Mobile,New York,1,34,12,Net Banking,1
465.11,Bank Transfer,19.0,Desktop,Miami,2,75,8,Net Banking,1
3763.99,Online Purchase,23.0,Mobile,New York,0,68,1,UPI,1
3271.12,ATM Withdrawal,18.0,Desktop,Houston,0,68,1,Debit Card,1
1111.56,Bill Payment,14.0,Desktop,Miami,0,61,6,UPI,1
1804.0,Online Purchase,3.0,Tablet,Boston,0,12,8,Credit Card,1
1654.44,ATM Withdrawal,17.0,Desktop,Seattle,3,101,1,UPI,1
4692.49,POS Payment,7.0,Tablet,Houston,4,34,10,Net Banking,1
4532.79,POS Payment,16.0,Desktop,Boston,0,45,12,Debit Card,1
4631.97,ATM Withdrawal,17.0,Mobile,Houston,3,11,2,UPI,1
3071.87,POS Payment,18.0,Mobile,Boston,1,45,10,Credit Card,1
1251.37,Bank Transfer,16.0,Tablet,Houston,4,14,8,Invalid Method,1
2723.64,Bank Transfer,20.0,Mobile,Houston,3,52,3,Debit Card,1
4010.69,Online Purchase,7.0,Desktop,Boston,0,9,12,UPI,1
3459.38,Bank Transfer,3.0,Tablet,Chicago,3,39,6,Credit Card,1
843.06,ATM Withdrawal,4.0,Tablet,Chicago,2,83,11,Debit Card,1
49997.8,Bank Transfer,23.0,Mobile,Houston,2,5,14,Debit Card,1
2513.18,POS Payment,5.0,Tablet,Boston,3,103,14,UPI,1
931.39,Online Purchase,18.0,Tablet,Los Angeles,2,16,6,UPI,1
2693.96,Bank Transfer,17.0,Desktop,Seattle,1,51,1,Credit Card,1
1365.38,POS Payment,21.0,Tablet,Miami,0,67,2,Debit Card,1
3650.47,Bank Transfer,17.0,Desktop,San Francisco,4,113,11,UPI,1
562.24,Bank Transfer,23.0,Mobile,Miami,3,82,3,Net Banking,1
146.2,Bank Transfer,2.0,Tablet,Chicago,4,97,9,Debit Card,1
1202.54,Bill Payment,12.0,Tablet,New York,3,117,5,Net Banking,1
4679.99,Bank Transfer,14.0,Tablet,San Francisco,0,83,5,Net Banking,1
376.46,Bill Payment,15.0,Tablet,New York,2,80,10,Debit Card,1
1554.71,POS Payment,21.0,Mobile,Houston,3,89,7,Credit Card,1
494.45,Bill Payment,22.0,Desktop,Seattle,4,111,8,UPI,1
3516.78,POS Payment,19.0,Desktop,Miami,3,106,12,Net Banking,1
395.9,Bill Payment,8.0,Mobile,Boston,3,57,14,UPI,1
2817.89,Bank Transfer,8.0,Mobile,Los Angeles,1,90,4,Net Banking,1
4640.44,POS Payment,10.0,Mobile,Houston,0,75,7,Credit Card,1
3236.47,Online Purchase,13.0,Desktop,Chicago,1,77,1,Net Banking,1
4449.65,ATM Withdrawal,16.0,Mobile,San Francisco,0,26,6,Invalid Method,1
3647.86,Online Purchase,20.0,Desktop,Chicago,3,35,7,UPI,1
3881.78,Bill Payment,18.0,Desktop,Houston,2,109,11,Debit Card,1
2349.04,Bill Payment,14.0,Unknown Device,Chicago,0,42,7,Invalid Method,1
3815.71,Bill Payment,20.0,Mobile,Houston,0,52,5,Credit Card,1
968.81,POS Payment,22.0,Mobile,New York,0,33,12,Net Banking,1
4305.09,ATM Withdrawal,23.0,Desktop,Miami,4,35,13,Net Banking,1
1995.41,Online Purchase,11.0,Mobile,New York,3,100,5,Debit Card,1
1873.4,Bank Transfer,17.0,Desktop,Chicago,3,45,11,UPI,1
739.71,POS Payment,14.0,Desktop,Houston,4,110,9,Invalid Method,1
1309.98,POS Payment,20.0,Mobile,San Francisco,2,115,5,UPI,1
179.19,POS Payment,18.0,Tablet,Boston,4,22,2,Credit Card,1
2221.86,ATM Withdrawal,19.0,Tablet,Miami,0,99,8,Net Banking,1
1863.89,Online Purchase,23.0,Mobile,San Francisco,2,23,8,Credit Card,1
4929.64,Bank Transfer,13.0,Mobile,Houston,3,28,11,Credit Card,1
3590.41,Online Purchase,15.0,Tablet,Houston,0,44,13,Credit Card,1
4093.43,Bank Transfer,5.0,Mobile,Chicago,3,67,5,Net Banking,1
2819.66,Bank Transfer,23.0,Mobile,San Francisco,0,16,7,UPI,1
3090.46,Bank Transfer,20.0,Tablet,Houston,3,104,11,Debit Card,1
3011.12,Online Purchase,10.0,Tablet,Chicago,1,111,14,Net Banking,1
1408.51,ATM Withdrawal,22.0,Mobile,Miami,1,73,7,Credit Card,1
3398.13,Bank Transfer,10.0,Tablet,Seattle,4,118,2,Invalid Method,1
1359.7,Bill Payment,11.0,Mobile,Boston,3,73,10,Debit Card,1
1780.26,Bank Transfer,19.0,Desktop,Miami,1,43,11,Net Banking,1
939.76,ATM Withdrawal,20.0,Desktop,New York,4,60,9,Credit Card,1
2040.31,ATM Withdrawal,14.0,Unknown Device,Boston,0,42,7,UPI,1
4116.96,ATM Withdrawal,4.0,Tablet,Boston,2,74,7,Debit Card,1
518.26,Bill Payment,9.0,Tablet,New York,3,116,4,Debit Card,1
2392.38,Bill Payment,21.0,Mobile,Seattle,4,114,7,Net Banking,1
3844.64,Bill Payment,19.0,Mobile,San Francisco,4,98,9,UPI,1
305.99,POS Payment,4.0,Tablet,Houston,4,75,1,Net Banking,1
193.44,POS Payment,16.0,Tablet,Boston,4,83,13,UPI,1
2848.05,ATM Withdrawal,21.0,Tablet,New York,4,81,5,UPI,1
41.47,Bank Transfer,19.0,Desktop,Houston,4,56,14,Credit Card,1
2089.46,POS Payment,3.0,Desktop,Houston,0,47,2,UPI,1
1744.6,ATM Withdrawal,21.0,Tablet,Boston,1,116,7,Net Banking,1
1224.05,Online Purchase,13.0,Desktop,Boston,4,35,12,Net Banking,1
2482.53,Bill Payment,7.0,Mobile,Chicago,0,96,10,Debit Card,1
4378.02,POS Payment,6.0,Desktop,Miami,4,99,2,Debit Card,1
3550.9,Bill Payment,14.0,Mobile,Chicago,4,9,5,Debit Card,1
2676.32,Online Purchase,18.0,Tablet,Los Angeles,4,75,13,Credit Card,1
2717.46,POS Payment,14.0,Mobile,Chicago,4,18,5,Net Banking,1
622.47,Bill Payment,5.0,Mobile,Boston,3,62,14,Net Banking,1
3312.06,Bank Transfer,8.0,Tablet,Los Angeles,1,94,11,UPI,1
2059.37,Bill Payment,13.0,Tablet,Boston,3,63,9,Debit Card,1
2916.2,Bill Payment,6.0,Desktop,Miami,3,42,2,Debit Card,1
4038.51,Bill Payment,7.0,Desktop,Houston,1,39,4,Credit Card,1
3125.17,Bill Payment,17.0,Tablet,Miami,3,63,12,Debit Card,1
317.81,Bank Transfer,20.0,Mobile,Houston,3,92,7,Debit Card,1
4083.36,ATM Withdrawal,20.0,Desktop,Houston,3,42,1,Debit Card,1
4026.86,Online Purchase,13.0,Tablet,Houston,3,49,5,Debit Card,1
2142.77,POS Payment,14.0,Mobile,Boston,2,50,13,Net Banking,1
2493.32,POS Payment,2.0,Tablet,Chicago,2,103,3,Debit Card,1
3039.04,Bank Transfer,21.0,Desktop,Los Angeles,4,105,9,Debit Card,1
1697.24,Bill Payment,7.0,Tablet,Miami,0,92,4,UPI,1
1064.81,POS Payment,20.0,Desktop,San Francisco,0,99,8,UPI,1
1232.81,Online Purchase,16.0,Desktop,New York,1,69,1,UPI,1
4509.93,POS Payment,15.0,Desktop,Los Angeles,4,71,12,UPI,1
4538.63,POS Payment,16.0,Mobile,San Francisco,4,109,7,Net Banking,1
4704.59,Bank Transfer,1.0,Desktop,Boston,1,31,10,Credit Card,1
3294.1,ATM Withdrawal,16.0,Mobile,New York,4,113,9,Invalid Method,1
445.27,Bank Transfer,20.0,Tablet,Los Angeles,2,79,7,Net Banking,1
1053.49,Online Purchase,20.0,Tablet,New York,1,65,2,Debit Card,1
3852.27,ATM Withdrawal,7.0,Mobile,Los Angeles,1,76,12,Net Banking,1
2858.27,POS Payment,4.0,Tablet,Houston,4,54,5,Credit Card,1
2213.51,ATM Withdrawal,14.0,Tablet,Houston,4,4,3,UPI,1
4943.87,POS Payment,14.0,Desktop,Chicago,3,73,11,Debit Card,1
2850.53,Online Purchase,17.0,Desktop,Seattle,1,49,2,UPI,1
2834.61,ATM Withdrawal,10.0,Tablet,Boston,3,73,2,Net Banking,1
4831.13,Bank Transfer,1.0,Mobile,Los Angeles,0,35,4,Credit Card,1
1547.1,ATM Withdrawal,4.0,Mobile,Boston,4,102,13,Credit Card,1
2522.29,Bank Transfer,14.0,Tablet,Houston,2,48,2,Credit Card,1
1795.7,Bank Transfer,9.0,Desktop,Boston,2,6,12,UPI,1
4986.08,Bill Payment,5.0,Mobile,Los Angeles,2,51,3,Net Banking,1
4906.68,POS Payment,0.0,Desktop,Houston,0,118,4,Credit Card,1
168.57,Online Purchase,9.0,Tablet,Boston,4,54,1,Net Banking,1
1829.9,Bill Payment,20.0,Mobile,Chicago,4,105,11,Invalid Method,1
1051.42,Bank Transfer,8.0,Unknown Device,Los Angeles,2,110,1,Net Banking,1
1243.68,Bill Payment,5.0,Mobile,Chicago,3,85,5,Debit Card,1
4679.18,Bank Transfer,16.0,Desktop,Boston,0,36,5,Credit Card,1
1951.32,Online Purchase,20.0,Desktop,New York,2,29,10,Net Banking,1
2469.44,Bill Payment,18.0,Desktop,Miami,0,99,14,Debit Card,1
3724.69,ATM Withdrawal,13.0,Desktop,Miami,2,66,13,Credit Card,1
1051.96,Online Purchase,9.0,Desktop,Chicago,3,9,9,Net Banking,1
2365.37,Bill Payment,11.0,Tablet,Boston,3,98,6,Invalid Method,1
4527.46,POS Payment,5.0,Mobile,Miami,1,113,2,UPI,1
3040.44,Online Purchase,12.0,Mobile,Chicago,1,48,7,Debit Card,1
3584.14,ATM Withdrawal,22.0,Tablet,Miami,1,59,8,UPI,1
4789.32,ATM Withdrawal,22.0,Mobile,Los Angeles,3,28,3,UPI,1
4128.93,Online Purchase,0.0,Mobile,Boston,0,91,11,Debit Card,1
1389.83,Bill Payment,4.0,Desktop,Los Angeles,1,89,1,Net Banking,1
1214.88,Online Purchase,3.0,Mobile,Chicago,3,50,8,Net Banking,1
134.29,ATM Withdrawal,7.0,Desktop,Boston,1,10,4,Net Banking,1
390.72,POS Payment,12.0,Desktop,Boston,0,71,9,UPI,1
2398.58,Online Purchase,6.0,Mobile,Boston,3,59,6,UPI,1
270.59,Bank Transfer,13.0,Tablet,Seattle,0,95,3,Debit Card,1
1730.16,ATM Withdrawal,14.0,Desktop,San Francisco,4,85,6,Credit Card,1
3584.99,Online Purchase,7.0,Desktop,Houston,2,50,6,Debit Card,1
2322.88,Online Purchase,19.0,Desktop,Boston,0,62,12,Credit Card,1
3352.66,Bill Payment,14.0,Mobile,San Francisco,2,85,5,Invalid Method,1
4829.26,ATM Withdrawal,17.0,Desktop,Seattle,0,113,11,Net Banking,1
1497.82,ATM Withdrawal,14.0,Mobile,Miami,0,100,10,Net Banking,1
4103.61,Bill Payment,13.0,Tablet,Boston,1,48,8,Net Banking,1
4391.38,Bank Transfer,0.0,Mobile,Houston,2,79,10,Credit Card,1
3114.12,POS Payment,4.0,Desktop,Miami,2,100,3,Debit Card,1
4309.23,Online Purchase,12.0,Tablet,Miami,1,80,3,Credit Card,1
3581.59,Bill Payment,0.0,Tablet,Boston,4,16,5,Credit Card,1
3514.56,Online Purchase,12.0,Tablet,Miami,0,71,11,Net Banking,1
4647.82,Online Purchase,18.0,Tablet,San Francisco,3,1,3,UPI,1
3418.31,Online Purchase,19.0,Tablet,Los Angeles,1,29,9,UPI,1
794.75,Bill Payment,21.0,Desktop,Miami,2,60,8,Net Banking,1
537.88,Bank Transfer,12.0,Mobile,San Francisco,2,85,3,Net Banking,1
808.82,POS Payment,1.0,Desktop,Houston,4,117,3,Net Banking,1
1146.53,Online Purchase,15.0,Desktop,Chicago,4,108,5,Net Banking,1
634.72,Bank Transfer,19.0,Tablet,Seattle,3,109,6,Debit Card,1
2156.88,Online Purchase,19.0,Desktop,Boston,1,102,5,Debit Card,1
206.74,Online Purchase,11.0,Mobile,Chicago,2,57,13,UPI,1
3880.58,Online Purchase,1.0,Mobile,Miami,2,80,2,Credit Card,1
995.58,POS Payment,22.0,Tablet,Houston,1,74,9,Net Banking,1
4951.04,ATM Withdrawal,23.0,Tablet,Seattle,4,114,1,Net Banking,1
4122.6,ATM Withdrawal,1.0,Mobile,Chicago,4,97,2,UPI,1
1350.99,Bank Transfer,2.0,Tablet,Boston,0,110,3,UPI,1
2677.38,POS Payment,8.0,Desktop,Miami,1,93,10,UPI,1
4130.21,Bill Payment,9.0,Desktop,Boston,3,21,5,Debit Card,1
4067.16,ATM Withdrawal,20.0,Mobile,Miami,4,6,7,UPI,1
4520.59,Bank Transfer,20.0,Desktop,Miami,4,3,9,UPI,1
2123.77,Bill Payment,16.0,Desktop,Houston,4,55,10,Debit Card,1
517.16,Bank Transfer,9.0,Tablet,Miami,3,99,5,UPI,1
3012.04,ATM Withdrawal,14.0,Mobile,Miami,2,115,8,Credit Card,1
339.7,Bank Transfer,23.0,Mobile,Chicago,3,114,11,Net Banking,1
3995.59,ATM Withdrawal,20.0,Mobile,Los Angeles,0,77,8,Net Banking,1
3211.55,POS Payment,13.0,Desktop,Boston,0,32,7,Debit Card,1
1086.64,ATM Withdrawal,4.0,Mobile,Chicago,4,38,6,Credit Card,1
4768.95,Bill Payment,11.0,Mobile,Los Angeles,2,80,9,UPI,1
3907.25,POS Payment,10.0,Desktop,New York,4,99,5,Net Banking,1
693.72,POS Payment,0.0,Mobile,Chicago,1,103,7,Net Banking,1
2892.47,Bank Transfer,19.0,Mobile,Seattle,1,111,11,UPI,1
805.95,ATM Withdrawal,10.0,Tablet,Houston,0,32,7,Net Banking,1
455.38,Bank Transfer,5.0,Tablet,Los Angeles,4,41,2,Debit Card,1
1951.35,Bill Payment,9.0,Mobile,Houston,1,112,5,Credit Card,1
4887.22,ATM Withdrawal,14.0,Unknown Device,Miami,0,116,5,Debit Card,1
1753.34,ATM Withdrawal,23.0,Desktop,Boston,3,111,13,Credit Card,1
1996.03,ATM Withdrawal,17.0,Mobile,Boston,1,80,12,Credit Card,1
2411.9,ATM Withdrawal,0.0,Tablet,Boston,3,104,11,Net Banking,1
2002.53,Bill Payment,10.0,Desktop,Los Angeles,0,95,2,Net Banking,1
3797.55,Bill Payment,22.0,Tablet,Chicago,2,87,12,UPI,1
4552.05,Bank Transfer,9.0,Tablet,Boston,4,62,7,Net Banking,1
3044.13,Bill Payment,18.0,Mobile,Seattle,0,34,4,Net Banking,1
3396.53,Online Purchase,1.0,Tablet,Houston,1,78,4,Credit Card,1
2399.6,Online Purchase,20.0,Mobile,Boston,0,25,6,Net Banking,1
550.65,Online Purchase,17.0,Desktop,Houston,0,20,8,Net Banking,1
3266.86,Bill Payment,17.0,Mobile,Houston,4,22,8,Debit Card,1
3001.83,Bank Transfer,20.0,Tablet,Los Angeles,1,20,6,Credit Card,1
4885.47,Online Purchase,16.0,Desktop,Chicago,2,50,14,Net Banking,1
531.64,Bank Transfer,19.0,Desktop,New York,4,82,5,Net Banking,1
2463.4,ATM Withdrawal,3.0,Desktop,Boston,0,9,8,UPI,1
3336.02,POS Payment,17.0,Desktop,Chicago,3,15,5,Net Banking,1
4128.04,Bank Transfer,21.0,Desktop,Boston,1,23,9,Debit Card,1
1936.08,ATM Withdrawal,7.0,Tablet,Chicago,4,90,4,Credit Card,1
1742.73,ATM Withdrawal,20.0,Tablet,Miami,3,21,10,Debit Card,1
3933.99,Online Purchase,21.0,Mobile,Miami,4,28,5,UPI,1
3735.76,ATM Withdrawal,22.0,Mobile,Boston,1,110,4,Credit Card,1
335.23,Online Purchase,23.0,Tablet,Miami,0,63,5,Credit Card,1
4621.57,POS Payment,9.0,Desktop,Boston,0,61,14,Net Banking,1
3759.21,POS Payment,23.0,Mobile,Seattle,0,3,1,Net Banking,1
1270.87,Online Purchase,2.0,Tablet,Los Angeles,2,97,3,Debit Card,1
1597.99,Online Purchase,23.0,Tablet,Houston,2,37,12,Net Banking,1
1587.51,Online Purchase,15.0,Desktop,San Francisco,2,98,5,Debit Card,1
2657.7,Online Purchase,20.0,Tablet,New York,1,44,10,Credit Card,1
210.76,Online Purchase,15.0,Desktop,Boston,2,49,5,Net Banking,1
2287.49,POS Payment,2.0,Tablet,Houston,3,75,8,UPI,1
3103.79,Bill Payment,6.0,Desktop,Houston,2,87,9,UPI,1
2178.92,POS Payment,17.0,Tablet,Houston,4,117,1,Debit Card,1
433.28,ATM Withdrawal,11.0,Desktop,Houston,4,21,7,UPI,1
3688.28,POS Payment,18.0,Desktop,Houston,3,33,8,Debit Card,1
3755.8,ATM Withdrawal,11.0,Mobile,Houston,0,29,8,Credit Card,1
4829.09,ATM Withdrawal,19.0,Tablet,San Francisco,1,76,10,Net Banking,1
4596.43,Bank Transfer,17.0,Mobile,Houston,1,114,1,UPI,1
4701.25,Bill Payment,2.0,Tablet,Houston,4,58,9,Net Banking,1
4209.59,Bill Payment,18.0,Mobile,Miami,2,29,7,UPI,1
2792.02,Online Purchase,13.0,Tablet,Houston,1,65,11,UPI,1
4056.16,Bank Transfer,18.0,Mobile,Los Angeles,1,98,7,UPI,1
4987.64,ATM Withdrawal,18.0,Tablet,Boston,0,102,13,Net Banking,1
4138.06,POS Payment,16.0,Desktop,Houston,3,116,2,Credit Card,1
323.98,Bill Payment,5.0,Desktop,Chicago,3,33,8,Debit Card,1
68.97,POS Payment,2.0,Mobile,Houston,1,97,3,Credit Card,1
2358.66,Bank Transfer,19.0,Desktop,Chicago,0,108,11,Credit Card,1
2020.5,Bank Transfer,10.0,Tablet,Chicago,2,28,9,UPI,1
1743.22,Online Purchase,19.0,Mobile,Boston,3,74,14,UPI,1
49997.8,POS Payment,5.0,Unknown Device,San Francisco,4,17,14,UPI,1
4490.14,Bill Payment,18.0,Desktop,Boston,4,31,13,UPI,1
1530.6,ATM Withdrawal,6.0,Tablet,Boston,1,8,4,Credit Card,1
2615.95,ATM Withdrawal,18.0,Desktop,Houston,3,16,8,Credit Card,1
49997.8,ATM Withdrawal,5.0,Mobile,Seattle,1,31,5,Debit Card,1
3979.57,ATM Withdrawal,22.0,Tablet,Houston,2,75,10,Net Banking,1
4663.44,Bank Transfer,14.0,Tablet,Houston,4,24,3,Net Banking,1
2833.07,POS Payment,9.0,Desktop,Chicago,1,81,5,UPI,1
1244.14,Online Purchase,16.0,Tablet,Los Angeles,2,84,7,Debit Card,1
3123.14,Bill Payment,4.0,Tablet,Houston,1,83,12,UPI,1
4979.02,Online Purchase,23.0,Desktop,Chicago,3,77,9,Credit Card,1
2557.17,Bill Payment,22.0,Mobile,Los Angeles,0,52,1,Credit Card,1
2726.28,Bill Payment,9.0,Tablet,San Francisco,3,88,2,Net Banking,1
2084.96,POS Payment,20.0,Desktop,New York,0,116,7,UPI,1
1036.24,Bank Transfer,23.0,Mobile,Miami,2,75,8,UPI,1
2136.59,ATM Withdrawal,11.0,Mobile,Boston,1,20,8,Invalid Method,1
1881.94,ATM Withdrawal,23.0,Unknown Device,Miami,2,33,9,Credit Card,1
558.94,Bank Transfer,9.0,Mobile,Chicago,1,71,3,Credit Card,1
259.06,Online Purchase,16.0,Mobile,Chicago,0,29,5,Credit Card,1
4233.67,Bank Transfer,13.0,Desktop,New York,1,48,2,Credit Card,1
3606.26,POS Payment,18.0,Desktop,Miami,0,57,12,Credit Card,1
463.3,POS Payment,20.0,Mobile,Boston,1,67,12,Credit Card,1
1003.56,Online Purchase,19.0,Mobile,Miami,2,19,4,Debit Card,1
4493.26,POS Payment,11.0,Mobile,Boston,2,62,5,Credit Card,1
3685.49,Online Purchase,16.0,Mobile,New York,0,93,3,Net Banking,1
1981.37,ATM Withdrawal,11.0,Desktop,Boston,4,59,14,UPI,1
2328.82,Bank Transfer,7.0,Tablet,Boston,3,91,14,Net Banking,1
2316.23,Bank Transfer,9.0,Tablet,Boston,2,86,10,UPI,1
1999.82,Bill Payment,0.0,Tablet,Boston,1,97,13,Debit Card,1
785.96,ATM Withdrawal,23.0,Desktop,Houston,4,109,4,Debit Card,1
1095.0,ATM Withdrawal,5.0,Tablet,Houston,0,32,5,Debit Card,1
4759.21,Online Purchase,6.0,Desktop,Chicago,0,114,13,Debit Card,1
4622.77,Bill Payment,22.0,Desktop,Miami,1,82,10,UPI,1
2238.96,ATM Withdrawal,12.0,Desktop,Miami,2,22,2,Debit Card,1
3758.27,Bank Transfer,14.0,Desktop,Los Angeles,3,72,2,Credit Card,1
258.52,ATM Withdrawal,12.0,Desktop,Los Angeles,0,55,11,Net Banking,1
1969.67,POS Payment,16.0,Tablet,New York,4,102,3,Credit Card,1
4875.48,Bank Transfer,23.0,Tablet,Chicago,0,98,4,Net Banking,1
747.72,ATM Withdrawal,14.0,Desktop,Chicago,1,1,13,UPI,1
4847.27,Bank Transfer,13.0,Mobile,Houston,4,86,12,Net Banking,1
498.24,Bank Transfer,0.0,Desktop,Chicago,2,55,1,Debit Card,1
1100.7,POS Payment,16.0,Mobile,Seattle,0,76,5,Credit Card,1
3327.46,POS Payment,21.0,Mobile,Los Angeles,4,82,13,UPI,1
530.04,Bank Transfer,16.0,Mobile,Boston,3,5,8,Net Banking,1
3804.44,Bill Payment,20.0,Tablet,San Francisco,2,74,13,Credit Card,1
3972.66,Online Purchase,13.0,Desktop,Miami,4,57,6,Debit Card,1
643.92,Online Purchase,13.0,Mobile,New York,1,118,8,UPI,1
4244.11,POS Payment,15.0,Mobile,San Francisco,2,81,4,Credit Card,1
4171.2,Bank Transfer,2.0,Mobile,Chicago,3,77,2,Debit Card,1
3560.99,Bank Transfer,13.0,Tablet,Chicago,4,92,1,Credit Card,1
3105.55,Bank Transfer,15.0,Mobile,San Francisco,3,101,5,UPI,1
2710.25,Bill Payment,14.0,Tablet,Houston,3,35,11,Debit Card,1
1730.41,ATM Withdrawal,2.0,Desktop,Boston,2,17,1,UPI,1
2706.98,ATM Withdrawal,5.0,Mobile,Boston,4,89,3,Debit Card,1
1490.25,Bank Transfer,23.0,Mobile,Houston,3,67,7,Net Banking,1
3145.44,Bill Payment,18.0,Desktop,New York,0,38,10,Net Banking,1
3408.56,Bill Payment,23.0,Tablet,Miami,4,34,5,Debit Card,1
1196.88,Bank Transfer,0.0,Desktop,Boston,3,33,8,Debit Card,1
353.13,POS Payment,23.0,Mobile,Miami,1,72,12,Net Banking,1
3525.49,ATM Withdrawal,5.0,Tablet,New York,2,58,1,Net Banking,1
771.85,ATM Withdrawal,13.0,Tablet,Boston,2,110,10,UPI,1
689.61,ATM Withdrawal,16.0,Desktop,New York,4,94,6,Net Banking,1
860.89,POS Payment,13.0,Desktop,New York,1,90,10,Net Banking,1
2976.62,Bank Transfer,2.0,Desktop,Miami,3,99,4,Credit Card,1
4326.91,ATM Withdrawal,21.0,Tablet,Chicago,4,32,5,Debit Card,1
2085.84,POS Payment,18.0,Mobile,San Francisco,4,106,11,UPI,1
3986.47,ATM Withdrawal,19.0,Tablet,Seattle,1,100,1,UPI,1
1533.34,ATM Withdrawal,16.0,Mobile,Miami,0,48,12,Net Banking,1
4656.03,POS Payment,21.0,Desktop,Houston,3,92,2,Net Banking,1
1737.09,ATM Withdrawal,6.0,Mobile,Chicago,1,104,2,UPI,1
3826.83,POS Payment,17.0,Tablet,Miami,0,53,7,Credit Card,1
2124.68,POS Payment,9.0,Mobile,Los Angeles,2,73,10,Net Banking,1
4129.6,ATM Withdrawal,18.0,Desktop,Chicago,2,95,7,Debit Card,1
2420.55,Bill Payment,23.0,Tablet,Miami,3,119,3,Credit Card,1
4652.58,Bill Payment,6.0,Tablet,Chicago,0,86,10,Credit Card,1
3551.54,POS Payment,18.0,Tablet,Boston,1,47,10,Credit Card,1
4734.51,Online Purchase,9.0,Tablet,San Francisco,1,85,6,Credit Card,1
1668.52,ATM Withdrawal,19.0,Tablet,Chicago,4,115,5,Debit Card,1
2815.91,ATM Withdrawal,17.0,Mobile,Chicago,1,34,7,Credit Card,1
2658.89,ATM Withdrawal,15.0,Mobile,Boston,3,52,13,UPI,1
4664.0,Bill Payment,11.0,Mobile,Chicago,4,13,11,UPI,1
3230.65,POS Payment,13.0,Tablet,Chicago,3,77,9,UPI,1
1454.42,Online Purchase,21.0,Mobile,Chicago,0,19,6,UPI,1
1655.99,ATM Withdrawal,16.0,Mobile,Boston,4,83,2,Credit Card,1
3641.77,Online Purchase,19.0,Desktop,New York,1,83,9,UPI,1
387.44,Online Purchase,6.0,Mobile,Chicago,3,103,7,Debit Card,1
3456.04,Bank Transfer,11.0,Desktop,Houston,4,109,8,Debit Card,1
4478.81,ATM Withdrawal,6.0,Tablet,San Francisco,1,103,4,UPI,1
3117.8,Bank Transfer,22.0,Unknown Device,Houston,0,45,10,UPI,1
4533.6,ATM Withdrawal,5.0,Mobile,New York,3,73,2,UPI,1
2867.43,ATM Withdrawal,7.0,Desktop,Houston,3,114,6,UPI,1
3540.21,Online Purchase,1.0,Desktop,Houston,3,85,2,UPI,1
3113.99,Bank Transfer,17.0,Desktop,New York,2,24,4,Invalid Method,1
4707.99,Bill Payment,19.0,Desktop,San Francisco,3,20,5,UPI,1
4259.33,Bank Transfer,20.0,Tablet,New York,0,80,8,Credit Card,1
1540.92,POS Payment,2.0,Desktop,Boston,2,85,5,UPI,1
4268.7,Online Purchase,5.0,Mobile,Chicago,4,114,10,Net Banking,1
1349.44,ATM Withdrawal,14.0,Desktop,Chicago,3,10,10,UPI,1
3367.3,Online Purchase,19.0,Tablet,Chicago,1,83,8,UPI,1
1691.15,POS Payment,23.0,Mobile,Los Angeles,1,29,12,Credit Card,1
4987.64,Online Purchase,22.0,Desktop,Los Angeles,4,105,6,Debit Card,1
4917.17,Bank Transfer,15.0,Mobile,Chicago,1,21,4,UPI,1
1058.4,Bank Transfer,12.0,Tablet,Miami,2,63,3,Net Banking,1
3053.88,Online Purchase,13.0,Tablet,Chicago,1,102,5,Credit Card,1
3378.76,Online Purchase,15.0,Tablet,Houston,2,65,5,UPI,1
1981.09,Online Purchase,17.0,Desktop,Boston,4,66,9,UPI,1
1109.03,ATM Withdrawal,21.0,Desktop,Boston,4,35,14,Debit Card,1
3393.28,Bank Transfer,4.0,Mobile,Miami,0,105,8,Net Banking,1
1761.24,Bill Payment,9.0,Tablet,Chicago,1,116,6,Debit Card,1
2963.33,Online Purchase,20.0,Desktop,San Francisco,1,77,8,Debit Card,1
2664.11,Bill Payment,4.0,Desktop,Houston,0,24,2,Credit Card,1
100.05,POS Payment,18.0,Desktop,Boston,3,116,4,UPI,1
3936.5,Bank Transfer,14.0,Desktop,Houston,1,81,11,UPI,1
2325.23,Online Purchase,12.0,Mobile,New York,0,98,11,UPI,1
183.12,POS Payment,15.0,Tablet,Chicago,0,116,12,UPI,1
3322.59,Bill Payment,21.0,Desktop,Chicago,2,39,13,Net Banking,1
411.9,Bill Payment,14.0,Mobile,Los Angeles,1,115,13,UPI,1
3594.19,POS Payment,23.0,Mobile,Miami,1,61,4,Net Banking,1
3917.85,Online Purchase,17.0,Mobile,Chicago,2,90,5,UPI,1
3299.0,Bank Transfer,16.0,Mobile,San Francisco,2,47,6,Invalid Method,1
776.39,POS Payment,1.0,Mobile,Chicago,1,98,9,Debit Card,1
2609.15,Online Purchase,4.0,Mobile,Los Angeles,4,74,3,Credit Card,1
3272.97,Online Purchase,17.0,Desktop,Seattle,2,103,10,Invalid Method,1
1182.89,ATM Withdrawal,20.0,Tablet,Miami,1,41,1,Credit Card,1
1196.08,Bank Transfer,16.0,Mobile,Boston,4,90,11,UPI,1
4573.3,Online Purchase,21.0,Desktop,Chicago,2,17,10,UPI,1
4349.96,Online Purchase,22.0,Mobile,Miami,3,91,3,Credit Card,1
3415.58,Bill Payment,20.0,Mobile,Chicago,0,29,9,UPI,1
1467.48,Bank Transfer,20.0,Desktop,Boston,3,8,2,Debit Card,1
1729.48,Online Purchase,0.0,Desktop,Chicago,1,115,3,UPI,1
2600.33,POS Payment,16.0,Tablet,New York,2,79,10,Net Banking,1
2320.59,Online Purchase,16.0,Tablet,Boston,3,50,14,Credit Card,1
219.94,Bank Transfer,8.0,Desktop,Boston,2,107,9,Debit Card,1
4030.96,ATM Withdrawal,19.0,Tablet,New York,4,82,13,Credit Card,1
1835.93,ATM Withdrawal,22.0,Desktop,Los Angeles,4,47,7,Debit Card,1
2704.2,POS Payment,4.0,Tablet,Boston,4,58,12,Net Banking,1
2839.06,Bank Transfer,12.0,Desktop,Los Angeles,4,53,1,Debit Card,1
4937.31,Bank Transfer,18.0,Mobile,New York,4,53,10,Credit Card,1
2029.37,Bank Transfer,14.0,Tablet,Boston,2,62,6,UPI,1
1052.97,ATM Withdrawal,16.0,Mobile,Houston,1,109,11,Credit Card,1
2661.84,POS Payment,23.0,Unknown Device,Chicago,4,29,8,UPI,1
1214.86,POS Payment,11.0,Desktop,San Francisco,0,109,2,UPI,1
3927.35,Bank Transfer,17.0,Mobile,Los Angeles,0,48,7,Net Banking,1
299.84,Online Purchase,20.0,Tablet,Houston,4,30,9,UPI,1
215.87,ATM Withdrawal,21.0,Mobile,Miami,3,30,4,Credit Card,1
4663.44,Bank Transfer,15.0,Desktop,Houston,2,108,3,UPI,1
4514.34,Bill Payment,10.0,Desktop,Los Angeles,4,107,3,UPI,1
127.75,Online Purchase,23.0,Mobile,New York,2,11,4,Debit Card,1
4986.37,POS Payment,7.0,Mobile,Houston,0,77,11,Debit Card,1
378.18,Online Purchase,15.0,Mobile,Los Angeles,4,119,13,UPI,1
3033.73,Online Purchase,12.0,Desktop,Boston,1,68,4,Net Banking,1
1105.7,ATM Withdrawal,19.0,Mobile,Seattle,1,98,5,Credit Card,1
2378.59,ATM Withdrawal,0.0,Desktop,Boston,2,104,2,UPI,1
3344.63,ATM Withdrawal,0.0,Desktop,Boston,3,12,6,Debit Card,1
500.26,Bill Payment,23.0,Tablet,Houston,3,99,2,Debit Card,1
2422.83,Online Purchase,18.0,Unknown Device,Los Angeles,2,63,6,Credit Card,1
1688.6,ATM Withdrawal,22.0,Mobile,New York,1,100,7,Credit Card,1
49997.8,Bill Payment,16.0,Tablet,Houston,2,85,8,Credit Card,1
1008.04,POS Payment,14.0,Desktop,New York,2,79,4,UPI,1
1666.71,Bill Payment,14.0,Desktop,Houston,3,68,11,UPI,1
3423.07,Online Purchase,10.0,Desktop,Miami,3,102,11,UPI,1
3929.46,Bank Transfer,14.0,Desktop,Miami,0,36,8,Debit Card,1
4160.05,Bank Transfer,17.0,Desktop,Boston,3,14,9,Credit Card,1
4122.27,POS Payment,6.0,Tablet,Miami,1,60,6,Debit Card,1
3750.43,Bill Payment,12.0,Tablet,Miami,1,65,5,Net Banking,1
2328.82,Bank Transfer,22.0,Tablet,Miami,4,41,5,UPI,1
1888.62,ATM Withdrawal,23.0,Mobile,New York,1,42,8,Net Banking,1
2252.39,ATM Withdrawal,5.0,Tablet,Boston,0,76,11,Debit Card,1
4075.44,POS Payment,11.0,Desktop,Boston,3,105,12,Debit Card,1
3575.77,Bank Transfer,9.0,Tablet,Miami,4,108,13,Credit Card,1
49997.8,POS Payment,8.0,Mobile,Boston,1,98,2,Credit Card,1
165.4,Bill Payment,15.0,Desktop,New York,3,117,12,Net Banking,1
1946.79,Online Purchase,4.0,Tablet,Chicago,3,77,9,Net Banking,1
390.09,Online Purchase,23.0,Tablet,New York,4,116,7,Net Banking,1
4757.68,Online Purchase,13.0,Desktop,Chicago,3,39,2,UPI,1
967.43,ATM Withdrawal,11.0,Mobile,Houston,3,67,10,Debit Card,1
295.07,POS Payment,11.0,Mobile,Los Angeles,0,109,14,UPI,1
2269.88,Bank Transfer,16.0,Mobile,Los Angeles,4,25,4,Net Banking,1
4927.38,ATM Withdrawal,12.0,Mobile,Los Angeles,3,38,7,UPI,1
391.43,Bill Payment,7.0,Tablet,Miami,2,58,1,UPI,1
4374.29,Online Purchase,1.0,Unknown Device,Houston,4,49,1,Credit Card,1
579.42,POS Payment,22.0,Mobile,Los Angeles,4,6,2,UPI,1
552.59,ATM Withdrawal,13.0,Desktop,Chicago,2,33,14,Credit Card,1
474.12,Bank Transfer,22.0,Mobile,Miami,4,4,6,UPI,1
868.8,Online Purchase,21.0,Mobile,Houston,4,57,9,Debit Card,1
3540.41,POS Payment,14.0,Desktop,Boston,2,49,14,Net Banking,1
2052.55,Online Purchase,15.0,Mobile,Houston,0,10,12,Debit Card,1
3017.09,Bill Payment,7.0,Tablet,Boston,0,10,10,Debit Card,1
3734.59,Bill Payment,21.0,Mobile,Boston,4,90,7,Net Banking,1
1688.86,Bill Payment,14.0,Desktop,Boston,0,88,2,Net Banking,1
622.57,ATM Withdrawal,9.0,Desktop,Boston,1,17,14,Debit Card,1
4056.85,POS Payment,16.0,Tablet,San Francisco,1,107,14,UPI,1
4111.75,ATM Withdrawal,21.0,Tablet,Seattle,4,24,4,Credit Card,1
49997.8,Bill Payment,0.0,Desktop,New York,2,104,11,Net Banking,1
4444.46,POS Payment,23.0,Tablet,Miami,0,79,5,Credit Card,1
3803.44,Bank Transfer,20.0,Tablet,Boston,4,45,9,Invalid Method,1
1720.11,Online Purchase,6.0,Mobile,Boston,0,21,10,Debit Card,1
3892.74,POS Payment,9.0,Desktop,Los Angeles,1,40,10,Credit Card,1
2761.92,Bank Transfer,16.0,Desktop,Seattle,0,95,7,UPI,1
3011.6,ATM Withdrawal,20.0,Desktop,Miami,0,28,11,Net Banking,1
3623.69,Bank Transfer,7.0,Unknown Device,Chicago,0,20,10,Credit Card,1
3798.62,ATM Withdrawal,21.0,Mobile,New York,0,29,10,Credit Card,1
914.85,ATM Withdrawal,13.0,Tablet,Los Angeles,1,107,1,Debit Card,1
915.02,Online Purchase,10.0,Unknown Device,Boston,0,18,13,Debit Card,1
3253.07,Online Purchase,2.0,Desktop,Chicago,3,61,10,Net Banking,1
338.75,ATM Withdrawal,13.0,Mobile,Miami,2,62,6,Net Banking,1
4531.3,Bill Payment,14.0,Desktop,Chicago,3,45,10,Net Banking,1
378.98,ATM Withdrawal,8.0,Tablet,Chicago,2,18,6,Net Banking,1
1552.47,POS Payment,12.0,Tablet,New York,2,95,7,Net Banking,1
1018.34,ATM Withdrawal,10.0,Tablet,Los Angeles,3,112,14,Debit Card,1
4827.28,Bill Payment,9.0,Desktop,Boston,1,69,3,UPI,1
3330.59,POS Payment,19.0,Mobile,San Francisco,0,112,14,Credit Card,1
4005.48,Bill Payment,19.0,Tablet,Miami,1,76,2,UPI,1
3117.67,POS Payment,12.0,Tablet,Miami,2,90,9,Credit Card,1
4313.1,Bank Transfer,23.0,Mobile,San Francisco,1,2,9,UPI,1
4598.44,POS Payment,19.0,Desktop,Seattle,1,97,3,Net Banking,1
4739.2,Bill Payment,18.0,Desktop,New York,4,88,12,Debit Card,1
2484.57,ATM Withdrawal,22.0,Tablet,Chicago,4,76,10,Invalid Method,1
3767.66,POS Payment,14.0,Mobile,Miami,2,44,5,UPI,1
3478.72,Bank Transfer,5.0,Tablet,Boston,4,94,13,UPI,1
3003.4,POS Payment,16.0,Desktop,Houston,3,30,3,Debit Card,1
4821.26,POS Payment,14.0,Desktop,New York,4,107,8,Debit Card,1
3883.03,ATM Withdrawal,18.0,Tablet,San Francisco,4,6,1,Credit Card,1
4940.77,Bank Transfer,9.0,Tablet,Houston,4,53,3,Debit Card,1
2459.93,ATM Withdrawal,5.0,Mobile,Chicago,2,23,7,Net Banking,1
1846.94,ATM Withdrawal,16.0,Mobile,Chicago,4,86,2,Debit Card,1
1941.85,ATM Withdrawal,18.0,Tablet,Los Angeles,2,99,10,Net Banking,1
4632.9,POS Payment,10.0,Desktop,Los Angeles,1,48,8,UPI,1
1678.15,ATM Withdrawal,14.0,Tablet,Los Angeles,0,77,2,Debit Card,1
3497.75,Bill Payment,11.0,Desktop,Houston,1,45,6,Net Banking,1
1420.38,Bank Transfer,18.0,Tablet,Los Angeles,0,55,8,Net Banking,1
2892.8,Bill Payment,8.0,Mobile,Houston,2,96,2,Credit Card,1
3216.0,POS Payment,17.0,Tablet,Chicago,2,97,8,Credit Card,1
4418.04,POS Payment,15.0,Desktop,Boston,1,42,4,UPI,1
3210.96,Bill Payment,23.0,Desktop,San Francisco,4,63,6,Net Banking,1
3490.27,Online Purchase,21.0,Mobile,San Francisco,2,73,4,UPI,1
1799.31,Online Purchase,13.0,Desktop,Los Angeles,1,21,1,Net Banking,1
4676.21,POS Payment,21.0,Mobile,Chicago,4,58,6,Debit Card,1
584.72,Bill Payment,18.0,Mobile,San Francisco,4,112,6,UPI,1
3337.17,Bill Payment,7.0,Desktop,Boston,2,45,14,Credit Card,1
4863.08,Bank Transfer,18.0,Mobile,Houston,0,17,8,Debit Card,1
2301.12,POS Payment,13.0,Mobile,Houston,3,67,2,Credit Card,1
2672.26,Bank Transfer,19.0,Tablet,Boston,2,6,9,UPI,1
1207.42,Bill Payment,19.0,Mobile,Chicago,4,93,14,Credit Card,1
2102.49,Bill Payment,11.0,Mobile,Boston,4,70,3,Net Banking,1
1684.31,Bank Transfer,9.0,Desktop,Los Angeles,0,79,13,UPI,1
22.42,POS Payment,22.0,Mobile,Houston,1,101,14,Credit Card,1
110.93,Bill Payment,22.0,Mobile,Los Angeles,3,119,3,UPI,1
728.11,Bank Transfer,20.0,Desktop,New York,4,98,13,Debit Card,1
4024.27,Online Purchase,23.0,Tablet,Houston,1,86,9,UPI,1
3639.52,Online Purchase,17.0,Desktop,Los Angeles,2,75,12,Invalid Method,1
3321.79,Online Purchase,4.0,Tablet,Los Angeles,2,69,2,Net Banking,1
2906.91,Bill Payment,1.0,Mobile,Chicago,0,12,3,Debit Card,1
4480.91,Bank Transfer,7.0,Mobile,Los Angeles,1,98,8,Credit Card,1
3810.13,Bank Transfer,21.0,Tablet,New York,1,32,14,Credit Card,1
49997.8,POS Payment,12.0,Tablet,Houston,3,113,3,UPI,1
4212.71,ATM Withdrawal,14.0,Mobile,Chicago,0,77,14,Net Banking,1
2918.64,POS Payment,23.0,Mobile,San Francisco,4,44,1,UPI,1
2761.05,Bill Payment,18.0,Desktop,Los Angeles,3,13,13,Debit Card,1
3806.74,Online Purchase,22.0,Tablet,Los Angeles,1,62,8,UPI,1
2195.59,ATM Withdrawal,19.0,Mobile,Boston,4,1,3,UPI,1
4336.06,Online Purchase,6.0,Mobile,Houston,2,94,8,Credit Card,1
1219.43,POS Payment,22.0,Desktop,Houston,0,59,12,Debit Card,1
1172.6,Bill Payment,23.0,Mobile,Houston,3,103,5,Debit Card,1
4344.14,ATM Withdrawal,15.0,Tablet,Houston,0,20,11,Credit Card,1
232.26,ATM Withdrawal,19.0,Tablet,Boston,0,110,6,Net Banking,1
2518.33,Bill Payment,19.0,Mobile,Houston,3,33,5,UPI,1
577.38,Online Purchase,14.0,Unknown Device,Boston,4,8,9,UPI,1
614.64,POS Payment,19.0,Mobile,Chicago,0,113,4,Debit Card,1
1442.81,ATM Withdrawal,3.0,Desktop,Boston,4,118,2,Debit Card,1
3464.75,Bill Payment,12.0,Mobile,New York,3,86,2,Debit Card,1
3610.38,ATM Withdrawal,20.0,Mobile,Miami,3,108,9,UPI,1
1938.04,Bank Transfer,0.0,Tablet,Houston,3,108,11,Credit Card,1
1361.83,Bill Payment,15.0,Tablet,Chicago,0,106,1,UPI,1
2671.93,Bank Transfer,11.0,Unknown Device,Los Angeles,4,69,2,Net Banking,1
656.22,Bank Transfer,18.0,Mobile,Boston,4,83,3,Net Banking,1
1388.05,ATM Withdrawal,7.0,Tablet,Miami,4,90,5,UPI,1
4208.29,ATM Withdrawal,10.0,Tablet,New York,0,67,2,Credit Card,1
1453.51,POS Payment,12.0,Tablet,Houston,4,59,7,Credit Card,1
4327.29,ATM Withdrawal,8.0,Tablet,Los Angeles,2,58,2,Credit Card,1
1595.89,Bank Transfer,22.0,Mobile,Chicago,1,68,1,Credit Card,1
4087.93,Bill Payment,14.0,Mobile,Los Angeles,2,98,14,UPI,1
2952.79,ATM Withdrawal,16.0,Tablet,Seattle,2,113,11,Credit Card,1
4418.6,Online Purchase,20.0,Mobile,Chicago,3,56,14,UPI,1
1307.69,Bill Payment,22.0,Tablet,Boston,3,53,8,Debit Card,1
188.03,ATM Withdrawal,7.0,Desktop,Boston,3,77,8,Debit Card,1
4089.82,POS Payment,9.0,Tablet,Boston,2,94,2,Net Banking,1
2762.48,POS Payment,5.0,Mobile,Los Angeles,2,118,2,Net Banking,1
2958.08,Bank Transfer,18.0,Mobile,San Francisco,0,101,1,UPI,1
105.85,ATM Withdrawal,8.0,Tablet,Houston,2,86,7,Net Banking,1
974.55,POS Payment,15.0,Mobile,Houston,2,48,12,Net Banking,1
669.17,Online Purchase,19.0,Unknown Device,New York,0,61,10,Debit Card,1
1105.53,Bank Transfer,16.0,Tablet,Boston,0,88,9,Debit Card,1
4569.16,Bill Payment,19.0,Mobile,Miami,3,77,1,Debit Card,1
112.76,ATM Withdrawal,7.0,Mobile,Miami,4,67,1,Debit Card,1
522.25,Online Purchase,22.0,Tablet,Chicago,3,53,13,Debit Card,1
4319.17,Bill Payment,16.0,Mobile,New York,3,50,10,Credit Card,1
1047.4,POS Payment,5.0,Mobile,Chicago,2,96,2,Credit Card,1
4115.11,Bank Transfer,15.0,Tablet,Boston,4,81,1,Credit Card,1
2631.09,POS Payment,20.0,Mobile,Los Angeles,4,78,13,UPI,1
4901.0,ATM Withdrawal,21.0,Desktop,Houston,0,48,9,Credit Card,1
3045.42,Bank Transfer,15.0,Desktop,Houston,3,99,6,UPI,1
499.81,Online Purchase,14.0,Mobile,Houston,4,109,7,Debit Card,1
4678.95,Bank Transfer,3.0,Mobile,Chicago,1,45,13,Credit Card,1
516.68,ATM Withdrawal,23.0,Mobile,San Francisco,4,51,1,Credit Card,1
530.09,ATM Withdrawal,21.0,Tablet,New York,0,118,10,UPI,1
3304.04,Bill Payment,14.0,Unknown Device,New York,4,78,9,Debit Card,1
3935.53,Online Purchase,21.0,Mobile,Chicago,4,109,14,Debit Card,1
3550.47,Bank Transfer,19.0,Desktop,Chicago,2,117,12,Debit Card,1
1050.79,Bill Payment,20.0,Tablet,Los Angeles,0,36,14,UPI,1
2025.99,Bank Transfer,17.0,Tablet,Boston,4,69,9,Credit Card,1
2827.49,Online Purchase,13.0,Mobile,New York,1,43,2,Debit Card,1
2657.85,Online Purchase,21.0,Desktop,Miami,3,40,5,Net Banking,1
3633.98,Bill Payment,7.0,Desktop,Miami,1,77,6,Credit Card,1
2975.83,POS Payment,17.0,Desktop,New York,1,117,14,Debit Card,1
4418.51,Bill Payment,6.0,Tablet,Houston,2,100,3,UPI,1
1661.06,Bill Payment,22.0,Desktop,Chicago,0,17,1,UPI,1
4403.47,Bank Transfer,23.0,Mobile,Houston,0,85,13,Net Banking,1
4256.45,ATM Withdrawal,17.0,Mobile,Boston,3,58,4,Invalid Method,1
319.06,POS Payment,13.0,Desktop,Miami,2,56,3,Credit Card,1
49997.8,POS Payment,0.0,Unknown Device,Miami,3,73,2,Debit Card,1
3412.48,ATM Withdrawal,9.0,Desktop,Houston,4,113,3,UPI,1
277.25,ATM Withdrawal,13.0,Tablet,Chicago,2,79,1,UPI,1
1062.26,ATM Withdrawal,20.0,Mobile,Miami,0,32,9,UPI,1
1606.76,Bank Transfer,14.0,Mobile,Miami,3,10,5,Credit Card,1
4102.7,POS Payment,10.0,Desktop,Chicago,3,34,9,Debit Card,1
3840.86,Online Purchase,6.0,Mobile,Miami,3,88,7,Debit Card,1
4531.38,Online Purchase,17.0,Mobile,Houston,1,94,7,Debit Card,1
498.49,Bill Payment,0.0,Desktop,Boston,1,52,1,Credit Card,1
1861.98,Bill Payment,6.0,Mobile,Boston,4,32,9,Net Banking,1
2551.31,ATM Withdrawal,8.0,Desktop,New York,4,91,6,Debit Card,1
2678.26,Bank Transfer,17.0,Desktop,New York,2,89,3,Net Banking,1
4734.15,POS Payment,20.0,Mobile,New York,4,51,6,UPI,1
4418.04,Bank Transfer,16.0,Mobile,Houston,3,7,1,Debit Card,1
4374.03,POS Payment,17.0,Mobile,Miami,3,119,7,Debit Card,1
2631.98,Bank Transfer,23.0,Mobile,Boston,0,104,14,Debit Card,1
3124.31,Online Purchase,14.0,Desktop,Houston,0,75,5,Credit Card,1
3686.72,Online Purchase,10.0,Desktop,Chicago,2,116,2,Debit Card,1
4194.87,Online Purchase,15.0,Mobile,Chicago,0,16,8,Credit Card,1
2731.55,Bank Transfer,15.0,Mobile,Seattle,3,100,5,Credit Card,1
4444.64,Bank Transfer,19.0,Desktop,Los Angeles,0,10,12,Net Banking,1
3833.19,POS Payment,12.0,Tablet,Chicago,4,100,14,Debit Card,1
4785.79,ATM Withdrawal,18.0,Mobile,Miami,4,112,6,Debit Card,1
61.94,Bill Payment,13.0,Desktop,Los Angeles,0,103,5,Debit Card,1
2326.4,Online Purchase,15.0,Mobile,Seattle,2,53,1,Credit Card,1
4264.73,Bill Payment,21.0,Tablet,Houston,3,34,13,UPI,1
651.06,POS Payment,22.0,Mobile,Miami,2,102,14,UPI,1
2082.73,Bank Transfer,23.0,Desktop,New York,1,81,8,UPI,1
1666.85,POS Payment,13.0,Desktop,Boston,4,55,8,UPI,1
517.75,Bill Payment,12.0,Mobile,Miami,1,77,5,Net Banking,1
451.67,Bank Transfer,9.0,Tablet,Boston,3,81,7,Credit Card,1
785.06,Online Purchase,13.0,Mobile,Boston,2,61,3,Debit Card,1
268.6,Bill Payment,3.0,Desktop,Boston,4,10,4,Credit Card,1
4887.36,Bill Payment,6.0,Tablet,Boston,2,19,12,UPI,1
2795.67,Bank Transfer,1.0,Mobile,Chicago,2,13,5,UPI,1
4686.13,POS Payment,14.0,Tablet,Miami,0,90,2,Invalid Method,1
3668.97,ATM Withdrawal,12.0,Mobile,Boston,1,54,9,Net Banking,1
781.73,Online Purchase,2.0,Mobile,Boston,4,111,9,UPI,1
557.68,Bank Transfer,3.0,Mobile,Houston,4,88,1,Net Banking,1
200.67,ATM Withdrawal,15.0,Desktop,Seattle,0,117,3,UPI,1
3467.15,ATM Withdrawal,14.0,Mobile,Miami,1,31,10,Credit Card,1
4569.06,Bank Transfer,22.0,Desktop,Boston,0,47,6,UPI,1
1439.68,Online Purchase,22.0,Desktop,Boston,1,94,7,Debit Card,1
3036.4,Bill Payment,9.0,Mobile,Boston,0,72,8,Credit Card,1
2331.1,Bill Payment,23.0,Mobile,Houston,1,40,2,UPI,1
2818.84,ATM Withdrawal,3.0,Desktop,Chicago,3,67,6,UPI,1
4483.66,POS Payment,10.0,Desktop,Chicago,2,16,7,Net Banking,1
1868.33,Bill Payment,16.0,Desktop,Chicago,4,43,3,UPI,1
2576.69,Online Purchase,5.0,Mobile,Los Angeles,1,114,10,Net Banking,1
1197.92,Online Purchase,10.0,Unknown Device,Boston,0,7,14,Credit Card,1
457.22,ATM Withdrawal,20.0,Tablet,San Francisco,1,101,12,Credit Card,1
519.37,ATM Withdrawal,13.0,Tablet,Boston,3,86,5,Net Banking,1
897.16,Online Purchase,22.0,Desktop,Miami,1,73,3,Debit Card,1
2371.57,Bank Transfer,13.0,Tablet,Houston,0,70,8,Debit Card,1
3303.33,Bank Transfer,20.0,Tablet,Miami,1,49,14,Credit Card,1
2019.3,Bill Payment,16.0,Mobile,Chicago,4,119,5,Credit Card,1
3083.39,Bill Payment,6.0,Desktop,Boston,3,65,12,Net Banking,1
4709.39,Online Purchase,9.0,Tablet,New York,3,83,3,UPI,1
4502.88,POS Payment,12.0,Tablet,Houston,2,83,13,UPI,1
1482.41,POS Payment,5.0,Tablet,Los Angeles,1,95,8,Net Banking,1
1609.72,ATM Withdrawal,20.0,Mobile,Miami,1,15,6,Debit Card,1
883.28,Bank Transfer,22.0,Mobile,Houston,0,80,3,Credit Card,1
3608.11,Online Purchase,14.0,Desktop,Boston,1,106,10,Debit Card,1
285.55,POS Payment,14.0,Desktop,Los Angeles,2,50,12,Credit Card,1
946.85,ATM Withdrawal,3.0,Tablet,Boston,3,8,7,UPI,1
3131.79,Bill Payment,5.0,Desktop,Chicago,3,106,9,Net Banking,1
2800.37,ATM Withdrawal,19.0,Desktop,Chicago,1,107,12,Debit Card,1
3534.88,Bank Transfer,3.0,Mobile,Miami,1,111,7,Credit Card,1
2009.01,Bill Payment,11.0,Desktop,Los Angeles,4,82,5,Net Banking,1
4426.13,Online Purchase,21.0,Mobile,New York,1,82,7,UPI,1
3091.45,ATM Withdrawal,15.0,Mobile,Miami,2,98,1,Debit Card,1
243.16,POS Payment,21.0,Tablet,Miami,0,48,4,Debit Card,1
1479.3,Online Purchase,20.0,Tablet,Miami,0,52,11,Debit Card,1
4830.87,Bank Transfer,16.0,Tablet,Chicago,2,81,8,Net Banking,1
1833.94,Online Purchase,21.0,Desktop,Los Angeles,0,117,7,Net Banking,1
3553.53,Online Purchase,12.0,Tablet,Los Angeles,0,52,12,Net Banking,1
3865.07,POS Payment,4.0,Tablet,Chicago,4,85,7,Net Banking,1
4013.27,Online Purchase,14.0,Desktop,Boston,1,59,5,Net Banking,1
3361.93,ATM Withdrawal,16.0,Desktop,Miami,2,37,2,Debit Card,1
60.75,ATM Withdrawal,20.0,Tablet,New York,3,8,1,Debit Card,1
3467.59,Bill Payment,9.0,Unknown Device,Los Angeles,4,63,8,UPI,1
4033.46,ATM Withdrawal,18.0,Mobile,Boston,4,85,6,Debit Card,1
2358.87,Online Purchase,22.0,Tablet,Chicago,1,92,7,UPI,1
3173.37,Bill Payment,22.0,Tablet,New York,4,76,12,UPI,1
4081.95,Bank Transfer,20.0,Mobile,New York,0,6,1,UPI,1
2138.35,Bill Payment,17.0,Desktop,Miami,2,90,1,Net Banking,1
891.02,POS Payment,4.0,Mobile,Houston,2,52,1,Credit Card,1
1347.28,POS Payment,15.0,Tablet,New York,1,104,13,Debit Card,1
1529.12,Online Purchase,18.0,Tablet,Seattle,4,96,4,Credit Card,1
2266.39,POS Payment,20.0,Desktop,New York,0,25,6,Invalid Method,1
4819.4,ATM Withdrawal,5.0,Tablet,Chicago,3,62,1,Net Banking,1
2924.43,POS Payment,16.0,Mobile,Boston,2,86,8,UPI,1
17.78,Online Purchase,16.0,Desktop,Houston,0,21,14,Net Banking,1
2544.9,POS Payment,20.0,Mobile,Houston,4,114,14,Net Banking,1
2069.68,POS Payment,19.0,Desktop,Los Angeles,4,95,12,Net Banking,1
4388.95,Bill Payment,17.0,Desktop,Houston,0,8,4,Debit Card,1
1699.27,ATM Withdrawal,9.0,Mobile,Miami,1,119,3,Debit Card,1
2083.3,Bill Payment,18.0,Tablet,Boston,2,6,2,Net Banking,1
481.65,Bill Payment,0.0,Tablet,Boston,3,46,1,Debit Card,1
4239.73,POS Payment,13.0,Mobile,Los Angeles,4,116,1,Debit Card,1
2483.6,Online Purchase,23.0,Mobile,Seattle,2,51,5,Net Banking,1
3386.44,Online Purchase,10.0,Desktop,Houston,2,33,8,Credit Card,1
49997.8,POS Payment,22.0,Tablet,San Francisco,3,88,8,Debit Card,1
4880.79,POS Payment,23.0,Desktop,San Francisco,0,101,2,UPI,1
4848.25,Bill Payment,19.0,Desktop,Houston,4,44,4,Credit Card,1
4516.66,Online Purchase,23.0,Mobile,Miami,1,47,10,UPI,1
3403.13,Online Purchase,0.0,Tablet,Boston,4,118,2,Net Banking,1
4270.55,Bill Payment,10.0,Desktop,Seattle,3,91,2,Credit Card,1
4630.98,Bill Payment,4.0,Tablet,Houston,2,46,7,UPI,1
561.58,Bill Payment,11.0,Mobile,Boston,1,113,8,Credit Card,1
599.12,Bank Transfer,23.0,Mobile,San Francisco,4,47,4,Net Banking,1
2485.02,ATM Withdrawal,17.0,Unknown Device,New York,2,87,2,Net Banking,1
4799.07,ATM Withdrawal,10.0,Desktop,Houston,2,48,3,Net Banking,1
2496.07,Bank Transfer,10.0,Mobile,Los Angeles,4,39,4,Credit Card,1
1269.67,Bank Transfer,17.0,Mobile,Boston,0,112,6,UPI,1
1541.5,ATM Withdrawal,22.0,Mobile,Los Angeles,0,60,4,Debit Card,1
3399.96,Bank Transfer,16.0,Tablet,San Francisco,2,38,4,Credit Card,1
3491.0,POS Payment,16.0,Desktop,Boston,3,99,9,Debit Card,1
3650.78,POS Payment,22.0,Tablet,Houston,1,110,1,UPI,1
4437.59,Bank Transfer,3.0,Desktop,Chicago,0,65,10,Net Banking,1
4959.55,ATM Withdrawal,21.0,Mobile,Miami,3,11,4,Credit Card,1
2989.66,ATM Withdrawal,16.0,Mobile,Boston,3,65,3,Net Banking,1
3746.31,POS Payment,20.0,Tablet,Boston,1,99,1,Net Banking,1
589.85,Bill Payment,7.0,Mobile,Houston,4,93,11,UPI,1
1870.13,ATM Withdrawal,18.0,Tablet,Boston,1,6,5,Debit Card,1
3940.28,Online Purchase,21.0,Tablet,Boston,4,11,6,Credit Card,1
1311.16,POS Payment,23.0,Mobile,Chicago,2,79,7,Net Banking,1
3981.18,Bank Transfer,4.0,Mobile,Chicago,1,76,13,UPI,1
4760.5,Online Purchase,14.0,Tablet,San Francisco,1,81,1,Debit Card,1
1504.86,POS Payment,2.0,Mobile,Boston,0,95,4,UPI,1
721.7,Bill Payment,6.0,Tablet,Los Angeles,3,93,4,Net Banking,1
695.35,POS Payment,12.0,Tablet,Miami,3,48,1,Credit Card,1
1385.27,Bank Transfer,5.0,Desktop,Miami,1,104,6,UPI,1
3307.53,POS Payment,20.0,Desktop,New York,2,95,1,Credit Card,1
1513.89,Bank Transfer,22.0,Tablet,Houston,1,72,2,Debit Card,1
4340.69,Bill Payment,17.0,Tablet,Los Angeles,1,113,10,Net Banking,1
3108.05,ATM Withdrawal,17.0,Desktop,San Francisco,3,83,8,Net Banking,1
3061.96,ATM Withdrawal,23.0,Tablet,Boston,3,72,13,Credit Card,1
2366.07,Online Purchase,23.0,Desktop,New York,3,18,3,Net Banking,1
556.81,POS Payment,22.0,Tablet,San Francisco,3,107,6,Debit Card,1
77.52,Bank Transfer,18.0,Desktop,Boston,4,31,14,Credit Card,1
2917.35,Bill Payment,3.0,Mobile,Boston,0,89,2,Debit Card,1
4964.01,POS Payment,21.0,Tablet,Chicago,0,104,1,Net Banking,1
3334.18,Online Purchase,5.0,Mobile,Los Angeles,2,117,3,Net Banking,1
801.27,Bank Transfer,20.0,Mobile,Miami,0,63,6,Credit Card,1
4788.73,Online Purchase,17.0,Mobile,Seattle,0,91,11,Net Banking,1
2900.48,Bank Transfer,16.0,Tablet,New York,3,99,9,Debit Card,1
1420.26,POS Payment,13.0,Tablet,Chicago,1,56,1,Debit Card,1
4395.08,ATM Withdrawal,13.0,Desktop,Los Angeles,4,30,1,Debit Card,1
957.63,POS Payment,9.0,Tablet,Boston,0,89,8,Debit Card,1
49997.8,Online Purchase,17.0,Unknown Device,Boston,0,116,5,Debit Card,1
774.06,Bank Transfer,0.0,Desktop,Boston,4,30,6,Net Banking,1
910.96,POS Payment,23.0,Tablet,Houston,4,71,8,Debit Card,1
4658.17,Bill Payment,17.0,Mobile,Boston,1,52,4,Debit Card,1
1822.24,POS Payment,23.0,Tablet,Miami,0,85,5,Debit Card,1
343.29,ATM Withdrawal,15.0,Mobile,Los Angeles,2,89,6,UPI,1
485.75,Bank Transfer,11.0,Tablet,Chicago,3,114,12,Net Banking,1
3236.13,Online Purchase,9.0,Tablet,Chicago,2,81,3,Invalid Method,1
2058.65,POS Payment,23.0,Tablet,Seattle,3,116,1,Net Banking,1
3853.18,Bank Transfer,2.0,Unknown Device,Miami,4,96,4,UPI,1
1489.64,ATM Withdrawal,17.0,Tablet,San Francisco,0,109,3,Net Banking,1
159.07,Online Purchase,22.0,Unknown Device,Boston,2,51,4,Credit Card,1
1925.13,Bank Transfer,18.0,Desktop,Houston,4,49,14,Credit Card,1
530.49,Online Purchase,18.0,Tablet,New York,3,98,11,UPI,1
458.06,Bill Payment,9.0,Desktop,New York,2,110,2,Net Banking,1
2439.77,POS Payment,17.0,Mobile,Boston,0,52,11,Debit Card,1
1213.52,Bank Transfer,23.0,Tablet,Boston,2,1,6,Net Banking,1
2313.3,Online Purchase,14.0,Desktop,San Francisco,2,107,9,Credit Card,1
4885.68,POS Payment,23.0,Unknown Device,Chicago,2,82,14,UPI,1
3480.57,Bank Transfer,5.0,Desktop,Boston,1,49,2,Net Banking,1
1059.67,Bill Payment,13.0,Tablet,Boston,0,59,9,Debit Card,1
2871.48,ATM Withdrawal,11.0,Tablet,Los Angeles,0,89,13,Credit Card,1
3815.29,Bill Payment,14.0,Mobile,New York,0,101,10,Net Banking,1
3056.17,Online Purchase,18.0,Mobile,San Francisco,0,88,1,UPI,1
867.14,POS Payment,12.0,Mobile,Chicago,3,117,3,Net Banking,1
46.1,Online Purchase,18.0,Mobile,Chicago,0,8,4,Net Banking,1
3836.58,Online Purchase,4.0,Tablet,Boston,4,63,14,Credit Card,1
3054.74,ATM Withdrawal,12.0,Mobile,Miami,4,105,3,Credit Card,1
831.46,POS Payment,9.0,Desktop,Chicago,0,27,3,UPI,1
4596.62,Bill Payment,19.0,Tablet,Seattle,3,118,11,Debit Card,1
1274.63,POS Payment,6.0,Tablet,Boston,3,16,4,Debit Card,1
927.19,Online Purchase,17.0,Desktop,Houston,3,5,2,Net Banking,1
3307.27,ATM Withdrawal,6.0,Mobile,Chicago,3,19,7,Debit Card,1
2207.32,POS Payment,8.0,Desktop,Chicago,1,91,1,UPI,1
4712.11,Online Purchase,16.0,Mobile,Chicago,0,80,1,UPI,1
3977.35,POS Payment,13.0,Tablet,Seattle,1,82,2,Debit Card,1
3281.41,POS Payment,13.0,Desktop,Chicago,2,101,4,Credit Card,1
3415.58,POS Payment,0.0,Desktop,Chicago,2,118,8,Debit Card,1
506.83,Bank Transfer,20.0,Tablet,Houston,4,61,8,Debit Card,1
4992.06,Bill Payment,19.0,Desktop,Boston,2,108,13,Debit Card,1
2456.41,Bank Transfer,9.0,Tablet,Houston,4,27,3,Net Banking,1
3588.25,Online Purchase,10.0,Mobile,Los Angeles,1,116,4,Debit Card,1
4385.25,Bank Transfer,15.0,Mobile,Houston,3,105,11,Net Banking,1
3126.08,Online Purchase,22.0,Tablet,New York,3,67,1,Debit Card,1
2219.08,POS Payment,5.0,Desktop,Chicago,3,119,5,Invalid Method,1
809.48,Online Purchase,16.0,Tablet,New York,2,25,4,UPI,1
3257.57,Online Purchase,17.0,Mobile,Los Angeles,4,79,11,Credit Card,1
49997.8,Bank Transfer,13.0,Desktop,Seattle,1,70,8,Credit Card,1
1288.67,Bill Payment,4.0,Mobile,Houston,0,105,2,Credit Card,1
4084.02,Bank Transfer,22.0,Desktop,Boston,1,96,5,UPI,1
4706.95,Bill Payment,11.0,Mobile,Miami,2,98,13,UPI,1
3901.17,POS Payment,8.0,Desktop,Houston,4,49,5,Debit Card,1
2065.08,Bill Payment,12.0,Desktop,Boston,3,14,5,Debit Card,1
194.95,Online Purchase,19.0,Tablet,New York,1,92,7,Credit Card,1
1410.22,Bank Transfer,19.0,Tablet,Miami,0,71,7,Credit Card,1
1122.11,Bill Payment,10.0,Desktop,San Francisco,1,108,5,Credit Card,1
2695.61,Bank Transfer,11.0,Mobile,Chicago,4,110,9,Net Banking,1
2505.49,POS Payment,21.0,Desktop,Los Angeles,4,94,14,UPI,1
3339.78,Online Purchase,18.0,Mobile,Boston,1,31,3,Net Banking,1
4674.23,ATM Withdrawal,18.0,Mobile,Chicago,4,87,4,Credit Card,1
4158.05,ATM Withdrawal,13.0,Tablet,Chicago,2,109,10,UPI,1
4012.2,Online Purchase,8.0,Desktop,Boston,1,94,7,Net Banking,1
4275.58,Bank Transfer,15.0,Mobile,Houston,3,106,9,Net Banking,1
3347.74,ATM Withdrawal,8.0,Mobile,Boston,4,34,11,Debit Card,1
2416.06,POS Payment,12.0,Mobile,Houston,3,108,9,Net Banking,1
2265.95,POS Payment,8.0,Mobile,San Francisco,2,93,3,Credit Card,1
4928.9,POS Payment,13.0,Tablet,Los Angeles,3,74,11,Credit Card,1
1104.98,ATM Withdrawal,21.0,Mobile,Miami,2,24,4,Debit Card,1
1200.91,ATM Withdrawal,14.0,Tablet,Boston,4,105,12,Debit Card,1
1652.28,Online Purchase,18.0,Tablet,Houston,4,34,4,Net Banking,1
1176.35,Bank Transfer,22.0,Unknown Device,Boston,2,115,2,Net Banking,1
4079.31,Bank Transfer,11.0,Mobile,Houston,0,35,12,Credit Card,1
4109.04,Online Purchase,12.0,Mobile,Chicago,2,27,9,Debit Card,1
3504.82,Bill Payment,17.0,Unknown Device,Houston,3,90,6,Net Banking,1
3755.32,ATM Withdrawal,11.0,Tablet,Boston,3,51,14,UPI,1
3606.99,Bill Payment,0.0,Tablet,Los Angeles,1,66,3,Debit Card,1
516.2,ATM Withdrawal,19.0,Desktop,Boston,4,89,8,Debit Card,1
360.67,Bank Transfer,21.0,Mobile,New York,0,59,12,Credit Card,1
2377.81,Online Purchase,21.0,Mobile,Houston,0,118,10,Net Banking,1
742.44,ATM Withdrawal,23.0,Tablet,Chicago,0,8,2,UPI,1
2440.68,Online Purchase,9.0,Desktop,Boston,2,6,12,Credit Card,1
4170.65,Online Purchase,15.0,Desktop,Miami,1,73,11,UPI,1
1689.3,Bank Transfer,18.0,Tablet,New York,1,54,1,UPI,1
3382.51,Bill Payment,10.0,Tablet,Miami,0,93,5,Net Banking,1
1805.62,Online Purchase,13.0,Desktop,Seattle,0,88,2,UPI,1
3453.62,Bank Transfer,20.0,Mobile,Los Angeles,3,48,14,Net Banking,1
3841.97,Bank Transfer,22.0,Tablet,Houston,4,58,12,Debit Card,1
4095.79,POS Payment,20.0,Desktop,New York,2,17,10,Net Banking,1
551.62,POS Payment,2.0,Desktop,Chicago,1,94,12,Net Banking,1
3828.39,POS Payment,15.0,Tablet,Los Angeles,1,74,2,Debit Card,1
1730.0,Online Purchase,2.0,Mobile,Boston,4,96,4,Credit Card,1
4211.99,Bill Payment,14.0,Desktop,New York,4,106,12,Credit Card,1
63.2,ATM Withdrawal,22.0,Mobile,Los Angeles,3,90,2,UPI,1
3036.96,Bill Payment,19.0,Desktop,San Francisco,2,16,3,UPI,1
3686.63,Bank Transfer,23.0,Desktop,Chicago,0,43,10,Net Banking,1
461.22,POS Payment,17.0,Desktop,Chicago,4,44,5,Credit Card,1
3943.59,POS Payment,17.0,Mobile,Chicago,1,40,8,Net Banking,1
1707.96,Bank Transfer,18.0,Tablet,Seattle,0,57,5,Credit Card,1
670.34,Bill Payment,16.0,Mobile,San Francisco,2,87,7,Credit Card,1
49997.8,ATM Withdrawal,14.0,Desktop,Los Angeles,2,42,5,Net Banking,1
1766.92,POS Payment,0.0,Tablet,Chicago,3,60,1,Debit Card,1
3994.81,ATM Withdrawal,19.0,Desktop,Seattle,2,39,4,Credit Card,1
1539.88,ATM Withdrawal,15.0,Desktop,Los Angeles,1,16,6,Net Banking,1
4954.73,POS Payment,15.0,Tablet,Los Angeles,0,106,12,Net Banking,1
2001.61,Bill Payment,11.0,Tablet,Boston,0,114,10,UPI,1
286.84,Bill Payment,10.0,Tablet,Chicago,3,23,2,Credit Card,1
4408.21,ATM Withdrawal,11.0,Desktop,Houston,0,29,3,Credit Card,1
493.66,ATM Withdrawal,8.0,Mobile,Houston,3,72,6,Debit Card,1
3950.79,Bill Payment,17.0,Mobile,Chicago,3,67,2,UPI,1
238.39,Bill Payment,15.0,Mobile,Chicago,4,61,7,Credit Card,1
547.29,Bill Payment,20.0,Mobile,Boston,3,77,1,Net Banking,1
41.65,Bill Payment,6.0,Mobile,Houston,4,107,13,Debit Card,1
4465.29,POS Payment,18.0,Tablet,Los Angeles,0,8,10,Credit Card,1
2150.71,Bill Payment,21.0,Desktop,Los Angeles,1,45,5,Net Banking,1
2909.68,ATM Withdrawal,7.0,Desktop,Los Angeles,1,97,10,Invalid Method,1
4973.17,ATM Withdrawal,10.0,Tablet,Los Angeles,0,71,2,Credit Card,1
1976.37,Online Purchase,7.0,Mobile,Chicago,3,85,2,UPI,1
1335.34,Online Purchase,8.0,Desktop,Miami,2,108,6,Net Banking,1
4111.35,POS Payment,20.0,Desktop,Houston,2,84,5,Credit Card,1
554.13,Bank Transfer,20.0,Mobile,San Francisco,2,42,5,Debit Card,1
1445.59,ATM Withdrawal,22.0,Tablet,Miami,4,117,11,Debit Card,1
2490.62,Bank Transfer,17.0,Desktop,New York,2,52,3,UPI,1
1706.16,Bill Payment,17.0,Mobile,Houston,0,107,3,Credit Card,1
920.97,Online Purchase,2.0,Desktop,Boston,3,25,6,Net Banking,1
3083.57,Bank Transfer,13.0,Unknown Device,San Francisco,4,101,9,Credit Card,1
2493.31,ATM Withdrawal,19.0,Tablet,Chicago,3,32,5,Net Banking,1
3575.57,Bill Payment,15.0,Desktop,New York,2,50,4,UPI,1
4174.26,Online Purchase,10.0,Desktop,Los Angeles,0,100,2,Credit Card,1
2129.23,POS Payment,16.0,Desktop,Houston,2,46,4,Credit Card,1
4943.62,Bill Payment,5.0,Desktop,Houston,3,47,7,Net Banking,1
1772.76,ATM Withdrawal,19.0,Tablet,Houston,3,51,14,Credit Card,1
3383.47,Bill Payment,6.0,Desktop,Chicago,2,115,8,Debit Card,1
1920.56,Online Purchase,22.0,Mobile,New York,1,75,1,UPI,1
2512.19,Bank Transfer,23.0,Desktop,San Francisco,1,104,4,UPI,1
1543.73,Bank Transfer,18.0,Tablet,Boston,1,89,11,Debit Card,1
1898.3,Online Purchase,19.0,Desktop,Boston,3,81,2,Debit Card,1
515.48,Bank Transfer,0.0,Mobile,Houston,2,117,5,Credit Card,1
4473.22,Online Purchase,10.0,Mobile,New York,3,64,6,Net Banking,1
3969.05,Bill Payment,4.0,Desktop,Los Angeles,3,46,2,Credit Card,1
4091.94,Bank Transfer,5.0,Desktop,Chicago,2,66,12,UPI,1
2348.99,ATM Withdrawal,14.0,Desktop,Chicago,3,86,14,UPI,1
3570.22,POS Payment,16.0,Tablet,Miami,0,87,1,Credit Card,1
2406.94,Bill Payment,13.0,Desktop,Seattle,1,58,1,Net Banking,1
2863.21,Online Purchase,15.0,Tablet,Los Angeles,0,102,3,Credit Card,1
1731.2,ATM Withdrawal,19.0,Mobile,Chicago,2,89,13,Debit Card,1
3714.44,Bank Transfer,12.0,Mobile,Los Angeles,1,65,10,Net Banking,1
4282.3,POS Payment,20.0,Tablet,Houston,1,9,4,UPI,1
3943.59,Online Purchase,16.0,Mobile,New York,4,80,5,Debit Card,1
2636.36,Bank Transfer,6.0,Desktop,Chicago,4,29,6,UPI,1
2844.47,Online Purchase,11.0,Desktop,Seattle,2,89,1,Net Banking,1
3563.79,ATM Withdrawal,21.0,Mobile,Boston,3,18,14,Net Banking,1
3124.19,ATM Withdrawal,19.0,Tablet,Chicago,1,62,8,UPI,1
575.45,ATM Withdrawal,10.0,Mobile,Chicago,1,79,9,Debit Card,1
2688.1,Bill Payment,13.0,Desktop,Los Angeles,3,108,10,Credit Card,1
4070.61,ATM Withdrawal,12.0,Mobile,Miami,4,100,12,UPI,1
3464.29,POS Payment,17.0,Tablet,New York,4,117,13,Credit Card,1
2319.22,POS Payment,7.0,Desktop,Chicago,0,80,10,Debit Card,1
1070.87,Bank Transfer,14.0,Tablet,Los Angeles,4,91,13,Debit Card,1
1010.69,ATM Withdrawal,13.0,Tablet,Chicago,2,58,2,UPI,1
3352.62,Bill Payment,5.0,Desktop,Houston,2,116,5,Debit Card,1
4324.83,Online Purchase,7.0,Mobile,Los Angeles,4,20,4,Debit Card,1
4564.2,Bill Payment,12.0,Mobile,Boston,3,102,5,Debit Card,1
2070.2,Bill Payment,11.0,Tablet,Seattle,1,113,5,Net Banking,1
1507.48,POS Payment,16.0,Desktop,San Francisco,1,52,5,Debit Card,1
1073.84,POS Payment,13.0,Tablet,Chicago,0,9,5,Credit Card,1
4705.95,Bank Transfer,21.0,Desktop,Houston,0,3,11,Net Banking,1
2224.44,POS Payment,21.0,Desktop,Miami,0,117,2,Credit Card,1
2682.92,Bank Transfer,6.0,Mobile,Houston,0,65,9,Net Banking,1
1146.53,Bill Payment,15.0,Tablet,New York,1,30,2,Net Banking,1
657.85,Online Purchase,7.0,Tablet,Chicago,4,62,9,Net Banking,1
3751.54,ATM Withdrawal,23.0,Desktop,Los Angeles,3,106,10,UPI,1
3622.95,ATM Withdrawal,23.0,Mobile,Seattle,2,68,2,Credit Card,1
953.62,Bank Transfer,19.0,Desktop,Houston,4,75,7,UPI,1
4479.48,Bill Payment,14.0,Desktop,Miami,2,40,6,UPI,1
3670.71,Bill Payment,18.0,Desktop,Miami,2,20,6,Debit Card,1
4845.98,Bank Transfer,8.0,Mobile,Los Angeles,4,78,6,Credit Card,1
501.11,POS Payment,22.0,Mobile,Boston,2,2,7,Credit Card,1
45.02,POS Payment,14.0,Tablet,Los Angeles,0,109,3,UPI,1
986.23,Online Purchase,22.0,Mobile,Seattle,2,77,2,Net Banking,1
4596.52,Bank Transfer,1.0,Mobile,Boston,0,89,4,Debit Card,1
4813.93,Bill Payment,22.0,Mobile,Seattle,1,106,9,Invalid Method,1
3035.17,ATM Withdrawal,22.0,Tablet,New York,1,52,12,Net Banking,1
1988.75,Bill Payment,17.0,Desktop,Chicago,3,88,14,Net Banking,1
2758.04,POS Payment,20.0,Desktop,New York,1,51,7,Net Banking,1
1563.49,Online Purchase,21.0,Mobile,Houston,0,111,3,Debit Card,1
3374.8,ATM Withdrawal,9.0,Desktop,Boston,1,72,12,Credit Card,1
616.38,Online Purchase,21.0,Tablet,Houston,3,27,14,Debit Card,1
4306.48,Online Purchase,22.0,Mobile,Chicago,2,91,1,Credit Card,1
3165.03,POS Payment,23.0,Tablet,Houston,1,65,3,Credit Card,1
1539.89,ATM Withdrawal,13.0,Desktop,Chicago,2,95,9,Net Banking,1
4058.02,Bank Transfer,15.0,Mobile,Seattle,0,109,8,Net Banking,1
2167.73,ATM Withdrawal,18.0,Mobile,Los Angeles,4,44,9,Debit Card,1
3755.35,Online Purchase,16.0,Mobile,Seattle,1,118,7,Credit Card,1
4776.65,Bill Payment,20.0,Mobile,Los Angeles,4,37,10,UPI,1
571.1,Online Purchase,16.0,Desktop,San Francisco,2,117,5,Net Banking,1
4119.46,Bill Payment,3.0,Mobile,Boston,1,64,7,UPI,1
2497.24,POS Payment,7.0,Desktop,Chicago,0,85,8,UPI,1
217.85,Bank Transfer,3.0,Mobile,Boston,1,111,7,UPI,1
4623.66,Online Purchase,1.0,Desktop,Boston,1,77,2,Net Banking,1
3211.93,ATM Withdrawal,5.0,Mobile,Los Angeles,3,101,6,Credit Card,1
1385.2,Online Purchase,12.0,Mobile,Miami,1,64,4,Debit Card,1
2532.02,Bank Transfer,23.0,Desktop,Los Angeles,4,95,11,Invalid Method,1
3991.32,Bank Transfer,15.0,Desktop,Chicago,0,31,7,Credit Card,1
3757.01,POS Payment,15.0,Tablet,New York,2,57,5,Debit Card,1
1185.37,Bill Payment,14.0,Desktop,Boston,2,43,14,UPI,1
1903.78,Bill Payment,20.0,Mobile,Chicago,1,46,12,Credit Card,1
3832.91,Bank Transfer,4.0,Desktop,Los Angeles,4,91,4,UPI,1
2258.31,Online Purchase,23.0,Tablet,Miami,0,90,4,Net Banking,1
3882.77,Online Purchase,14.0,Desktop,Houston,1,11,3,Net Banking,1
4462.85,ATM Withdrawal,20.0,Desktop,Los Angeles,0,39,8,Invalid Method,1
4471.91,POS Payment,19.0,Desktop,Boston,4,36,2,Debit Card,1
3415.97,POS Payment,23.0,Mobile,Los Angeles,3,69,4,Debit Card,1
4914.61,Online Purchase,14.0,Tablet,Miami,0,27,10,Debit Card,1
4948.06,ATM Withdrawal,18.0,Desktop,Boston,4,15,4,Net Banking,1
2263.59,ATM Withdrawal,16.0,Tablet,Miami,2,54,7,Debit Card,1
3426.55,ATM Withdrawal,6.0,Tablet,Chicago,4,117,6,Credit Card,1
1252.25,Bill Payment,6.0,Desktop,Boston,4,51,8,UPI,1
3099.19,Bank Transfer,3.0,Mobile,Chicago,3,111,11,Debit Card,1
27.92,Bank Transfer,17.0,Unknown Device,San Francisco,1,96,8,UPI,1
3278.52,Bank Transfer,11.0,Mobile,Houston,0,93,3,UPI,1
344.53,POS Payment,22.0,Tablet,Los Angeles,0,23,1,Debit Card,1
125.44,ATM Withdrawal,23.0,Desktop,Boston,0,26,4,Net Banking,1
132.81,Online Purchase,5.0,Tablet,New York,0,113,4,Debit Card,1
642.85,Bank Transfer,3.0,Mobile,Los Angeles,4,74,3,UPI,1
3859.1,ATM Withdrawal,18.0,Desktop,Chicago,4,80,11,Net Banking,1
1015.61,ATM Withdrawal,15.0,Desktop,San Francisco,0,112,9,Net Banking,1
4011.34,Bank Transfer,18.0,Mobile,Miami,2,40,14,Debit Card,1
3382.16,Bank Transfer,15.0,Desktop,Los Angeles,0,114,7,Net Banking,1
49997.8,Online Purchase,19.0,Mobile,Chicago,1,99,4,Debit Card,1
736.76,POS Payment,10.0,Desktop,Chicago,1,67,8,Credit Card,1
4879.55,Bank Transfer,2.0,Desktop,Boston,4,91,6,UPI,1
4136.08,Online Purchase,6.0,Desktop,Miami,1,111,7,Credit Card,1
1528.18,Bill Payment,4.0,Tablet,Chicago,0,14,7,Net Banking,1
1085.87,Bank Transfer,18.0,Mobile,Houston,0,77,5,Debit Card,1
4050.66,Bill Payment,1.0,Desktop,Miami,4,93,4,UPI,1
1087.42,ATM Withdrawal,0.0,Desktop,Houston,0,117,5,Credit Card,1
3491.23,Online Purchase,23.0,Mobile,Houston,0,73,12,Net Banking,1
3568.88,POS Payment,20.0,Desktop,Los Angeles,3,28,6,Credit Card,1
2532.33,POS Payment,10.0,Mobile,Houston,2,44,9,Net Banking,1
2926.12,Bank Transfer,17.0,Tablet,Los Angeles,3,81,13,UPI,1
2036.8,POS Payment,13.0,Desktop,Los Angeles,3,28,5,UPI,1
1657.31,Online Purchase,12.0,Desktop,Los Angeles,2,90,13,Net Banking,1
49997.8,Bill Payment,12.0,Tablet,Los Angeles,2,46,4,Credit Card,1
3490.0,Bank Transfer,7.0,Desktop,Seattle,0,117,4,UPI,1
2329.52,Bill Payment,8.0,Tablet,Boston,1,17,11,Net Banking,1
291.39,Bill Payment,18.0,Desktop,Houston,3,78,10,Net Banking,1
4379.14,Online Purchase,6.0,Mobile,Los Angeles,3,56,5,Credit Card,1
11.61,ATM Withdrawal,22.0,Tablet,Los Angeles,4,111,1,Credit Card,1
1534.76,Online Purchase,21.0,Mobile,Houston,2,27,11,Credit Card,1
4043.11,Bill Payment,3.0,Mobile,Miami,2,110,4,Debit Card,1
3525.49,Online Purchase,9.0,Desktop,Chicago,3,99,10,Credit Card,1
3228.72,Bill Payment,19.0,Tablet,Boston,4,30,4,Net Banking,1
631.45,Online Purchase,3.0,Mobile,Miami,1,105,4,Net Banking,1
180.86,Online Purchase,21.0,Tablet,Boston,3,110,2,Debit Card,1
3011.62,ATM Withdrawal,6.0,Desktop,Los Angeles,1,23,3,Credit Card,1
3714.94,Online Purchase,17.0,Mobile,Los Angeles,1,104,14,Credit Card,1
4268.75,Bill Payment,19.0,Mobile,Miami,0,111,5,UPI,1
78.08,Online Purchase,19.0,Mobile,Los Angeles,4,45,6,Debit Card,1
3452.03,ATM Withdrawal,23.0,Mobile,Los Angeles,0,64,1,Net Banking,1
692.89,ATM Withdrawal,18.0,Desktop,Houston,1,41,10,Credit Card,1
2128.37,Online Purchase,23.0,Mobile,Miami,3,46,8,Credit Card,1
2689.61,ATM Withdrawal,17.0,Mobile,Miami,4,76,3,Debit Card,1
22.09,Online Purchase,22.0,Tablet,New York,2,68,12,Credit Card,1
49997.8,Bill Payment,14.0,Desktop,San Francisco,0,70,2,Debit Card,1
3266.88,POS Payment,11.0,Desktop,Boston,0,71,2,Net Banking,1
1048.8,Bill Payment,20.0,Unknown Device,Los Angeles,4,42,13,Credit Card,1
2919.77,Online Purchase,23.0,Desktop,Miami,4,62,6,Credit Card,1
3592.87,Online Purchase,8.0,Tablet,Los Angeles,1,75,10,UPI,1
3970.27,ATM Withdrawal,16.0,Desktop,Boston,4,100,12,Debit Card,1
2540.59,Online Purchase,14.0,Desktop,Chicago,4,113,5,Debit Card,1
4305.43,Bank Transfer,23.0,Mobile,Boston,1,56,9,UPI,1
1530.92,Bill Payment,1.0,Mobile,Miami,3,85,2,Debit Card,1
2402.86,ATM Withdrawal,13.0,Tablet,Miami,4,33,1,Net Banking,1
3814.87,Bill Payment,0.0,Desktop,Boston,2,36,3,Credit Card,1
2500.39,POS Payment,16.0,Tablet,Houston,1,88,5,Net Banking,1
1428.59,ATM Withdrawal,7.0,Desktop,Boston,0,99,5,Net Banking,1
3493.95,POS Payment,8.0,Mobile,Chicago,4,57,5,Net Banking,1
3842.57,Online Purchase,17.0,Tablet,New York,4,57,9,Credit Card,1
1444.92,POS Payment,0.0,Desktop,Los Angeles,0,58,2,UPI,1
4620.5,Online Purchase,13.0,Tablet,Houston,1,118,13,Debit Card,1
1901.02,Online Purchase,18.0,Tablet,Chicago,3,59,11,Net Banking,1
246.87,POS Payment,18.0,Mobile,Boston,1,66,3,UPI,1
4574.3,POS Payment,2.0,Mobile,Miami,1,97,8,Credit Card,1
4977.4,ATM Withdrawal,15.0,Tablet,Los Angeles,1,75,14,Debit Card,1
2439.78,Bill Payment,21.0,Mobile,San Francisco,2,119,11,UPI,1
1796.12,POS Payment,11.0,Desktop,Miami,0,29,1,UPI,1
612.95,Online Purchase,13.0,Desktop,Boston,3,67,2,Net Banking,1
4523.0,Online Purchase,4.0,Mobile,Boston,2,88,6,Net Banking,1
1875.2,POS Payment,23.0,Mobile,Seattle,1,28,4,Credit Card,1
4634.61,ATM Withdrawal,6.0,Mobile,Boston,2,10,13,UPI,1
407.61,POS Payment,10.0,Mobile,Boston,3,64,13,Debit Card,1
910.24,Bank Transfer,7.0,Tablet,Chicago,4,69,7,UPI,1
4403.47,Online Purchase,20.0,Mobile,Los Angeles,4,9,1,Credit Card,1
4423.81,Online Purchase,18.0,Mobile,Los Angeles,2,86,12,UPI,1
3279.98,Bank Transfer,16.0,Desktop,Boston,4,98,9,Debit Card,1
1909.45,POS Payment,18.0,Desktop,Boston,1,8,12,Credit Card,1
4367.9,Bank Transfer,23.0,Mobile,Chicago,2,53,3,Credit Card,1
656.26,Bill Payment,1.0,Mobile,Houston,2,113,7,Net Banking,1
2663.7,Bank Transfer,12.0,Desktop,New York,3,43,2,Net Banking,1
4133.06,Online Purchase,22.0,Tablet,Los Angeles,2,100,10,UPI,1
3491.74,Bank Transfer,15.0,Tablet,New York,4,12,2,UPI,1
4099.08,Bank Transfer,12.0,Desktop,Boston,2,55,3,Net Banking,1
474.75,Online Purchase,19.0,Desktop,Boston,2,44,11,Net Banking,1
3530.6,Bill Payment,13.0,Tablet,New York,1,107,11,UPI,1
2130.79,POS Payment,21.0,Mobile,Seattle,0,63,5,Credit Card,1
1146.96,Bank Transfer,13.0,Mobile,Chicago,4,33,3,Credit Card,1
3069.86,Bill Payment,16.0,Desktop,Houston,2,67,8,Net Banking,1
1689.36,Bill Payment,21.0,Mobile,Boston,3,88,1,Debit Card,1
1434.44,ATM Withdrawal,15.0,Tablet,Houston,3,112,14,Net Banking,1
1997.35,Bank Transfer,6.0,Desktop,Chicago,3,82,8,UPI,1
3678.19,Bill Payment,11.0,Tablet,Miami,3,30,4,UPI,1
1158.07,Bill Payment,2.0,Desktop,Chicago,3,66,8,Net Banking,1
354.91,Bill Payment,13.0,Mobile,New York,0,89,8,UPI,1
518.34,POS Payment,5.0,Tablet,Los Angeles,1,34,1,Credit Card,1
4773.36,ATM Withdrawal,0.0,Tablet,Boston,0,51,1,UPI,1
1893.26,Bank Transfer,14.0,Desktop,Boston,3,88,12,Debit Card,1
3416.87,Online Purchase,6.0,Desktop,New York,2,98,1,Debit Card,1
3072.56,Online Purchase,19.0,Tablet,Seattle,3,104,10,UPI,1
4676.31,POS Payment,4.0,Tablet,Boston,3,29,13,Net Banking,1
399.95,Bank Transfer,6.0,Desktop,Chicago,1,58,10,UPI,1
3881.42,POS Payment,23.0,Desktop,Houston,3,108,7,Credit Card,1
3682.39,ATM Withdrawal,16.0,Desktop,Chicago,3,22,3,Credit Card,1
486.83,Bank Transfer,3.0,Desktop,Boston,0,82,7,Credit Card,1
3326.16,Online Purchase,21.0,Tablet,San Francisco,3,23,4,Credit Card,1
1774.08,Online Purchase,12.0,Mobile,San Francisco,2,100,2,UPI,1
3711.25,Bank Transfer,13.0,Tablet,Miami,2,93,5,Debit Card,1
4077.7,Bill Payment,10.0,Tablet,Los Angeles,0,75,14,Net Banking,1
2228.72,Bank Transfer,10.0,Desktop,Houston,4,64,6,Debit Card,1
1050.24,Bank Transfer,19.0,Tablet,Boston,4,115,1,Net Banking,1
3052.01,Bank Transfer,0.0,Tablet,Boston,1,108,11,Debit Card,1
2277.78,ATM Withdrawal,10.0,Desktop,San Francisco,4,84,3,Net Banking,1
1585.39,Online Purchase,10.0,Mobile,Chicago,3,36,5,Net Banking,1
203.26,Bank Transfer,11.0,Mobile,Boston,2,47,1,UPI,1
2620.24,Online Purchase,12.0,Unknown Device,Houston,3,96,8,UPI,1
475.16,POS Payment,15.0,Tablet,Houston,3,8,9,Net Banking,1
2859.99,POS Payment,5.0,Mobile,Miami,3,81,4,Credit Card,1
1791.19,Online Purchase,23.0,Desktop,Miami,2,30,6,Credit Card,1
4861.83,Bank Transfer,9.0,Desktop,Los Angeles,3,100,8,Credit Card,1
197.08,Bank Transfer,20.0,Unknown Device,San Francisco,1,90,2,Credit Card,1
2092.66,Bill Payment,13.0,Desktop,Boston,3,35,1,UPI,1
24.63,Bank Transfer,19.0,Mobile,Miami,3,53,10,Credit Card,1
2495.78,Bank Transfer,2.0,Tablet,Boston,2,107,6,UPI,1
1549.47,ATM Withdrawal,3.0,Tablet,Chicago,2,99,12,Debit Card,1
2097.8,Bank Transfer,23.0,Tablet,Los Angeles,1,95,9,Net Banking,1
2700.05,Online Purchase,22.0,Mobile,Miami,0,62,10,Credit Card,1
4899.79,Bill Payment,3.0,Tablet,Boston,0,62,10,Net Banking,1
3650.49,POS Payment,1.0,Desktop,Boston,4,68,11,Net Banking,1
3386.44,Bank Transfer,20.0,Tablet,Seattle,2,49,5,Debit Card,1
4821.26,POS Payment,23.0,Desktop,Seattle,3,36,2,Credit Card,1
2288.57,ATM Withdrawal,23.0,Unknown Device,Los Angeles,4,43,12,Credit Card,1
3604.48,Online Purchase,2.0,Tablet,Los Angeles,2,81,7,UPI,1
53.21,Bank Transfer,14.0,Tablet,Los Angeles,0,89,7,Net Banking,1
1014.53,Bank Transfer,8.0,Tablet,Boston,2,56,3,Credit Card,1
1679.81,ATM Withdrawal,17.0,Tablet,Houston,0,4,7,Invalid Method,1
2174.05,Online Purchase,23.0,Mobile,New York,3,52,1,UPI,1
1137.57,Online Purchase,20.0,Tablet,New York,4,54,4,UPI,1
1154.24,Bill Payment,20.0,Mobile,Seattle,0,83,3,Net Banking,1
3090.46,Bill Payment,20.0,Tablet,Chicago,4,100,7,UPI,1
1679.8,Bank Transfer,19.0,Tablet,Houston,1,102,1,UPI,1
1354.0,Bill Payment,15.0,Desktop,New York,0,25,4,Credit Card,1
977.76,Online Purchase,21.0,Mobile,San Francisco,1,95,8,Credit Card,1
2158.51,Online Purchase,19.0,Mobile,New York,0,85,8,Credit Card,1
2653.17,ATM Withdrawal,0.0,Tablet,Houston,4,60,1,Credit Card,1
1997.34,Online Purchase,15.0,Desktop,Chicago,0,81,4,UPI,1
4618.77,ATM Withdrawal,12.0,Tablet,Boston,1,93,3,Credit Card,1
2676.1,Bank Transfer,17.0,Desktop,Houston,4,112,3,Net Banking,1
3959.25,Bank Transfer,15.0,Mobile,Chicago,0,83,4,Credit Card,1
1368.75,Bill Payment,14.0,Desktop,Houston,0,113,9,Net Banking,1
4556.85,Bank Transfer,14.0,Tablet,Los Angeles,2,97,7,Debit Card,1
4501.07,Bill Payment,1.0,Tablet,New York,2,118,3,Debit Card,1
4532.51,Online Purchase,0.0,Mobile,Houston,3,52,1,Credit Card,1
1037.85,ATM Withdrawal,10.0,Desktop,Chicago,2,83,2,Credit Card,1
493.98,ATM Withdrawal,20.0,Tablet,Boston,2,88,6,Credit Card,1
2023.56,ATM Withdrawal,2.0,Tablet,Miami,3,116,3,UPI,1
1648.11,Bill Payment,21.0,Tablet,Los Angeles,4,12,12,UPI,1
650.71,POS Payment,16.0,Tablet,Houston,2,86,3,Net Banking,1
1346.68,Bill Payment,19.0,Desktop,Boston,0,96,6,Net Banking,1
3528.73,POS Payment,21.0,Tablet,Boston,3,87,4,Credit Card,1
4523.93,Bank Transfer,13.0,Desktop,Miami,2,38,3,Net Banking,1
1851.42,Bank Transfer,9.0,Desktop,Boston,0,83,2,UPI,1
839.03,ATM Withdrawal,23.0,Desktop,Los Angeles,0,118,4,Credit Card,1
4764.13,ATM Withdrawal,2.0,Unknown Device,Chicago,4,12,3,UPI,1
2238.32,POS Payment,7.0,Desktop,Chicago,2,81,2,Debit Card,1
1907.16,POS Payment,9.0,Tablet,Miami,1,102,12,Invalid Method,1
3556.42,POS Payment,14.0,Mobile,Los Angeles,0,75,2,UPI,1
1830.21,Bank Transfer,10.0,Desktop,Chicago,0,45,9,Debit Card,1
2756.22,Bank Transfer,7.0,Tablet,Los Angeles,0,116,8,Credit Card,1
2041.9,Online Purchase,10.0,Mobile,Miami,3,101,13,Credit Card,1
4887.22,Online Purchase,15.0,Desktop,Chicago,0,5,11,Debit Card,1
811.33,Bill Payment,13.0,Tablet,Miami,4,91,8,Credit Card,1
4599.41,Bill Payment,21.0,Mobile,Miami,2,54,13,Net Banking,1
1674.98,Bill Payment,21.0,Mobile,San Francisco,4,59,7,Net Banking,1
3908.01,Bank Transfer,14.0,Tablet,Chicago,3,2,12,UPI,1
4508.86,ATM Withdrawal,2.0,Mobile,Boston,2,108,13,Debit Card,1
3772.51,Bank Transfer,2.0,Desktop,Boston,3,105,8,UPI,1
1486.2,ATM Withdrawal,18.0,Mobile,Houston,0,45,10,Net Banking,1
558.63,Online Purchase,7.0,Mobile,Houston,1,78,7,Net Banking,1
4154.39,Online Purchase,15.0,Desktop,New York,0,71,12,Net Banking,1
3576.96,Online Purchase,15.0,Desktop,New York,2,82,12,Debit Card,1
1271.47,POS Payment,19.0,Desktop,Chicago,4,119,6,Net Banking,1
1081.77,ATM Withdrawal,19.0,Tablet,Boston,1,6,11,Debit Card,1
1105.52,Bank Transfer,6.0,Desktop,Miami,0,118,1,Invalid Method,1
1730.94,POS Payment,8.0,Mobile,Boston,4,68,11,Debit Card,1
2162.51,Bank Transfer,10.0,Unknown Device,Los Angeles,2,11,5,UPI,1
3608.42,Bill Payment,8.0,Tablet,Miami,3,95,3,UPI,1
4826.75,Bill Payment,19.0,Mobile,San Francisco,0,97,4,Credit Card,1
4890.96,Bill Payment,17.0,Tablet,San Francisco,4,55,3,Net Banking,1
2920.56,Bill Payment,8.0,Unknown Device,Chicago,0,88,11,Debit Card,1
1091.05,Bank Transfer,21.0,Mobile,Los Angeles,1,85,6,Debit Card,1
4154.18,Bank Transfer,12.0,Mobile,Miami,1,14,4,UPI,1
4589.49,Online Purchase,9.0,Desktop,Los Angeles,0,105,8,Credit Card,1
4620.96,ATM Withdrawal,3.0,Mobile,Houston,2,24,5,UPI,1
1305.12,Bank Transfer,17.0,Tablet,New York,4,102,13,Debit Card,1
3304.33,ATM Withdrawal,17.0,Mobile,Los Angeles,4,96,11,UPI,1
2946.55,POS Payment,22.0,Tablet,Boston,2,4,12,Net Banking,1
2113.33,POS Payment,16.0,Mobile,New York,1,2,2,Net Banking,1
1167.75,Online Purchase,16.0,Desktop,Houston,1,1,5,Credit Card,1
2363.4,Online Purchase,11.0,Mobile,Los Angeles,0,61,9,Credit Card,1
2061.86,ATM Withdrawal,17.0,Desktop,Chicago,1,85,14,UPI,1
492.21,ATM Withdrawal,20.0,Tablet,New York,2,97,7,Net Banking,1
2014.3,Online Purchase,22.0,Desktop,Miami,1,53,3,Debit Card,1
2554.5,Bill Payment,12.0,Mobile,Houston,3,53,13,Net Banking,1
4124.43,Online Purchase,12.0,Tablet,Houston,2,67,4,UPI,1
1838.41,Bill Payment,21.0,Tablet,San Francisco,0,87,7,Credit Card,1
2592.37,ATM Withdrawal,11.0,Mobile,Los Angeles,0,73,12,Credit Card,1
4204.17,Online Purchase,11.0,Mobile,Los Angeles,4,3,2,Credit Card,1
3900.45,Bank Transfer,8.0,Desktop,Chicago,4,37,6,Net Banking,1
426.55,Bill Payment,16.0,Desktop,Chicago,0,50,9,Credit Card,1
2925.99,Bank Transfer,22.0,Tablet,Chicago,0,55,2,Net Banking,1
4583.25,Bill Payment,16.0,Tablet,New York,1,27,2,Debit Card,1
2578.69,Bank Transfer,12.0,Unknown Device,Chicago,4,65,5,Credit Card,1
3727.97,Bank Transfer,22.0,Tablet,Seattle,0,107,13,Credit Card,1
2459.93,Online Purchase,19.0,Desktop,Miami,2,105,8,Credit Card,1
875.74,Bill Payment,15.0,Desktop,Chicago,0,60,5,Net Banking,1
4713.0,Bill Payment,3.0,Desktop,Miami,4,114,8,UPI,1
4949.77,Bill Payment,1.0,Mobile,Houston,3,42,4,Net Banking,1
718.38,Online Purchase,2.0,Tablet,Houston,1,105,6,Debit Card,1
1591.78,Online Purchase,20.0,Mobile,Chicago,3,52,11,UPI,1
4209.92,Bill Payment,13.0,Mobile,New York,1,39,4,UPI,1
49997.8,Bill Payment,19.0,Mobile,Houston,4,22,9,Net Banking,1
4039.13,ATM Withdrawal,9.0,Tablet,Houston,4,107,2,Credit Card,1
1413.14,ATM Withdrawal,21.0,Mobile,Boston,1,5,4,UPI,1
3011.1,Bank Transfer,21.0,Desktop,Miami,4,50,9,Net Banking,1
4224.35,POS Payment,12.0,Desktop,Boston,1,57,11,Credit Card,1
3829.87,Online Purchase,19.0,Mobile,Houston,2,19,9,UPI,1
4992.48,Online Purchase,23.0,Tablet,Houston,4,40,7,Debit Card,1
3732.22,Bank Transfer,20.0,Mobile,Houston,1,91,13,Invalid Method,1
3594.84,Online Purchase,0.0,Desktop,Boston,3,87,9,Credit Card,1
4861.81,ATM Withdrawal,22.0,Tablet,Houston,2,9,12,Invalid Method,1
1916.62,POS Payment,12.0,Mobile,Los Angeles,2,77,8,Net Banking,1
3701.28,Online Purchase,3.0,Mobile,Chicago,1,109,6,Debit Card,1
3906.2,ATM Withdrawal,21.0,Desktop,Seattle,0,19,6,Credit Card,1
1193.17,Bill Payment,22.0,Mobile,San Francisco,0,21,7,Debit Card,1
3308.41,ATM Withdrawal,12.0,Desktop,New York,3,111,13,Credit Card,1
3391.18,POS Payment,18.0,Desktop,San Francisco,1,84,9,UPI,1
3920.43,Bill Payment,6.0,Mobile,Los Angeles,4,109,1,Debit Card,1
422.58,Online Purchase,5.0,Desktop,Chicago,4,40,8,Debit Card,1
2059.5,POS Payment,7.0,Desktop,Chicago,0,109,3,Invalid Method,1
4538.43,Online Purchase,14.0,Mobile,Miami,4,68,3,Credit Card,1
3643.28,Online Purchase,23.0,Mobile,Chicago,1,6,12,Credit Card,1
4268.7,Online Purchase,17.0,Mobile,Boston,3,42,5,UPI,1
471.23,Bank Transfer,16.0,Desktop,Los Angeles,1,31,2,UPI,1
49997.8,Online Purchase,13.0,Mobile,New York,1,22,4,Debit Card,1
2533.2,Bank Transfer,21.0,Mobile,Boston,1,39,13,Debit Card,1
3527.19,Online Purchase,14.0,Mobile,New York,0,112,1,Debit Card,1
1139.95,Online Purchase,12.0,Tablet,Miami,0,107,13,Debit Card,1
4562.65,POS Payment,21.0,Desktop,Houston,4,27,9,Net Banking,1
4177.67,ATM Withdrawal,9.0,Desktop,Boston,1,32,4,Credit Card,1
1642.98,Bank Transfer,15.0,Desktop,Seattle,0,102,2,Net Banking,1
3857.55,POS Payment,14.0,Mobile,Miami,0,91,12,Debit Card,1
3229.74,Bill Payment,22.0,Desktop,Los Angeles,4,103,11,Credit Card,1
2070.69,Online Purchase,22.0,Mobile,Los Angeles,2,75,11,Net Banking,1
1117.22,POS Payment,18.0,Tablet,Los Angeles,0,60,9,Debit Card,1
1319.73,Bill Payment,13.0,Mobile,Boston,4,78,6,Debit Card,1
377.67,Bill Payment,6.0,Mobile,Chicago,2,52,2,UPI,1
1408.78,POS Payment,11.0,Tablet,Houston,1,70,10,Debit Card,1
1666.59,Online Purchase,13.0,Tablet,Boston,4,7,5,Credit Card,1
3736.06,Bank Transfer,22.0,Tablet,Chicago,3,92,2,UPI,1
3855.64,Bank Transfer,2.0,Mobile,Chicago,4,20,4,Debit Card,1
3612.5,POS Payment,3.0,Tablet,Chicago,2,31,1,Debit Card,1
3335.3,Online Purchase,16.0,Tablet,Chicago,2,72,4,Net Banking,1
2655.2,Online Purchase,20.0,Desktop,Seattle,0,54,6,Net Banking,1
993.44,Online Purchase,20.0,Desktop,San Francisco,0,79,4,Credit Card,1
4601.71,ATM Withdrawal,16.0,Tablet,Chicago,1,111,12,UPI,1
141.01,POS Payment,17.0,Tablet,New York,0,113,4,UPI,1
4711.35,Bank Transfer,8.0,Desktop,Houston,1,11,10,Credit Card,1
4822.67,Bill Payment,8.0,Desktop,Los Angeles,0,111,6,Net Banking,1
2306.01,Bill Payment,9.0,Desktop,Chicago,0,115,4,Debit Card,1
3203.51,Bank Transfer,1.0,Mobile,Boston,0,61,1,Debit Card,1
518.29,Bank Transfer,15.0,Mobile,Los Angeles,0,6,8,Net Banking,1
984.68,ATM Withdrawal,21.0,Desktop,Miami,4,41,1,Credit Card,1
3159.44,Bank Transfer,15.0,Mobile,Miami,4,49,9,UPI,1
4107.53,Bill Payment,5.0,Desktop,Houston,4,95,10,Net Banking,1
1833.94,Bill Payment,14.0,Desktop,Chicago,0,110,2,Credit Card,1
1134.39,ATM Withdrawal,19.0,Desktop,Houston,3,6,4,Invalid Method,1
1724.85,Bank Transfer,15.0,Mobile,Boston,4,89,8,Debit Card,1
4077.76,Bank Transfer,19.0,Tablet,Boston,3,26,3,UPI,1
3866.49,Bill Payment,22.0,Tablet,Houston,2,42,8,Credit Card,1
4704.59,POS Payment,15.0,Tablet,Los Angeles,1,8,2,Invalid Method,1
4873.99,Bill Payment,6.0,Mobile,Chicago,3,93,4,UPI,1
151.18,POS Payment,8.0,Mobile,Boston,3,113,2,Credit Card,1
2045.4,ATM Withdrawal,21.0,Mobile,Miami,0,36,1,Credit Card,1
287.33,POS Payment,21.0,Tablet,Miami,0,32,14,Net Banking,1
2414.72,POS Payment,12.0,Mobile,Los Angeles,3,29,2,Debit Card,1
1172.11,ATM Withdrawal,19.0,Desktop,Los Angeles,1,101,10,UPI,1
4316.66,ATM Withdrawal,23.0,Unknown Device,Seattle,1,83,7,Net Banking,1
4018.94,Bill Payment,2.0,Desktop,Boston,4,105,8,Debit Card,1
3653.5,ATM Withdrawal,23.0,Desktop,New York,2,45,11,UPI,1
4012.11,Bank Transfer,23.0,Mobile,Boston,3,70,5,Debit Card,1
104.28,Online Purchase,2.0,Mobile,Boston,3,103,11,Net Banking,1
3068.35,Online Purchase,15.0,Unknown Device,New York,3,54,7,Net Banking,1
1155.44,Bank Transfer,20.0,Tablet,Seattle,2,97,4,Credit Card,1
920.97,Online Purchase,12.0,Mobile,Los Angeles,2,79,4,Credit Card,1
4445.89,Bank Transfer,15.0,Mobile,Miami,3,46,5,UPI,1
589.41,Online Purchase,0.0,Desktop,Boston,3,40,7,Debit Card,1
3323.83,Bill Payment,10.0,Mobile,Los Angeles,0,56,8,Net Banking,1
852.62,ATM Withdrawal,15.0,Desktop,Los Angeles,1,3,6,Net Banking,1
2198.1,Bank Transfer,13.0,Tablet,Boston,0,16,14,Debit Card,1
1668.24,ATM Withdrawal,1.0,Desktop,Boston,0,27,2,Net Banking,1
2948.91,Bill Payment,10.0,Tablet,Boston,0,58,8,Net Banking,1
2660.46,Bill Payment,16.0,Mobile,Boston,2,29,8,UPI,1
1306.31,Bank Transfer,17.0,Mobile,Houston,1,80,10,Credit Card,1
1411.68,Bill Payment,21.0,Tablet,Miami,0,60,11,UPI,1
1051.95,ATM Withdrawal,17.0,Desktop,Houston,0,80,3,Debit Card,1
2464.33,ATM Withdrawal,18.0,Desktop,San Francisco,4,44,3,UPI,1
1136.61,Bank Transfer,10.0,Tablet,Boston,3,81,10,Net Banking,1
1589.95,Online Purchase,20.0,Mobile,Boston,3,40,8,Net Banking,1
2966.45,Bank Transfer,17.0,Tablet,Los Angeles,4,51,7,Debit Card,1
1220.94,Bank Transfer,16.0,Tablet,Chicago,2,94,13,Net Banking,1
1428.04,ATM Withdrawal,7.0,Mobile,Miami,1,79,7,UPI,1
1262.78,Online Purchase,1.0,Mobile,Chicago,0,104,2,Net Banking,1
3095.88,Bill Payment,21.0,Tablet,Seattle,3,96,9,Net Banking,1
160.55,Bill Payment,15.0,Unknown Device,Seattle,0,78,1,Debit Card,1
1477.88,POS Payment,13.0,Tablet,Los Angeles,4,88,10,Net Banking,1
4672.16,Online Purchase,15.0,Tablet,Los Angeles,0,85,10,Net Banking,1
2774.7,Online Purchase,15.0,Tablet,Houston,4,82,5,Credit Card,1
1069.44,ATM Withdrawal,22.0,Desktop,Miami,0,83,7,Net Banking,1
814.36,Bill Payment,15.0,Desktop,Chicago,2,108,12,Credit Card,1
4347.57,Bank Transfer,12.0,Unknown Device,Los Angeles,1,39,12,Credit Card,1
753.07,POS Payment,3.0,Desktop,Miami,3,106,2,UPI,1
4977.87,Bill Payment,22.0,Tablet,San Francisco,1,55,11,UPI,1
4419.79,POS Payment,9.0,Tablet,Boston,4,84,6,UPI,1
1568.27,Bill Payment,7.0,Tablet,Boston,1,20,13,Net Banking,1
1741.39,Online Purchase,6.0,Desktop,Houston,2,72,7,Net Banking,1
590.66,ATM Withdrawal,21.0,Desktop,Los Angeles,3,62,14,UPI,1
1496.93,Online Purchase,18.0,Mobile,Boston,1,17,10,Credit Card,1
3393.84,Bill Payment,23.0,Mobile,Los Angeles,2,88,1,UPI,1
3751.07,ATM Withdrawal,1.0,Desktop,Houston,3,51,5,Debit Card,1
349.07,Bill Payment,11.0,Desktop,Los Angeles,1,62,10,UPI,1
4083.36,Bank Transfer,1.0,Mobile,Boston,3,56,9,Credit Card,1
1098.54,Bank Transfer,21.0,Mobile,Boston,0,30,10,Net Banking,1
324.88,POS Payment,13.0,Desktop,Chicago,2,42,8,UPI,1
2484.57,Bill Payment,4.0,Tablet,Chicago,2,34,9,Credit Card,1
3154.86,Bill Payment,22.0,Mobile,Miami,0,107,6,Debit Card,1
2488.66,Online Purchase,16.0,Tablet,Boston,3,63,10,Credit Card,1
1300.77,Bill Payment,12.0,Desktop,Boston,1,43,4,UPI,1
4042.78,Online Purchase,23.0,Desktop,Seattle,0,14,5,Debit Card,1
4337.07,Bill Payment,17.0,Desktop,San Francisco,1,77,4,Net Banking,1
527.08,Bank Transfer,0.0,Desktop,Chicago,0,106,12,Credit Card,1
3355.48,Online Purchase,5.0,Mobile,Houston,0,65,1,UPI,1
200.58,Bill Payment,11.0,Tablet,Houston,4,3,2,Net Banking,1
3698.57,Bank Transfer,16.0,Mobile,Houston,3,80,1,UPI,1
2784.53,ATM Withdrawal,9.0,Mobile,Los Angeles,2,50,8,Net Banking,1
8.52,Online Purchase,8.0,Mobile,Boston,4,30,4,UPI,1
1276.05,ATM Withdrawal,11.0,Desktop,Houston,0,76,8,Invalid Method,1
2673.29,Online Purchase,21.0,Tablet,Chicago,1,107,5,Debit Card,1
3894.09,ATM Withdrawal,18.0,Desktop,Boston,4,89,10,Credit Card,1
3928.75,Online Purchase,18.0,Desktop,New York,3,15,6,UPI,1
3553.81,Bank Transfer,11.0,Mobile,New York,1,62,4,Credit Card,1
1883.16,Online Purchase,20.0,Mobile,Miami,2,86,9,Credit Card,1
3396.63,Online Purchase,16.0,Desktop,New York,4,99,8,UPI,1
2858.77,POS Payment,23.0,Desktop,Boston,2,22,1,Debit Card,1
3066.75,Bill Payment,5.0,Tablet,Boston,2,99,4,UPI,1
61.2,Online Purchase,19.0,Tablet,Miami,0,75,2,Credit Card,1
2785.53,Bill Payment,16.0,Desktop,Los Angeles,3,37,2,Net Banking,1
2781.95,Bill Payment,3.0,Mobile,Boston,1,97,9,Credit Card,1
4944.56,Bill Payment,16.0,Desktop,Boston,4,18,4,Debit Card,1
632.11,ATM Withdrawal,12.0,Desktop,Los Angeles,1,119,12,Credit Card,1
2064.22,ATM Withdrawal,22.0,Mobile,Miami,0,33,13,Net Banking,1
1891.0,Bank Transfer,11.0,Tablet,Chicago,4,67,6,Invalid Method,1
2495.62,Bank Transfer,11.0,Mobile,Houston,4,50,5,Net Banking,1
1350.24,ATM Withdrawal,10.0,Tablet,Boston,0,12,9,UPI,1
4017.55,Online Purchase,10.0,Desktop,Chicago,3,64,10,Debit Card,1
1857.35,ATM Withdrawal,12.0,Mobile,Los Angeles,3,83,5,UPI,1
2982.22,Bank Transfer,9.0,Tablet,Chicago,3,15,8,Debit Card,1
1556.36,Online Purchase,23.0,Desktop,Houston,2,5,14,Net Banking,1
467.47,Bank Transfer,6.0,Tablet,Boston,0,70,12,Net Banking,1
1856.39,POS Payment,5.0,Desktop,Los Angeles,2,86,4,Credit Card,1
3529.87,Online Purchase,5.0,Desktop,Houston,2,57,7,Net Banking,1
3700.47,POS Payment,22.0,Tablet,San Francisco,1,91,9,Debit Card,1
2874.4,Bill Payment,16.0,Tablet,Los Angeles,0,43,5,UPI,1
1447.21,Bank Transfer,9.0,Desktop,Los Angeles,4,99,8,Net Banking,1
2029.49,Online Purchase,10.0,Mobile,Los Angeles,1,73,9,Invalid Method,1
4596.44,Bank Transfer,23.0,Desktop,Boston,4,5,2,Debit Card,1
3630.47,POS Payment,10.0,Desktop,Chicago,4,100,6,UPI,1
3570.69,POS Payment,3.0,Mobile,Los Angeles,2,116,1,Credit Card,1
1485.08,POS Payment,22.0,Tablet,Chicago,0,10,1,Net Banking,1
4125.3,ATM Withdrawal,0.0,Tablet,Chicago,3,100,2,Debit Card,1
3372.57,POS Payment,17.0,Tablet,Chicago,1,52,10,UPI,1
4679.45,ATM Withdrawal,21.0,Desktop,San Francisco,2,22,7,Credit Card,1
4268.7,POS Payment,8.0,Tablet,Seattle,0,79,1,Credit Card,1
2599.61,ATM Withdrawal,15.0,Tablet,Chicago,3,105,10,UPI,1
543.07,Bank Transfer,23.0,Tablet,Miami,1,54,11,Debit Card,1
1671.9,Online Purchase,6.0,Desktop,Boston,1,74,2,UPI,1
3230.65,ATM Withdrawal,4.0,Desktop,Boston,3,72,1,UPI,1
2619.87,Online Purchase,19.0,Desktop,New York,0,91,2,Debit Card,1
3942.84,Online Purchase,11.0,Mobile,Houston,0,68,6,UPI,1
64.97,Bill Payment,7.0,Mobile,Boston,4,76,10,Debit Card,1
1963.22,POS Payment,23.0,Mobile,Los Angeles,0,91,1,Credit Card,1
4063.01,Bank Transfer,15.0,Desktop,New York,3,26,1,Debit Card,1
3754.33,Bill Payment,23.0,Desktop,Houston,1,54,1,UPI,1
2831.66,Bank Transfer,20.0,Desktop,Boston,1,115,2,Credit Card,1
4119.87,POS Payment,0.0,Tablet,Los Angeles,1,72,6,UPI,1
1219.56,ATM Withdrawal,9.0,Desktop,Houston,2,91,12,Net Banking,1
4184.13,POS Payment,16.0,Desktop,Houston,4,46,12,Credit Card,1
453.53,ATM Withdrawal,14.0,Mobile,Boston,4,80,4,UPI,1
3429.03,Bank Transfer,20.0,Tablet,Houston,3,42,5,Credit Card,1
2065.76,Bank Transfer,22.0,Mobile,Miami,1,30,2,Credit Card,1
4604.22,POS Payment,23.0,Desktop,Houston,1,20,8,Debit Card,1
2760.16,POS Payment,21.0,Mobile,San Francisco,4,36,2,Debit Card,1
335.98,ATM Withdrawal,6.0,Tablet,Chicago,4,23,6,Credit Card,1
4072.03,Bank Transfer,20.0,Desktop,Boston,3,4,5,Credit Card,1
1770.4,Online Purchase,1.0,Mobile,Boston,3,85,4,Credit Card,1
4741.69,POS Payment,22.0,Desktop,Miami,2,95,1,Net Banking,1
3336.9,Bank Transfer,16.0,Tablet,Boston,3,70,6,Debit Card,1
3132.02,Online Purchase,16.0,Desktop,Los Angeles,2,48,13,Credit Card,1
1165.68,POS Payment,15.0,Mobile,Miami,1,95,14,Debit Card,1
1658.02,Bank Transfer,10.0,Tablet,Chicago,4,31,6,Net Banking,1
1870.53,Bill Payment,16.0,Tablet,Los Angeles,2,70,12,UPI,1
543.75,POS Payment,22.0,Mobile,San Francisco,4,116,4,Net Banking,1
4506.56,Bank Transfer,21.0,Tablet,Los Angeles,1,115,11,Debit Card,1
3468.31,Bill Payment,19.0,Mobile,Los Angeles,4,82,13,UPI,1
3337.17,POS Payment,2.0,Tablet,Boston,0,94,2,Debit Card,1
826.14,POS Payment,16.0,Mobile,Boston,1,5,11,UPI,1
656.37,ATM Withdrawal,15.0,Tablet,San Francisco,3,74,6,Debit Card,1
1841.01,Online Purchase,7.0,Mobile,Boston,2,41,1,Net Banking,1
3784.37,Bank Transfer,11.0,Desktop,Boston,2,50,12,Credit Card,1
2874.4,Online Purchase,9.0,Mobile,Chicago,3,7,11,Debit Card,1
4766.63,Bank Transfer,19.0,Tablet,Chicago,4,114,10,UPI,1
3526.1,Online Purchase,4.0,Desktop,Los Angeles,0,116,3,Credit Card,1
2912.92,POS Payment,2.0,Mobile,Chicago,2,69,4,Debit Card,1
3517.66,ATM Withdrawal,2.0,Mobile,Houston,1,119,8,UPI,1
1402.67,POS Payment,18.0,Tablet,Boston,1,86,13,Net Banking,1
911.42,Bank Transfer,19.0,Desktop,Miami,1,33,11,UPI,1
2087.83,Bill Payment,19.0,Desktop,Boston,4,119,14,Debit Card,1
2300.26,POS Payment,9.0,Tablet,Los Angeles,2,103,3,Credit Card,1
4438.1,POS Payment,8.0,Tablet,Los Angeles,2,62,9,Debit Card,1
903.47,Online Purchase,17.0,Tablet,Miami,3,46,1,Debit Card,1
4244.03,ATM Withdrawal,11.0,Desktop,Houston,2,58,9,UPI,1
202.58,Online Purchase,10.0,Mobile,Boston,2,43,10,Net Banking,1
2957.16,ATM Withdrawal,21.0,Desktop,New York,1,70,8,UPI,1
3211.23,Bill Payment,22.0,Desktop,San Francisco,3,67,3,Net Banking,1
4395.43,Bill Payment,16.0,Tablet,Houston,4,20,7,Debit Card,1
4425.36,Bill Payment,1.0,Mobile,Chicago,1,118,12,UPI,1
2285.68,ATM Withdrawal,16.0,Tablet,Boston,3,51,1,Debit Card,1
2882.82,Bill Payment,12.0,Tablet,Chicago,0,33,10,Net Banking,1
4078.95,ATM Withdrawal,14.0,Desktop,Los Angeles,3,35,1,UPI,1
49997.8,Bank Transfer,4.0,Desktop,Los Angeles,1,117,1,Credit Card,1
178.79,Bill Payment,16.0,Mobile,Boston,4,34,7,Credit Card,1
1612.13,Bill Payment,23.0,Desktop,San Francisco,0,37,11,Debit Card,1
4804.93,Bill Payment,13.0,Mobile,New York,3,74,7,Credit Card,1
1736.65,Bank Transfer,16.0,Tablet,New York,3,72,4,Invalid Method,1
4768.22,POS Payment,7.0,Tablet,Houston,4,80,12,Debit Card,1
695.11,Bank Transfer,22.0,Tablet,Boston,0,114,9,Credit Card,1
4173.49,Online Purchase,13.0,Desktop,Chicago,2,27,4,Credit Card,1
2070.54,POS Payment,18.0,Unknown Device,Boston,0,75,1,UPI,1
1074.22,ATM Withdrawal,20.0,Tablet,New York,3,51,9,Credit Card,1
4011.48,Bill Payment,22.0,Mobile,New York,1,109,6,Debit Card,1
1009.98,POS Payment,14.0,Tablet,Los Angeles,0,117,6,Debit Card,1
2977.61,Bill Payment,9.0,Mobile,San Francisco,4,117,5,Debit Card,1
1674.06,Bank Transfer,0.0,Desktop,Boston,0,37,4,Debit Card,1
878.68,Online Purchase,10.0,Tablet,Chicago,3,91,8,Debit Card,1
813.9,ATM Withdrawal,7.0,Mobile,Chicago,4,69,9,Debit Card,1
3547.81,ATM Withdrawal,22.0,Tablet,Chicago,0,99,6,Net Banking,1
244.67,Bill Payment,7.0,Desktop,Miami,2,114,6,Debit Card,1
4699.04,POS Payment,14.0,Mobile,Houston,1,101,8,Net Banking,1
3524.74,POS Payment,11.0,Desktop,Houston,2,92,10,Credit Card,1
2642.64,ATM Withdrawal,20.0,Mobile,Miami,2,28,10,Credit Card,1
3701.28,ATM Withdrawal,6.0,Mobile,Los Angeles,1,96,2,Debit Card,1
717.08,ATM Withdrawal,9.0,Desktop,Miami,3,81,1,Credit Card,1
463.89,Bank Transfer,16.0,Tablet,Houston,1,37,12,Net Banking,1
2743.83,Online Purchase,9.0,Mobile,Miami,0,91,5,Credit Card,1
3356.2,ATM Withdrawal,12.0,Desktop,Houston,2,74,8,UPI,1
3912.35,ATM Withdrawal,20.0,Mobile,Seattle,0,57,7,Debit Card,1
3264.39,Online Purchase,22.0,Desktop,San Francisco,3,49,5,Debit Card,1
2971.35,Bill Payment,16.0,Desktop,San Francisco,0,109,12,Net Banking,1
354.85,POS Payment,22.0,Desktop,Chicago,0,29,5,Credit Card,1
1739.64,Bank Transfer,20.0,Desktop,New York,0,101,10,Debit Card,1
2574.24,POS Payment,5.0,Desktop,Chicago,3,113,6,Invalid Method,1
2053.36,POS Payment,22.0,Tablet,Los Angeles,2,33,10,Credit Card,1
1627.37,Bill Payment,6.0,Desktop,Chicago,3,37,8,Credit Card,1
3773.73,Bill Payment,1.0,Mobile,Houston,2,108,4,UPI,1
756.6,Online Purchase,12.0,Desktop,Miami,1,41,1,Debit Card,1
2152.99,ATM Withdrawal,7.0,Tablet,Boston,3,52,10,Debit Card,1
1599.87,Bank Transfer,21.0,Mobile,Miami,0,97,1,Net Banking,1
2095.97,POS Payment,19.0,Tablet,Houston,2,82,12,Credit Card,1
886.73,Online Purchase,22.0,Desktop,New York,1,79,13,Debit Card,1
1751.68,POS Payment,16.0,Desktop,Houston,0,60,12,UPI,1
4002.62,Bill Payment,15.0,Mobile,New York,4,99,11,Debit Card,1
205.57,Bank Transfer,16.0,Desktop,Chicago,1,19,5,Credit Card,1
3305.96,Bill Payment,12.0,Mobile,Boston,2,4,8,UPI,1
3492.82,Bill Payment,11.0,Tablet,Seattle,0,92,1,Credit Card,1
3696.38,ATM Withdrawal,5.0,Desktop,Houston,4,94,8,UPI,1
2971.44,POS Payment,12.0,Tablet,Houston,3,68,5,Debit Card,1
2766.6,Bank Transfer,0.0,Tablet,Chicago,2,102,7,Debit Card,1
896.61,ATM Withdrawal,15.0,Unknown Device,Los Angeles,2,66,6,Net Banking,1
3461.06,Bank Transfer,19.0,Desktop,Chicago,4,31,9,UPI,1
1511.13,Online Purchase,6.0,Mobile,Boston,4,110,3,Debit Card,1
4727.38,Bank Transfer,11.0,Mobile,Boston,1,98,5,Credit Card,1
2265.69,POS Payment,21.0,Desktop,Boston,3,106,14,Net Banking,1
139.74,Online Purchase,13.0,Tablet,Boston,0,60,11,Net Banking,1
4533.6,Bank Transfer,23.0,Tablet,Houston,2,14,1,Net Banking,1
1078.17,Online Purchase,4.0,Tablet,Chicago,4,21,5,Debit Card,1
2305.62,Bill Payment,8.0,Tablet,Chicago,3,106,9,Debit Card,1
4203.15,Online Purchase,13.0,Tablet,Chicago,1,27,8,Debit Card,1
3979.13,Bill Payment,0.0,Desktop,Boston,3,23,4,Net Banking,1
1178.04,Bill Payment,22.0,Mobile,Chicago,2,114,9,UPI,1
1285.81,Bill Payment,12.0,Mobile,Houston,2,68,14,Debit Card,1
1145.3,Bill Payment,0.0,Unknown Device,Boston,1,101,12,UPI,1
1085.85,Online Purchase,19.0,Tablet,New York,2,108,6,Credit Card,1
1838.96,POS Payment,17.0,Desktop,Los Angeles,1,29,3,UPI,1
4293.65,POS Payment,14.0,Mobile,New York,4,119,12,Credit Card,1
3716.42,POS Payment,8.0,Tablet,New York,3,44,1,UPI,1
860.63,ATM Withdrawal,22.0,Desktop,Boston,3,102,3,Debit Card,1
4369.31,Bank Transfer,13.0,Tablet,Miami,2,114,11,UPI,1
3635.05,ATM Withdrawal,15.0,Mobile,Miami,4,107,2,Debit Card,1
1523.33,Online Purchase,4.0,Tablet,Chicago,0,66,7,Credit Card,1
1112.01,ATM Withdrawal,21.0,Tablet,San Francisco,0,39,8,UPI,1
4480.91,POS Payment,17.0,Mobile,Los Angeles,1,85,1,UPI,1
1545.21,Bill Payment,21.0,Mobile,Houston,3,13,7,UPI,1
4190.74,POS Payment,22.0,Desktop,Los Angeles,3,21,14,UPI,1
2291.39,Bank Transfer,13.0,Mobile,Los Angeles,1,45,8,Net Banking,1
4977.39,Bill Payment,19.0,Mobile,San Francisco,1,65,2,Credit Card,1
3900.51,Bank Transfer,1.0,Desktop,Boston,3,71,7,Debit Card,1
3742.94,POS Payment,20.0,Desktop,New York,2,59,8,Debit Card,1
1532.73,Bill Payment,18.0,Desktop,New York,4,23,1,Debit Card,1
3516.87,Bill Payment,20.0,Desktop,New York,4,2,6,Credit Card,1
2714.86,POS Payment,20.0,Tablet,San Francisco,2,13,1,UPI,1
4107.12,Bank Transfer,15.0,Tablet,Miami,3,79,3,Credit Card,1
4705.19,Bank Transfer,22.0,Mobile,Los Angeles,1,27,13,Net Banking,1
3570.38,ATM Withdrawal,14.0,Mobile,New York,2,65,1,Credit Card,1
1751.76,Bank Transfer,23.0,Desktop,Los Angeles,0,81,2,Debit Card,1
3885.87,ATM Withdrawal,23.0,Tablet,New York,3,74,12,Debit Card,1
533.62,Bank Transfer,19.0,Desktop,Los Angeles,2,68,2,UPI,1
728.35,POS Payment,5.0,Desktop,Chicago,2,19,7,Net Banking,1
4205.51,Bill Payment,8.0,Unknown Device,Boston,1,32,3,Invalid Method,1
108.53,Bill Payment,0.0,Desktop,Chicago,0,13,1,Debit Card,1
3111.5,Online Purchase,11.0,Tablet,Miami,3,103,10,Credit Card,1
3931.16,Bank Transfer,15.0,Tablet,Houston,0,4,12,Net Banking,1
3102.7,Online Purchase,21.0,Mobile,Houston,0,42,9,Credit Card,1
1856.57,ATM Withdrawal,21.0,Mobile,Miami,3,111,5,Net Banking,1
4495.01,Bank Transfer,1.0,Mobile,Houston,3,102,12,Credit Card,1
4331.48,POS Payment,11.0,Mobile,Miami,0,56,10,Credit Card,1
4822.93,Online Purchase,21.0,Tablet,Seattle,3,48,4,UPI,1
4859.83,Bank Transfer,13.0,Mobile,Los Angeles,3,61,2,Net Banking,1
3287.71,ATM Withdrawal,10.0,Desktop,New York,1,99,4,UPI,1
3028.08,Online Purchase,8.0,Mobile,Chicago,2,81,3,Debit Card,1
4096.73,Bill Payment,6.0,Desktop,Los Angeles,4,93,11,Debit Card,1
1737.9,POS Payment,22.0,Desktop,New York,3,33,6,Net Banking,1
4058.29,POS Payment,9.0,Tablet,Miami,4,40,4,Debit Card,1
4243.48,Bank Transfer,8.0,Mobile,Chicago,4,12,3,UPI,1
2003.48,Bank Transfer,21.0,Unknown Device,Los Angeles,3,21,8,Credit Card,1
2097.57,POS Payment,17.0,Desktop,Boston,1,96,4,Net Banking,1
1090.7,Bill Payment,20.0,Desktop,Chicago,3,8,9,Debit Card,1
3364.34,Bill Payment,19.0,Tablet,San Francisco,1,58,1,Credit Card,1
4788.84,Online Purchase,9.0,Desktop,Boston,0,33,9,Net Banking,1
2084.96,Online Purchase,21.0,Desktop,Boston,4,65,14,Net Banking,1
1483.24,ATM Withdrawal,21.0,Tablet,Houston,0,45,4,Debit Card,1
76.8,Bill Payment,9.0,Mobile,Houston,1,46,5,Net Banking,1
2583.74,Bill Payment,22.0,Desktop,Chicago,4,69,9,Invalid Method,1
1442.23,Online Purchase,7.0,Mobile,Houston,3,93,6,Net Banking,1
2839.75,Bill Payment,8.0,Mobile,New York,3,66,1,UPI,1
688.33,POS Payment,3.0,Tablet,Boston,3,90,14,Net Banking,1
3092.98,Online Purchase,21.0,Mobile,Houston,2,31,8,UPI,1
4848.03,Online Purchase,17.0,Tablet,Los Angeles,4,102,11,UPI,1
3094.57,Bill Payment,20.0,Tablet,San Francisco,1,69,11,Net Banking,1
3291.55,Bank Transfer,20.0,Desktop,Boston,0,48,13,Debit Card,1
2937.69,POS Payment,19.0,Tablet,Miami,1,18,3,Credit Card,1
3606.83,Online Purchase,13.0,Tablet,Chicago,4,10,1,Net Banking,1
1377.31,Bill Payment,7.0,Tablet,Houston,4,42,8,Net Banking,1
67.85,POS Payment,18.0,Desktop,Los Angeles,3,1,6,Debit Card,1
1075.13,Bill Payment,7.0,Tablet,Chicago,4,68,10,Credit Card,1
4492.27,Bill Payment,14.0,Unknown Device,Seattle,0,94,3,Debit Card,1
2103.41,Bank Transfer,8.0,Tablet,Miami,1,95,3,Credit Card,1
4091.54,ATM Withdrawal,13.0,Desktop,Los Angeles,1,48,10,UPI,1
4309.23,Bank Transfer,19.0,Desktop,Chicago,4,31,12,Net Banking,1
3858.87,POS Payment,22.0,Tablet,New York,0,58,13,Net Banking,1
1810.5,ATM Withdrawal,7.0,Tablet,Boston,1,60,3,UPI,1
2799.57,POS Payment,7.0,Tablet,Boston,0,53,2,Net Banking,1
4731.7,Bank Transfer,9.0,Desktop,New York,1,115,8,Net Banking,1
2860.85,POS Payment,10.0,Tablet,Chicago,4,6,3,Debit Card,1
4374.29,Bill Payment,11.0,Desktop,Los Angeles,0,53,2,UPI,1
2168.56,Bill Payment,21.0,Desktop,San Francisco,4,2,1,UPI,1
1747.31,Bank Transfer,22.0,Mobile,Houston,3,92,14,UPI,1
165.79,Online Purchase,11.0,Mobile,Los Angeles,1,41,7,Debit Card,1
2517.03,Bank Transfer,13.0,Desktop,Chicago,0,88,4,Debit Card,1
105.09,Online Purchase,18.0,Tablet,Los Angeles,3,70,5,Credit Card,1
2933.41,Bill Payment,23.0,Mobile,Houston,1,52,1,UPI,1
1032.49,POS Payment,16.0,Desktop,Chicago,0,101,4,Debit Card,1
2563.13,ATM Withdrawal,20.0,Desktop,Chicago,1,109,13,Net Banking,1
614.92,ATM Withdrawal,20.0,Tablet,Los Angeles,4,46,5,UPI,1
4397.28,ATM Withdrawal,4.0,Mobile,Los Angeles,2,110,10,Net Banking,1
3153.81,ATM Withdrawal,22.0,Unknown Device,Boston,4,7,3,Credit Card,1
3339.78,ATM Withdrawal,8.0,Mobile,Chicago,0,28,11,Debit Card,1
3353.2,Bank Transfer,5.0,Mobile,Chicago,2,37,11,Credit Card,1
233.69,ATM Withdrawal,7.0,Mobile,Los Angeles,2,47,5,Debit Card,1
1490.43,Online Purchase,21.0,Tablet,Boston,3,54,7,Credit Card,1
4013.26,Bank Transfer,16.0,Mobile,Houston,3,96,5,Credit Card,1
3184.9,POS Payment,10.0,Mobile,Los Angeles,4,53,6,Credit Card,1
4436.62,Online Purchase,6.0,Desktop,Chicago,3,91,9,Net Banking,1
1961.92,POS Payment,16.0,Mobile,Boston,1,5,7,Credit Card,1
2689.75,Online Purchase,14.0,Desktop,Chicago,2,4,14,UPI,1
3391.46,Online Purchase,15.0,Mobile,Chicago,3,113,13,Invalid Method,1
2060.37,Bill Payment,22.0,Mobile,Chicago,0,108,1,UPI,1
1252.06,ATM Withdrawal,22.0,Mobile,San Francisco,4,66,9,Debit Card,1
3543.78,Bank Transfer,15.0,Mobile,San Francisco,3,95,11,Debit Card,1
2387.39,POS Payment,21.0,Mobile,New York,1,110,2,UPI,1
3020.53,ATM Withdrawal,18.0,Mobile,Miami,2,63,13,Credit Card,1
500.15,ATM Withdrawal,16.0,Tablet,Chicago,0,2,1,Net Banking,1
4310.13,Bank Transfer,5.0,Mobile,Miami,3,53,4,Net Banking,1
3310.09,Bill Payment,21.0,Unknown Device,Chicago,1,33,7,Credit Card,1
4007.0,Bank Transfer,3.0,Tablet,Houston,2,84,4,Debit Card,1
4365.49,Online Purchase,11.0,Mobile,New York,3,91,3,UPI,1
4564.3,Online Purchase,5.0,Tablet,Miami,0,72,7,Net Banking,1
2087.5,POS Payment,12.0,Mobile,Chicago,2,7,14,Debit Card,1
4290.85,Online Purchase,10.0,Desktop,Los Angeles,4,87,10,Credit Card,1
799.09,Bank Transfer,19.0,Desktop,Houston,1,31,8,Credit Card,1
3488.33,Bill Payment,22.0,Tablet,Boston,2,54,14,Net Banking,1
4237.9,Bill Payment,17.0,Desktop,Houston,1,18,5,Net Banking,1
4490.14,Bill Payment,5.0,Tablet,Chicago,1,110,10,Credit Card,1
2234.7,POS Payment,2.0,Desktop,Boston,4,73,11,Credit Card,1
1757.59,Bank Transfer,19.0,Mobile,Chicago,2,103,14,UPI,1
529.54,ATM Withdrawal,12.0,Tablet,Chicago,1,36,2,Debit Card,1
3784.7,Bill Payment,6.0,Mobile,Houston,1,60,6,UPI,1
4389.96,ATM Withdrawal,23.0,Tablet,Los Angeles,1,56,2,Debit Card,1
3178.64,Online Purchase,21.0,Mobile,New York,3,41,8,Debit Card,1
4047.4,ATM Withdrawal,14.0,Tablet,Miami,2,75,2,Net Banking,1
1288.96,POS Payment,1.0,Desktop,Boston,2,41,8,Credit Card,1
3394.56,Bill Payment,21.0,Desktop,Houston,2,60,7,Net Banking,1
1893.83,Online Purchase,8.0,Mobile,Houston,0,7,3,UPI,1
3805.99,ATM Withdrawal,19.0,Mobile,San Francisco,4,39,2,Credit Card,1
529.39,Bank Transfer,10.0,Tablet,Miami,2,93,1,Debit Card,1
3277.12,Online Purchase,1.0,Mobile,Houston,1,43,3,Credit Card,1
4303.47,ATM Withdrawal,15.0,Mobile,Houston,4,66,4,Invalid Method,1
2959.65,Bank Transfer,1.0,Tablet,Boston,2,45,12,UPI,1
1885.0,Bank Transfer,16.0,Mobile,Houston,2,67,3,Debit Card,1
86.11,Online Purchase,7.0,Desktop,Los Angeles,4,117,10,UPI,1
3014.3,ATM Withdrawal,9.0,Mobile,Houston,1,56,10,UPI,1
4116.35,Bank Transfer,22.0,Tablet,Houston,4,28,9,Debit Card,1
2395.13,Online Purchase,15.0,Desktop,Boston,0,9,14,UPI,1
2609.12,POS Payment,3.0,Desktop,New York,4,117,3,UPI,1
1470.58,Bill Payment,0.0,Desktop,Boston,2,100,10,UPI,1
4975.43,ATM Withdrawal,20.0,Desktop,Los Angeles,1,71,8,Credit Card,1
2522.65,Bill Payment,12.0,Tablet,Chicago,2,43,9,Credit Card,1
2884.73,POS Payment,1.0,Tablet,Boston,0,59,13,UPI,1
4543.72,Online Purchase,5.0,Mobile,Boston,3,23,8,Debit Card,1
2312.16,Bank Transfer,17.0,Desktop,Los Angeles,1,36,5,Credit Card,1
1565.64,Bank Transfer,2.0,Desktop,Los Angeles,0,110,3,Debit Card,1
2341.59,Bill Payment,7.0,Tablet,Chicago,0,1,6,Credit Card,1
2052.28,ATM Withdrawal,20.0,Desktop,Los Angeles,1,39,4,Net Banking,1
2053.73,POS Payment,6.0,Tablet,Boston,4,86,12,Debit Card,1
2773.88,POS Payment,22.0,Desktop,Boston,2,29,11,UPI,1
3707.3,Bank Transfer,18.0,Tablet,Boston,4,7,10,UPI,1
1107.09,Bank Transfer,14.0,Tablet,New York,1,91,10,Credit Card,1
4073.82,POS Payment,23.0,Mobile,Seattle,1,43,1,Net Banking,1
2989.66,Bank Transfer,23.0,Mobile,Houston,2,74,4,UPI,1
3245.0,Bank Transfer,19.0,Mobile,Seattle,0,111,9,Credit Card,1
2195.8,Bank Transfer,13.0,Tablet,Chicago,2,26,7,Net Banking,1
1466.48,Online Purchase,21.0,Tablet,Miami,4,9,2,Invalid Method,1
4878.64,Bank Transfer,15.0,Tablet,Miami,2,118,12,Debit Card,1
3489.34,Bank Transfer,18.0,Desktop,Miami,3,63,10,Debit Card,1
1572.51,Bill Payment,19.0,Mobile,Miami,2,13,9,UPI,1
3113.4,Bank Transfer,14.0,Tablet,New York,3,114,12,Credit Card,1
2488.46,Online Purchase,11.0,Desktop,Chicago,3,34,12,Debit Card,1
3508.37,Bank Transfer,16.0,Tablet,Houston,1,41,1,Net Banking,1
2856.5,Bank Transfer,22.0,Desktop,Seattle,4,90,6,UPI,1
4082.08,Bill Payment,3.0,Tablet,Boston,3,83,5,UPI,1
4261.34,Bill Payment,3.0,Desktop,Boston,1,2,1,Credit Card,1
3884.78,POS Payment,10.0,Tablet,Seattle,4,105,3,Credit Card,1
1483.35,Online Purchase,10.0,Mobile,New York,2,70,2,Credit Card,1
1621.81,Bill Payment,20.0,Mobile,San Francisco,4,95,2,Debit Card,1
1325.67,Bill Payment,14.0,Mobile,New York,3,32,1,UPI,1
8.69,POS Payment,22.0,Tablet,Chicago,1,70,2,UPI,1
4725.45,Online Purchase,15.0,Tablet,San Francisco,3,104,9,Debit Card,1
3242.15,POS Payment,7.0,Tablet,Boston,2,48,6,Credit Card,1
2160.84,Bill Payment,2.0,Mobile,Houston,0,84,1,Net Banking,1
633.79,ATM Withdrawal,21.0,Mobile,Chicago,1,112,11,UPI,1
2418.82,POS Payment,15.0,Tablet,Boston,0,61,11,UPI,1
4579.37,ATM Withdrawal,15.0,Tablet,Houston,2,3,5,Debit Card,1
2196.23,Online Purchase,18.0,Desktop,New York,2,95,6,UPI,1
770.83,ATM Withdrawal,23.0,Tablet,Houston,1,68,2,Net Banking,1
1562.52,POS Payment,17.0,Tablet,Chicago,4,116,2,Debit Card,1
81.62,Bill Payment,13.0,Desktop,Houston,4,36,2,Net Banking,1
493.55,Online Purchase,19.0,Tablet,New York,2,97,4,Debit Card,1
4237.84,POS Payment,14.0,Mobile,Chicago,2,82,3,Debit Card,1
1172.8,Bank Transfer,7.0,Mobile,Chicago,3,56,8,Debit Card,1
1431.91,Bill Payment,12.0,Desktop,Boston,4,34,10,UPI,1
1738.71,Bill Payment,20.0,Tablet,Seattle,0,105,8,UPI,1
628.19,Bank Transfer,20.0,Desktop,Miami,4,21,4,Net Banking,1
1646.03,Bill Payment,8.0,Tablet,Miami,4,117,6,Debit Card,1
2141.1,ATM Withdrawal,5.0,Desktop,Miami,0,85,3,Credit Card,1
927.94,POS Payment,3.0,Desktop,Chicago,1,90,6,UPI,1
3892.54,Bank Transfer,22.0,Mobile,Miami,2,11,1,Net Banking,1
1211.43,Bill Payment,13.0,Tablet,Boston,3,14,3,Net Banking,1
3016.33,Bill Payment,15.0,Tablet,Los Angeles,4,93,14,Debit Card,1
499.46,Bank Transfer,20.0,Tablet,Boston,4,32,10,UPI,1
4919.48,Bank Transfer,18.0,Mobile,Miami,2,80,5,Credit Card,1
574.68,POS Payment,18.0,Tablet,Chicago,4,4,3,Debit Card,1
2973.22,POS Payment,6.0,Tablet,Houston,0,104,7,Invalid Method,1
2772.23,POS Payment,15.0,Desktop,Boston,0,60,3,Debit Card,1
1901.4,Online Purchase,23.0,Desktop,Los Angeles,1,30,14,UPI,1
4717.59,Bill Payment,15.0,Tablet,Houston,1,85,6,Net Banking,1
607.46,Bank Transfer,12.0,Tablet,Chicago,2,78,12,Credit Card,1
2518.48,POS Payment,18.0,Tablet,Houston,1,10,6,UPI,1
4465.44,POS Payment,13.0,Desktop,Los Angeles,2,58,7,Debit Card,1
1996.27,ATM Withdrawal,0.0,Tablet,Boston,4,23,1,Credit Card,1
3968.52,POS Payment,3.0,Tablet,Houston,3,115,12,Credit Card,1
4745.96,POS Payment,2.0,Tablet,Chicago,4,35,8,Credit Card,1
759.75,ATM Withdrawal,12.0,Tablet,Houston,4,98,5,Invalid Method,1
4302.52,POS Payment,22.0,Tablet,Los Angeles,3,80,8,Debit Card,1
2934.79,Online Purchase,16.0,Tablet,Boston,4,69,6,Net Banking,1
2887.45,Bank Transfer,8.0,Tablet,Boston,0,49,11,Net Banking,1
355.11,POS Payment,3.0,Desktop,Boston,0,80,4,Net Banking,1
2346.51,ATM Withdrawal,9.0,Mobile,Chicago,4,54,10,Credit Card,1
685.56,Online Purchase,16.0,Desktop,New York,2,74,10,Credit Card,1
372.96,Bill Payment,5.0,Tablet,Boston,4,67,9,UPI,1
761.4,ATM Withdrawal,19.0,Desktop,Miami,0,114,4,UPI,1
3642.8,Bill Payment,13.0,Mobile,Houston,2,7,1,UPI,1
190.92,Bank Transfer,13.0,Desktop,Boston,1,23,4,UPI,1
3840.0,POS Payment,12.0,Tablet,Miami,0,52,4,Credit Card,1
4204.7,POS Payment,15.0,Tablet,San Francisco,1,94,1,Net Banking,1
2804.09,Online Purchase,7.0,Tablet,Chicago,1,54,10,UPI,1
1913.82,Bank Transfer,10.0,Mobile,Chicago,0,73,9,Debit Card,1
4347.57,Bank Transfer,9.0,Tablet,Los Angeles,0,93,4,Credit Card,1
3283.24,Online Purchase,21.0,Tablet,Seattle,3,96,8,UPI,1
2670.95,POS Payment,6.0,Desktop,Houston,3,118,11,Debit Card,1
3143.11,Online Purchase,13.0,Tablet,Boston,4,39,4,UPI,1
3972.03,Bank Transfer,7.0,Mobile,Chicago,3,112,5,Debit Card,1
4058.82,ATM Withdrawal,20.0,Desktop,Seattle,0,93,2,UPI,1
2140.8,Bill Payment,21.0,Tablet,New York,2,113,8,Credit Card,1
142.13,Bill Payment,17.0,Tablet,Houston,0,19,4,Net Banking,1
1803.68,ATM Withdrawal,23.0,Tablet,Los Angeles,1,80,4,Net Banking,1
2388.84,ATM Withdrawal,9.0,Mobile,Miami,3,31,2,Debit Card,1
4024.45,ATM Withdrawal,17.0,Desktop,Chicago,3,81,4,UPI,1
4633.81,Bank Transfer,17.0,Desktop,Boston,3,113,13,Invalid Method,1
541.83,ATM Withdrawal,12.0,Mobile,Miami,1,76,6,Debit Card,1
195.15,Bank Transfer,22.0,Tablet,Houston,0,26,11,Credit Card,1
1297.51,POS Payment,11.0,Desktop,Chicago,0,7,5,UPI,1
3237.06,Online Purchase,14.0,Desktop,Miami,0,95,7,Credit Card,1
1658.26,Online Purchase,12.0,Desktop,Boston,1,93,11,Debit Card,1
392.42,Online Purchase,15.0,Desktop,Houston,3,62,11,Debit Card,1
2243.8,Bank Transfer,9.0,Desktop,Houston,0,75,1,Debit Card,1
1451.12,Bank Transfer,2.0,Tablet,Houston,2,117,11,Credit Card,1
3420.62,Online Purchase,13.0,Mobile,Seattle,3,113,2,UPI,1
80.14,Bill Payment,6.0,Desktop,Los Angeles,1,88,4,Credit Card,1
1232.65,Bill Payment,22.0,Tablet,New York,0,16,6,Debit Card,1
1576.9,POS Payment,14.0,Mobile,Houston,4,67,10,Net Banking,1
1874.52,Online Purchase,17.0,Mobile,Boston,1,104,8,UPI,1
2107.22,Bill Payment,6.0,Mobile,Boston,3,36,11,Net Banking,1
3844.2,Bank Transfer,17.0,Tablet,Houston,0,107,13,Invalid Method,1
117.15,Bank Transfer,20.0,Tablet,Houston,0,31,10,Credit Card,1
89.87,ATM Withdrawal,17.0,Mobile,San Francisco,3,88,7,Credit Card,1
3545.86,POS Payment,20.0,Mobile,San Francisco,2,116,14,Credit Card,1
4597.19,ATM Withdrawal,11.0,Unknown Device,Miami,4,78,4,Debit Card,1
263.64,Bill Payment,23.0,Tablet,Chicago,3,61,4,UPI,1
1177.26,POS Payment,13.0,Tablet,Los Angeles,0,119,1,Debit Card,1
335.23,Bank Transfer,22.0,Desktop,Chicago,0,96,1,Net Banking,1
303.11,POS Payment,8.0,Tablet,Houston,4,78,7,Credit Card,1
493.71,ATM Withdrawal,22.0,Desktop,New York,0,87,7,Credit Card,1
4851.8,POS Payment,6.0,Desktop,Boston,0,8,13,Net Banking,1
1608.98,POS Payment,18.0,Mobile,Seattle,1,61,3,Credit Card,1
1899.35,POS Payment,15.0,Desktop,Chicago,4,105,14,UPI,1
49997.8,Online Purchase,3.0,Mobile,Boston,1,41,7,Net Banking,1
4277.86,Bank Transfer,14.0,Mobile,Los Angeles,1,114,4,UPI,1
1894.14,Bill Payment,14.0,Mobile,Boston,4,7,3,UPI,1
4421.4,Bank Transfer,16.0,Mobile,Miami,2,101,4,Debit Card,1
3688.94,POS Payment,5.0,Mobile,Houston,3,105,14,Credit Card,1
776.35,Online Purchase,14.0,Desktop,Los Angeles,3,3,4,Net Banking,1
4057.49,ATM Withdrawal,4.0,Desktop,San Francisco,0,103,2,Net Banking,1
4294.64,Bank Transfer,13.0,Tablet,New York,3,93,13,UPI,1
1062.11,Bank Transfer,21.0,Desktop,Chicago,0,58,12,UPI,1
4804.83,Bill Payment,6.0,Mobile,Chicago,2,61,13,UPI,1
1668.52,ATM Withdrawal,21.0,Desktop,Miami,3,24,5,UPI,1
3924.18,POS Payment,19.0,Mobile,Chicago,4,5,7,Debit Card,1
3409.45,Bank Transfer,0.0,Tablet,Boston,4,45,6,Credit Card,1
3795.09,ATM Withdrawal,18.0,Desktop,Boston,2,80,4,UPI,1
1698.66,POS Payment,7.0,Tablet,Los Angeles,1,112,1,Credit Card,1
2920.27,Bank Transfer,14.0,Tablet,Houston,2,20,6,Debit Card,1
4938.88,Bill Payment,3.0,Tablet,Houston,1,48,7,UPI,1
4734.45,ATM Withdrawal,16.0,Tablet,Boston,4,67,10,Credit Card,1
418.09,Bill Payment,13.0,Mobile,Boston,4,105,6,Credit Card,1
4922.91,Bank Transfer,15.0,Desktop,San Francisco,1,6,1,Net Banking,1
1439.68,POS Payment,14.0,Tablet,Boston,1,39,12,UPI,1
546.1,POS Payment,19.0,Tablet,Los Angeles,0,82,8,Net Banking,1
4931.49,POS Payment,23.0,Tablet,Miami,1,14,14,Net Banking,1
4262.06,Bank Transfer,22.0,Mobile,Boston,4,45,5,Credit Card,1
23.93,POS Payment,21.0,Tablet,San Francisco,0,85,13,UPI,1
3210.99,Bank Transfer,12.0,Desktop,Miami,2,76,3,Debit Card,1
1267.1,Online Purchase,17.0,Desktop,Boston,1,65,14,Credit Card,1
419.66,POS Payment,11.0,Tablet,San Francisco,4,93,3,Debit Card,1
988.69,POS Payment,18.0,Unknown Device,Boston,3,15,12,Net Banking,1
4498.09,POS Payment,15.0,Tablet,Seattle,4,94,5,Debit Card,1
4324.83,ATM Withdrawal,12.0,Tablet,Chicago,1,9,4,UPI,1
2159.68,Online Purchase,17.0,Tablet,Houston,3,119,1,UPI,1
4074.85,POS Payment,3.0,Desktop,Chicago,4,90,12,Credit Card,1
2736.59,Online Purchase,13.0,Mobile,Houston,1,40,3,UPI,1
1216.39,ATM Withdrawal,4.0,Mobile,Chicago,4,33,4,Debit Card,1
1290.65,POS Payment,15.0,Desktop,Seattle,2,89,5,Credit Card,1
3954.95,Bill Payment,10.0,Mobile,Boston,0,47,2,UPI,1
3870.17,Online Purchase,22.0,Desktop,Seattle,3,48,3,UPI,1
3057.76,Bill Payment,21.0,Mobile,Seattle,3,62,1,UPI,1
169.34,POS Payment,14.0,Desktop,New York,4,54,5,Net Banking,1
906.57,ATM Withdrawal,19.0,Tablet,San Francisco,4,84,10,Debit Card,1
3866.97,Bank Transfer,9.0,Tablet,Los Angeles,1,6,2,Net Banking,1
2976.56,Bill Payment,15.0,Tablet,Boston,2,112,10,Net Banking,1
2864.2,Bill Payment,17.0,Tablet,Los Angeles,4,72,9,Debit Card,1
3990.0,Bill Payment,7.0,Mobile,Houston,2,33,7,Debit Card,1
3687.88,Bill Payment,19.0,Desktop,New York,4,86,10,Credit Card,1
3478.6,POS Payment,10.0,Desktop,Miami,0,107,8,UPI,1
3416.36,ATM Withdrawal,22.0,Desktop,Los Angeles,4,46,14,Debit Card,1
628.18,Bill Payment,8.0,Tablet,Los Angeles,2,96,2,Credit Card,1
49997.8,Online Purchase,20.0,Mobile,Seattle,2,3,9,Debit Card,1
4086.95,Online Purchase,5.0,Mobile,Houston,0,60,11,Net Banking,1
4766.78,POS Payment,23.0,Desktop,Los Angeles,0,7,5,Debit Card,1
4364.98,Online Purchase,7.0,Desktop,Boston,0,54,14,Net Banking,1
1631.31,Online Purchase,20.0,Desktop,Los Angeles,1,72,8,Credit Card,1
618.61,Online Purchase,8.0,Tablet,Houston,3,57,2,Debit Card,1
184.22,Bank Transfer,22.0,Mobile,Los Angeles,4,24,11,Debit Card,1
1136.29,Bill Payment,3.0,Mobile,Los Angeles,4,78,4,Credit Card,1
936.99,Bank Transfer,19.0,Mobile,Boston,1,100,5,Credit Card,1
3934.62,ATM Withdrawal,6.0,Mobile,Chicago,4,119,7,Debit Card,1
1364.79,POS Payment,21.0,Tablet,Chicago,4,26,3,Debit Card,1
3486.21,ATM Withdrawal,22.0,Mobile,Seattle,1,118,7,UPI,1
833.94,Bank Transfer,6.0,Desktop,Chicago,0,46,9,Credit Card,1
3873.22,POS Payment,3.0,Desktop,Houston,4,85,10,Net Banking,1
916.61,Bill Payment,13.0,Mobile,Boston,0,5,8,Net Banking,1
2924.43,Bill Payment,21.0,Desktop,Miami,0,110,2,Net Banking,1
3956.5,Bill Payment,17.0,Desktop,Houston,1,76,3,Net Banking,1
1840.66,Bill Payment,16.0,Mobile,Houston,0,96,7,UPI,1
3352.1,POS Payment,0.0,Desktop,Boston,0,54,8,Net Banking,1
2150.39,Online Purchase,17.0,Mobile,Chicago,1,47,7,Credit Card,1
519.85,Bank Transfer,23.0,Tablet,Houston,1,112,11,Net Banking,1
4223.52,Online Purchase,18.0,Tablet,San Francisco,4,57,6,Net Banking,1
400.85,Bank Transfer,6.0,Tablet,Los Angeles,0,92,8,Debit Card,1
2310.46,POS Payment,17.0,Desktop,Boston,3,106,7,Credit Card,1
4401.31,Bill Payment,15.0,Desktop,Chicago,4,18,5,Credit Card,1
4435.35,Bank Transfer,10.0,Mobile,Chicago,1,102,14,Credit Card,1
1739.49,ATM Withdrawal,13.0,Mobile,Los Angeles,1,92,5,Net Banking,1
1927.06,Online Purchase,20.0,Mobile,Seattle,1,54,2,Credit Card,1
4209.86,POS Payment,18.0,Mobile,Houston,4,82,3,Debit Card,1
2048.95,ATM Withdrawal,20.0,Desktop,Miami,2,117,6,UPI,1
3824.07,POS Payment,22.0,Mobile,Chicago,3,43,6,UPI,1
4689.65,Online Purchase,18.0,Tablet,San Francisco,2,115,7,UPI,1
702.64,Bill Payment,20.0,Unknown Device,Houston,1,32,14,Debit Card,1
2334.04,ATM Withdrawal,22.0,Tablet,New York,0,40,8,UPI,1
1318.34,POS Payment,22.0,Tablet,New York,0,89,12,UPI,1
4145.96,Bill Payment,22.0,Tablet,Boston,0,14,3,Credit Card,1
961.76,Online Purchase,16.0,Tablet,Miami,1,81,11,Debit Card,1
187.96,ATM Withdrawal,11.0,Desktop,Boston,1,28,9,Net Banking,1
3991.11,Bank Transfer,20.0,Desktop,Boston,1,26,11,Net Banking,1
1857.48,Bill Payment,10.0,Mobile,Boston,2,109,1,Debit Card,1
2811.55,Online Purchase,12.0,Tablet,Houston,4,57,12,Credit Card,1
1111.65,ATM Withdrawal,17.0,Tablet,Boston,0,37,11,Credit Card,1
2810.01,Online Purchase,18.0,Mobile,Los Angeles,0,17,14,UPI,1
1723.59,ATM Withdrawal,12.0,Mobile,Houston,0,83,7,UPI,1
1940.6,POS Payment,21.0,Desktop,Los Angeles,2,14,5,Debit Card,1
4327.78,ATM Withdrawal,20.0,Tablet,Houston,0,6,5,Debit Card,1
484.9,POS Payment,13.0,Tablet,Boston,0,89,1,Debit Card,1
4600.04,Bill Payment,13.0,Mobile,Boston,1,52,14,Debit Card,1
2361.28,Online Purchase,19.0,Desktop,Los Angeles,3,46,2,Credit Card,1
4006.43,Online Purchase,13.0,Tablet,Houston,3,56,11,Credit Card,1
1547.75,Bank Transfer,10.0,Tablet,Boston,4,19,13,Debit Card,1
4445.47,Bank Transfer,12.0,Tablet,Miami,1,76,10,UPI,1
3499.32,ATM Withdrawal,23.0,Mobile,Miami,1,75,10,Net Banking,1
2785.75,Bank Transfer,6.0,Tablet,Miami,1,94,5,Debit Card,1
3194.69,ATM Withdrawal,7.0,Mobile,Chicago,3,13,7,Debit Card,1
3202.92,Bank Transfer,20.0,Mobile,San Francisco,2,20,2,Credit Card,1
1905.86,Bill Payment,16.0,Tablet,Los Angeles,2,43,5,UPI,1
2218.85,Bill Payment,15.0,Tablet,New York,2,81,7,Debit Card,1
1739.34,POS Payment,7.0,Mobile,Miami,2,118,2,Debit Card,1
2439.05,ATM Withdrawal,13.0,Desktop,Houston,3,73,5,Net Banking,1
4879.96,Bill Payment,19.0,Tablet,Chicago,2,54,2,Credit Card,1
2912.24,ATM Withdrawal,8.0,Tablet,New York,3,57,3,UPI,1
2299.42,Bill Payment,21.0,Desktop,Houston,1,100,1,Net Banking,1
4936.04,Bill Payment,20.0,Mobile,Boston,3,6,10,UPI,1
2636.22,Bill Payment,6.0,Desktop,New York,0,92,6,Net Banking,1
1227.54,Bank Transfer,5.0,Desktop,Boston,0,99,7,UPI,1
2742.05,Bill Payment,11.0,Mobile,Los Angeles,0,70,11,Credit Card,1
3771.89,Bank Transfer,1.0,Mobile,Chicago,3,85,12,UPI,1
3664.8,Bill Payment,21.0,Mobile,Seattle,3,83,5,UPI,1
3671.31,Bank Transfer,20.0,Desktop,Los Angeles,0,102,14,Debit Card,1
4656.48,ATM Withdrawal,7.0,Tablet,Los Angeles,3,112,7,Debit Card,1
2165.78,Online Purchase,22.0,Desktop,Seattle,0,70,6,Debit Card,1
522.59,Bank Transfer,8.0,Desktop,New York,1,89,5,Debit Card,1
1934.64,Bill Payment,23.0,Desktop,San Francisco,3,86,13,Net Banking,1
252.87,Bank Transfer,10.0,Mobile,Boston,0,54,13,Debit Card,1
2174.8,ATM Withdrawal,11.0,Desktop,Los Angeles,1,43,1,UPI,1
1247.91,Bill Payment,23.0,Tablet,Miami,1,25,11,Credit Card,1
2576.95,ATM Withdrawal,18.0,Mobile,New York,1,101,12,Net Banking,1
652.51,Online Purchase,16.0,Mobile,Chicago,1,79,1,Debit Card,1
2104.87,Online Purchase,9.0,Tablet,Miami,2,102,4,Credit Card,1
1291.92,Bill Payment,19.0,Desktop,Chicago,4,10,1,Credit Card,1
1906.8,ATM Withdrawal,8.0,Mobile,Boston,2,50,1,Debit Card,1
27.03,Bank Transfer,12.0,Tablet,New York,2,82,5,UPI,1
3451.26,ATM Withdrawal,7.0,Mobile,Miami,3,76,4,UPI,1
804.51,Online Purchase,19.0,Mobile,Boston,4,22,11,Net Banking,1
4950.59,Bank Transfer,2.0,Mobile,Chicago,0,88,13,Credit Card,1
2036.37,POS Payment,3.0,Mobile,Chicago,4,23,2,UPI,1
102.18,ATM Withdrawal,1.0,Desktop,Boston,4,6,3,Credit Card,1
3603.71,Bank Transfer,15.0,Tablet,San Francisco,3,81,9,Credit Card,1
4623.23,POS Payment,22.0,Mobile,Boston,4,82,1,Credit Card,1
183.44,Bank Transfer,23.0,Tablet,Miami,2,90,2,Net Banking,1
768.37,Bill Payment,21.0,Tablet,Seattle,3,36,1,Debit Card,1
899.86,POS Payment,22.0,Mobile,Boston,0,101,6,Debit Card,1
482.95,POS Payment,18.0,Tablet,Houston,4,49,11,UPI,1
3969.59,Online Purchase,8.0,Desktop,Chicago,4,59,5,UPI,1
3847.31,Bank Transfer,22.0,Mobile,San Francisco,4,28,7,Net Banking,1
3319.26,ATM Withdrawal,16.0,Desktop,New York,4,105,13,Debit Card,1
4580.44,POS Payment,18.0,Desktop,Los Angeles,4,76,8,Net Banking,1
2657.46,ATM Withdrawal,20.0,Desktop,San Francisco,1,39,6,Credit Card,1
3449.62,Bank Transfer,15.0,Tablet,San Francisco,4,89,4,Credit Card,1
1453.64,Online Purchase,13.0,Mobile,Chicago,1,54,1,Debit Card,1
3670.26,ATM Withdrawal,11.0,Mobile,New York,4,115,12,Debit Card,1
806.69,Bill Payment,14.0,Desktop,Boston,2,40,2,Net Banking,1
2706.05,Bill Payment,11.0,Desktop,Boston,1,80,14,UPI,1
1260.34,Bank Transfer,4.0,Mobile,Houston,4,112,6,Debit Card,1
2010.98,Online Purchase,7.0,Mobile,Chicago,4,29,8,Debit Card,1
303.11,ATM Withdrawal,8.0,Mobile,Miami,1,103,5,UPI,1
4135.49,Online Purchase,16.0,Desktop,Seattle,1,90,4,Credit Card,1
2252.43,Bill Payment,7.0,Mobile,Houston,2,50,9,Debit Card,1
1164.9,Online Purchase,14.0,Mobile,Houston,1,118,7,Net Banking,1
1312.99,Online Purchase,13.0,Tablet,Boston,1,18,11,Debit Card,1
1941.96,Online Purchase,9.0,Mobile,Chicago,0,54,9,Net Banking,1
2598.7,Bank Transfer,7.0,Mobile,Los Angeles,0,72,4,Invalid Method,1
1716.88,Bill Payment,20.0,Tablet,Miami,3,43,10,UPI,1
4418.6,Online Purchase,17.0,Unknown Device,San Francisco,4,95,2,Credit Card,1
1261.12,Online Purchase,2.0,Desktop,Chicago,0,74,10,Net Banking,1
1037.85,ATM Withdrawal,20.0,Mobile,San Francisco,3,112,5,UPI,1
2197.13,Online Purchase,22.0,Desktop,San Francisco,0,8,3,UPI,1
2911.79,Online Purchase,20.0,Mobile,Boston,0,83,7,Net Banking,1
503.18,ATM Withdrawal,20.0,Desktop,Los Angeles,4,97,4,Net Banking,1
2703.86,Online Purchase,15.0,Desktop,Los Angeles,4,61,11,Net Banking,1
2074.33,Online Purchase,8.0,Tablet,Boston,2,53,10,UPI,1
762.97,Bill Payment,20.0,Tablet,New York,1,86,12,Credit Card,1
4219.76,ATM Withdrawal,20.0,Tablet,Chicago,1,51,6,Net Banking,1
1172.11,Bill Payment,21.0,Tablet,Houston,2,1,4,Invalid Method,1
255.62,Online Purchase,19.0,Mobile,Chicago,2,29,8,Net Banking,1
2862.19,ATM Withdrawal,20.0,Tablet,Houston,1,13,7,UPI,1
3895.92,Online Purchase,23.0,Mobile,Miami,1,23,9,UPI,1
4971.87,ATM Withdrawal,18.0,Tablet,Chicago,4,58,5,Net Banking,1
428.0,Bank Transfer,8.0,Tablet,Houston,3,115,4,UPI,1
127.94,ATM Withdrawal,6.0,Desktop,Los Angeles,0,96,5,UPI,1
4456.09,POS Payment,8.0,Mobile,New York,1,59,1,UPI,1
611.47,POS Payment,18.0,Tablet,Chicago,3,34,4,Debit Card,1
1381.72,ATM Withdrawal,16.0,Desktop,New York,0,96,8,Debit Card,1
437.67,POS Payment,19.0,Tablet,Boston,2,88,13,Debit Card,1
830.32,ATM Withdrawal,10.0,Tablet,Chicago,2,11,4,UPI,1
65.04,Bill Payment,21.0,Desktop,New York,2,82,9,Credit Card,1
1737.03,Bank Transfer,22.0,Mobile,Chicago,1,39,6,Net Banking,1
2988.33,Bank Transfer,11.0,Desktop,Chicago,3,101,5,Debit Card,1
1899.03,POS Payment,6.0,Tablet,Chicago,0,52,11,Net Banking,1
2121.25,POS Payment,16.0,Mobile,Boston,0,12,7,Debit Card,1
2438.55,Bank Transfer,15.0,Mobile,Chicago,3,89,6,UPI,1
45.04,ATM Withdrawal,8.0,Tablet,Houston,3,76,10,UPI,1
1460.11,Bank Transfer,6.0,Desktop,Chicago,1,1,6,UPI,1
2625.56,Online Purchase,16.0,Tablet,Seattle,2,81,1,Debit Card,1
456.72,Bill Payment,8.0,Desktop,Boston,2,45,14,Net Banking,1
4299.78,ATM Withdrawal,7.0,Tablet,New York,3,46,1,UPI,1
4238.65,Online Purchase,17.0,Desktop,Boston,4,53,2,Debit Card,1
3162.97,Bank Transfer,15.0,Tablet,Los Angeles,2,61,10,UPI,1
4756.56,ATM Withdrawal,14.0,Desktop,Houston,2,1,5,Credit Card,1
3230.38,POS Payment,19.0,Desktop,Los Angeles,1,63,3,Net Banking,1
1550.54,Online Purchase,9.0,Unknown Device,Chicago,0,3,1,Debit Card,1
4218.98,Online Purchase,21.0,Desktop,New York,2,3,2,UPI,1
4656.57,Bill Payment,15.0,Tablet,Houston,2,51,12,UPI,1
4656.57,Bill Payment,15.0,Mobile,Houston,1,66,12,Net Banking,1
1334.19,Online Purchase,23.0,Unknown Device,Boston,0,95,3,Credit Card,1
371.07,Bill Payment,14.0,Mobile,Los Angeles,3,5,5,Debit Card,1
3452.83,Bank Transfer,17.0,Mobile,Los Angeles,4,61,9,Debit Card,1
4805.72,POS Payment,13.0,Tablet,Chicago,0,92,11,UPI,1
1392.07,POS Payment,23.0,Desktop,Chicago,1,70,2,Debit Card,1
4452.1,Online Purchase,7.0,Mobile,New York,1,110,11,Net Banking,1
3236.1,Online Purchase,17.0,Desktop,San Francisco,2,20,3,Debit Card,1
4933.25,Online Purchase,5.0,Tablet,Boston,3,100,14,Credit Card,1
1686.5,Bill Payment,1.0,Tablet,Houston,3,92,9,Invalid Method,1
4654.41,POS Payment,6.0,Desktop,Chicago,2,1,8,Credit Card,1
4862.67,Bill Payment,16.0,Desktop,San Francisco,1,3,3,UPI,1
3299.99,ATM Withdrawal,22.0,Unknown Device,Seattle,2,98,1,Debit Card,1
1917.91,Bill Payment,5.0,Tablet,New York,3,107,3,Debit Card,1
4892.03,Online Purchase,13.0,Tablet,Los Angeles,3,110,7,Debit Card,1
3601.68,Bank Transfer,18.0,Unknown Device,Miami,1,85,1,UPI,1
985.27,Online Purchase,14.0,Desktop,Houston,3,96,9,Debit Card,1
4176.94,Bill Payment,23.0,Mobile,New York,3,55,5,Debit Card,1
2913.57,Online Purchase,18.0,Desktop,Chicago,1,110,14,Debit Card,1
422.95,ATM Withdrawal,8.0,Desktop,Boston,0,57,7,Credit Card,1
2355.52,Bill Payment,14.0,Desktop,Miami,4,113,1,Credit Card,1
2043.2,Bill Payment,12.0,Desktop,Los Angeles,3,49,10,Credit Card,1
3092.37,Bank Transfer,4.0,Mobile,Houston,2,64,3,UPI,1
2374.92,POS Payment,9.0,Desktop,Miami,0,113,12,Debit Card,1
881.03,Bank Transfer,16.0,Tablet,San Francisco,3,107,4,Net Banking,1
692.11,Bill Payment,14.0,Desktop,Miami,1,103,1,UPI,1
3413.33,Online Purchase,17.0,Desktop,San Francisco,3,97,2,Debit Card,1
3844.64,Bill Payment,11.0,Desktop,Miami,4,70,4,UPI,1
4694.95,Bank Transfer,4.0,Mobile,Los Angeles,4,117,2,UPI,1
706.26,POS Payment,5.0,Desktop,Houston,3,5,1,UPI,1
4703.17,Online Purchase,0.0,Mobile,Boston,4,64,3,UPI,1
4277.93,Bill Payment,6.0,Mobile,Boston,3,17,4,UPI,1
1875.55,Online Purchase,11.0,Mobile,Chicago,3,59,9,Debit Card,1
3727.08,Online Purchase,22.0,Tablet,Boston,0,98,2,Debit Card,1
2856.39,ATM Withdrawal,19.0,Desktop,Houston,2,96,2,Net Banking,1
4680.7,ATM Withdrawal,19.0,Tablet,Miami,0,68,2,Invalid Method,1
1544.88,Online Purchase,16.0,Tablet,Seattle,2,95,7,Net Banking,1
2431.13,ATM Withdrawal,3.0,Mobile,Los Angeles,2,119,7,Debit Card,1
4310.96,Online Purchase,14.0,Desktop,Miami,0,106,1,Debit Card,1
2036.57,Online Purchase,18.0,Tablet,Seattle,1,95,7,Debit Card,1
700.41,ATM Withdrawal,18.0,Tablet,Houston,1,65,5,UPI,1
3537.48,Bill Payment,21.0,Tablet,New York,2,39,4,Net Banking,1
1800.33,Bill Payment,12.0,Mobile,New York,0,103,7,Debit Card,1
4626.44,Bill Payment,19.0,Desktop,Chicago,0,8,1,Debit Card,1
2919.25,Bank Transfer,20.0,Mobile,Boston,4,114,1,Debit Card,1
842.07,Bank Transfer,9.0,Mobile,Los Angeles,2,73,2,UPI,1
3537.27,Bank Transfer,7.0,Mobile,Chicago,2,33,13,Credit Card,1
4776.89,Bill Payment,3.0,Tablet,Miami,1,86,1,Net Banking,1
3342.72,Bill Payment,23.0,Desktop,Boston,4,33,1,Net Banking,1
2197.73,ATM Withdrawal,9.0,Desktop,Los Angeles,1,110,13,Credit Card,1
1077.57,ATM Withdrawal,23.0,Tablet,San Francisco,4,90,4,UPI,1
3749.56,Online Purchase,18.0,Desktop,Los Angeles,0,67,2,UPI,1
2448.99,Online Purchase,7.0,Mobile,Boston,2,69,8,Debit Card,1
4952.73,Online Purchase,18.0,Desktop,Boston,3,2,10,Credit Card,1
4766.1,ATM Withdrawal,17.0,Mobile,Houston,4,84,2,Credit Card,1
104.67,POS Payment,22.0,Tablet,New York,0,20,3,Credit Card,1
20.24,Bill Payment,12.0,Tablet,Boston,1,53,14,UPI,1
49997.8,Online Purchase,17.0,Tablet,Boston,2,19,10,Credit Card,1
1791.8,Online Purchase,21.0,Tablet,Seattle,0,22,4,Debit Card,1
49997.8,ATM Withdrawal,22.0,Desktop,Houston,0,88,14,Debit Card,1
3749.57,Bill Payment,3.0,Tablet,Boston,2,6,3,Credit Card,1
4845.23,Bank Transfer,22.0,Tablet,Boston,3,69,6,Debit Card,1
3152.54,Bill Payment,1.0,Tablet,Boston,0,106,3,Debit Card,1
2818.84,Bank Transfer,7.0,Tablet,Miami,1,66,1,Debit Card,1
669.92,POS Payment,4.0,Desktop,Chicago,4,46,1,Debit Card,1
3488.95,Bank Transfer,6.0,Unknown Device,Miami,0,105,4,UPI,1
4329.16,Online Purchase,23.0,Mobile,San Francisco,0,73,5,Debit Card,1
4819.91,Bank Transfer,18.0,Tablet,San Francisco,2,113,10,UPI,1
4805.65,ATM Withdrawal,20.0,Tablet,Houston,2,23,4,Credit Card,1
3644.41,POS Payment,18.0,Tablet,Seattle,0,28,4,Credit Card,1
1691.83,ATM Withdrawal,12.0,Desktop,Los Angeles,1,50,10,Debit Card,1
3950.48,Bank Transfer,5.0,Tablet,Chicago,1,81,10,Net Banking,1
1193.52,Online Purchase,18.0,Mobile,Los Angeles,2,40,10,UPI,1
2913.12,Bill Payment,3.0,Mobile,Houston,0,99,4,Net Banking,1
4614.14,Online Purchase,3.0,Mobile,Boston,2,89,9,Debit Card,1
3081.02,POS Payment,13.0,Desktop,Boston,3,78,7,Credit Card,1
3791.84,Online Purchase,8.0,Tablet,Chicago,1,49,4,Debit Card,1
734.35,Bank Transfer,12.0,Unknown Device,Houston,0,80,3,Net Banking,1
2904.5,POS Payment,19.0,Mobile,New York,2,41,9,Credit Card,1
4490.67,Bank Transfer,15.0,Mobile,Seattle,3,115,8,Net Banking,1
2554.54,Online Purchase,18.0,Tablet,Boston,3,28,12,UPI,1
334.48,POS Payment,6.0,Desktop,Chicago,3,100,10,Credit Card,1
2779.41,Bill Payment,14.0,Desktop,Boston,0,87,13,Credit Card,1
3420.62,Bank Transfer,17.0,Desktop,San Francisco,4,57,8,Debit Card,1
3481.88,Bill Payment,21.0,Desktop,Los Angeles,2,109,10,Debit Card,1
3700.06,Bill Payment,20.0,Mobile,San Francisco,2,105,4,UPI,1
2174.81,Online Purchase,13.0,Mobile,New York,1,63,1,UPI,1
334.42,Online Purchase,18.0,Desktop,Miami,4,51,1,UPI,1
2699.7,Bill Payment,18.0,Mobile,Seattle,2,61,3,Invalid Method,1
2466.72,Bank Transfer,20.0,Tablet,Boston,3,107,5,Credit Card,1
2716.49,ATM Withdrawal,0.0,Tablet,Los Angeles,2,59,1,UPI,1
835.65,Bank Transfer,15.0,Mobile,Los Angeles,3,60,14,Credit Card,1
3764.23,POS Payment,11.0,Desktop,Chicago,0,17,9,Credit Card,1
2190.5,Bank Transfer,17.0,Tablet,Los Angeles,1,55,4,Invalid Method,1
4912.84,Online Purchase,21.0,Tablet,New York,1,47,13,Debit Card,1
1172.6,Bill Payment,15.0,Mobile,Miami,3,88,12,Debit Card,1
4612.93,ATM Withdrawal,22.0,Tablet,Houston,2,33,3,Net Banking,1
4996.74,Bill Payment,16.0,Desktop,New York,1,109,1,Net Banking,1
1198.11,ATM Withdrawal,5.0,Mobile,Boston,1,19,8,Debit Card,1
3048.52,Bank Transfer,23.0,Mobile,Los Angeles,3,42,9,Debit Card,1
3836.07,ATM Withdrawal,4.0,Mobile,Boston,2,117,13,UPI,1
3970.99,Online Purchase,22.0,Desktop,San Francisco,4,41,5,Debit Card,1
4449.84,Bank Transfer,14.0,Tablet,San Francisco,1,116,3,UPI,1
4410.44,POS Payment,3.0,Tablet,Chicago,4,25,6,UPI,1
766.84,Bill Payment,12.0,Tablet,Miami,1,74,5,Debit Card,1
4206.49,Bill Payment,20.0,Desktop,New York,3,24,5,Net Banking,1
4645.38,ATM Withdrawal,10.0,Mobile,Chicago,3,15,12,Net Banking,1
752.62,ATM Withdrawal,23.0,Tablet,Seattle,4,118,7,Net Banking,1
1625.05,Bill Payment,17.0,Mobile,Boston,1,100,5,Credit Card,1
1703.43,ATM Withdrawal,10.0,Mobile,Miami,2,57,4,Credit Card,1
1596.17,POS Payment,15.0,Desktop,Chicago,0,115,8,Credit Card,1
62.81,Bill Payment,15.0,Tablet,Miami,0,54,6,Net Banking,1
562.8,Online Purchase,15.0,Tablet,Miami,1,109,4,Net Banking,1
101.9,Bank Transfer,15.0,Mobile,New York,3,91,4,Debit Card,1
2767.17,Bank Transfer,19.0,Tablet,New York,1,80,8,Debit Card,1
1934.61,Bill Payment,20.0,Mobile,Chicago,2,56,3,Debit Card,1
4478.19,POS Payment,21.0,Mobile,San Francisco,0,47,12,UPI,1
2821.1,Online Purchase,7.0,Tablet,Boston,3,3,4,Net Banking,1
4216.83,Bill Payment,18.0,Tablet,Boston,3,56,9,UPI,1
3808.6,Bill Payment,10.0,Mobile,New York,1,103,11,Debit Card,1
2503.29,Bill Payment,21.0,Desktop,New York,4,111,14,UPI,1
3546.04,Online Purchase,23.0,Tablet,Los Angeles,4,52,13,UPI,1
1305.39,ATM Withdrawal,14.0,Desktop,Houston,0,69,8,UPI,1
4355.04,ATM Withdrawal,12.0,Desktop,Los Angeles,2,58,3,Debit Card,1
685.95,Bank Transfer,10.0,Mobile,Chicago,0,100,9,Debit Card,1
2702.07,ATM Withdrawal,17.0,Tablet,San Francisco,2,96,7,Net Banking,1
4218.86,Bank Transfer,21.0,Desktop,San Francisco,3,106,3,Credit Card,1
3267.96,Online Purchase,11.0,Mobile,Los Angeles,1,5,4,Credit Card,1
4361.96,Bank Transfer,19.0,Tablet,Houston,4,119,14,UPI,1
4592.15,Bill Payment,14.0,Mobile,Chicago,3,36,6,Credit Card,1
1703.29,Bank Transfer,11.0,Tablet,Boston,4,64,10,Credit Card,1
1428.59,Online Purchase,0.0,Desktop,Miami,4,104,2,Debit Card,1
4172.03,Online Purchase,14.0,Mobile,Boston,1,1,14,Net Banking,1
1282.84,Online Purchase,17.0,Mobile,San Francisco,2,27,3,Net Banking,1
1785.63,Online Purchase,19.0,Desktop,Houston,2,25,4,UPI,1
4588.15,Bank Transfer,14.0,Tablet,Boston,3,19,9,Net Banking,1
2473.83,Bill Payment,21.0,Desktop,Los Angeles,4,57,13,Net Banking,1
3449.56,Online Purchase,23.0,Mobile,San Francisco,3,99,14,UPI,1
4149.93,ATM Withdrawal,7.0,Tablet,Boston,3,41,10,UPI,1
4014.81,Bank Transfer,9.0,Tablet,Miami,2,63,9,Debit Card,1
4301.52,ATM Withdrawal,16.0,Mobile,Miami,2,5,6,UPI,1
4124.45,ATM Withdrawal,20.0,Mobile,New York,2,73,7,UPI,1
2538.71,Online Purchase,13.0,Tablet,Houston,3,3,9,Invalid Method,1
2099.56,Online Purchase,23.0,Mobile,Miami,0,39,1,Net Banking,1
238.71,Bill Payment,12.0,Tablet,Boston,1,78,5,Debit Card,1
1635.04,Bill Payment,3.0,Tablet,Boston,2,97,11,Credit Card,1
1905.86,Bill Payment,4.0,Tablet,Houston,1,48,6,Debit Card,1
2302.96,ATM Withdrawal,6.0,Mobile,Houston,0,98,11,Credit Card,1
4199.29,Bank Transfer,22.0,Tablet,San Francisco,0,50,6,Net Banking,1
3155.0,Online Purchase,18.0,Desktop,Boston,0,23,7,Debit Card,1
3947.41,ATM Withdrawal,13.0,Unknown Device,Boston,4,89,5,Net Banking,1
1739.34,Online Purchase,20.0,Desktop,Chicago,3,32,13,Debit Card,1
4422.08,ATM Withdrawal,21.0,Desktop,Houston,3,88,1,UPI,1
2681.36,Bank Transfer,18.0,Desktop,New York,1,63,11,UPI,1
4397.0,Bill Payment,9.0,Tablet,New York,2,103,1,Credit Card,1
1972.58,Bank Transfer,4.0,Tablet,Boston,0,25,7,Credit Card,1
1588.89,ATM Withdrawal,13.0,Tablet,Boston,3,99,4,UPI,1
1026.89,Online Purchase,12.0,Mobile,Chicago,2,49,6,Credit Card,1
1653.65,Bill Payment,18.0,Unknown Device,Los Angeles,2,30,14,UPI,1
3174.58,POS Payment,9.0,Desktop,Boston,0,116,1,Net Banking,1
3433.71,Online Purchase,3.0,Mobile,Los Angeles,4,110,9,UPI,1
4805.65,Bank Transfer,20.0,Desktop,Houston,2,19,4,Credit Card,1
415.81,POS Payment,18.0,Tablet,Chicago,4,51,10,Net Banking,1
313.6,Online Purchase,14.0,Desktop,Los Angeles,0,1,5,Credit Card,1
477.11,Online Purchase,15.0,Mobile,Chicago,2,6,9,Credit Card,1
2499.94,Bank Transfer,15.0,Tablet,Boston,2,48,8,UPI,1
2695.81,Bill Payment,16.0,Mobile,San Francisco,2,36,1,Credit Card,1
3821.8,Bill Payment,11.0,Mobile,Los Angeles,3,55,10,Credit Card,1
2668.22,Bank Transfer,7.0,Mobile,Chicago,2,17,5,Net Banking,1
3793.71,Bill Payment,12.0,Unknown Device,Boston,3,12,14,Credit Card,1
1893.51,ATM Withdrawal,22.0,Desktop,Seattle,2,86,6,Net Banking,1
2241.26,ATM Withdrawal,9.0,Mobile,Boston,0,69,7,Invalid Method,1
2853.07,Bank Transfer,20.0,Desktop,Boston,4,3,10,Debit Card,1
3815.58,Bank Transfer,11.0,Tablet,Los Angeles,0,88,9,Net Banking,1
36.1,Bill Payment,23.0,Mobile,San Francisco,4,114,9,UPI,1
4370.0,Bill Payment,18.0,Desktop,San Francisco,2,90,14,Invalid Method,1
1335.12,Bill Payment,20.0,Mobile,Boston,4,57,5,Net Banking,1
1285.64,POS Payment,16.0,Desktop,Los Angeles,0,69,8,Net Banking,1
2145.36,POS Payment,11.0,Tablet,Boston,2,66,2,Net Banking,1
1479.18,ATM Withdrawal,19.0,Tablet,Seattle,1,36,2,Net Banking,1
4836.94,Online Purchase,23.0,Mobile,Seattle,0,97,8,Net Banking,1
616.86,Bill Payment,22.0,Mobile,Los Angeles,4,19,2,Credit Card,1
2730.94,Online Purchase,17.0,Mobile,Houston,3,47,1,Credit Card,1
3836.07,Bill Payment,21.0,Mobile,Los Angeles,0,73,1,Credit Card,1
1730.28,ATM Withdrawal,15.0,Desktop,Los Angeles,0,67,9,Credit Card,1
1416.86,POS Payment,16.0,Mobile,Boston,3,74,10,Net Banking,1
49997.8,ATM Withdrawal,18.0,Unknown Device,Houston,4,79,7,UPI,1
3025.55,POS Payment,19.0,Desktop,Boston,2,19,2,UPI,1
2804.38,ATM Withdrawal,15.0,Tablet,New York,4,71,6,Net Banking,1
4860.23,Online Purchase,6.0,Mobile,Miami,2,83,3,UPI,1
1731.2,POS Payment,6.0,Desktop,New York,3,77,2,Invalid Method,1
4286.18,Bill Payment,10.0,Tablet,Chicago,1,56,9,Debit Card,1
906.78,POS Payment,16.0,Desktop,Boston,1,41,10,Net Banking,1
430.82,Bank Transfer,21.0,Tablet,Chicago,4,90,11,Debit Card,1
1134.26,ATM Withdrawal,16.0,Tablet,Miami,3,112,10,Debit Card,1
49997.8,Online Purchase,10.0,Tablet,Houston,1,27,2,Debit Card,1
3770.38,Online Purchase,7.0,Desktop,Miami,1,72,7,Net Banking,1
1789.76,ATM Withdrawal,5.0,Tablet,Miami,3,82,4,UPI,1
1857.24,Bank Transfer,20.0,Tablet,Los Angeles,4,35,13,UPI,1
2479.59,Bank Transfer,21.0,Tablet,Boston,4,67,12,Net Banking,1
3070.5,ATM Withdrawal,18.0,Mobile,San Francisco,0,55,9,Credit Card,1
1603.9,Bill Payment,19.0,Mobile,Boston,1,94,14,Debit Card,1
4834.25,Bank Transfer,19.0,Mobile,Houston,4,115,8,Net Banking,1
4380.33,Bank Transfer,14.0,Mobile,Los Angeles,0,91,8,Credit Card,1
3417.44,Bill Payment,11.0,Tablet,Miami,2,62,11,Credit Card,1
733.41,ATM Withdrawal,15.0,Tablet,Seattle,4,92,4,Net Banking,1
3363.49,Online Purchase,18.0,Desktop,Los Angeles,4,76,14,Debit Card,1
2746.72,POS Payment,12.0,Mobile,Los Angeles,2,6,6,Credit Card,1
3814.85,ATM Withdrawal,8.0,Mobile,Houston,0,86,8,Debit Card,1
1058.91,Online Purchase,14.0,Tablet,Miami,3,117,9,Credit Card,1
3094.57,Bank Transfer,13.0,Tablet,Chicago,1,104,11,Debit Card,1
3345.51,ATM Withdrawal,17.0,Desktop,New York,0,92,3,Net Banking,1
49997.8,POS Payment,11.0,Unknown Device,New York,4,97,11,Debit Card,1
389.63,ATM Withdrawal,14.0,Mobile,New York,0,70,6,Net Banking,1
3216.54,Bill Payment,14.0,Mobile,Los Angeles,3,57,12,Credit Card,1
4290.59,ATM Withdrawal,3.0,Desktop,New York,3,84,1,UPI,1
2455.13,POS Payment,6.0,Tablet,Houston,4,16,4,Credit Card,1
29.76,ATM Withdrawal,21.0,Tablet,Los Angeles,3,83,12,Debit Card,1
543.17,ATM Withdrawal,12.0,Tablet,New York,2,62,1,UPI,1
1596.78,POS Payment,5.0,Desktop,Chicago,0,112,2,Debit Card,1
4404.22,Bill Payment,17.0,Mobile,Boston,0,14,3,Net Banking,1
728.78,ATM Withdrawal,1.0,Desktop,Boston,1,94,7,Debit Card,1
469.18,Bank Transfer,5.0,Tablet,Miami,1,101,2,Credit Card,1
2934.61,Bank Transfer,16.0,Tablet,Los Angeles,0,51,1,Net Banking,1
3994.6,Online Purchase,18.0,Desktop,Houston,2,97,6,Net Banking,1
1486.91,Bank Transfer,23.0,Desktop,Chicago,2,80,13,Credit Card,1
2177.79,ATM Withdrawal,23.0,Mobile,San Francisco,2,91,6,UPI,1
4256.93,Online Purchase,20.0,Mobile,Los Angeles,3,96,14,UPI,1
1490.38,POS Payment,8.0,Desktop,Houston,2,72,2,Net Banking,1
2358.78,Online Purchase,19.0,Desktop,San Francisco,0,38,2,Debit Card,1
3203.83,Bank Transfer,11.0,Desktop,Chicago,2,43,2,UPI,1
4593.4,Bank Transfer,12.0,Tablet,New York,4,113,1,Debit Card,1
3814.51,POS Payment,10.0,Mobile,Boston,0,92,7,Debit Card,1
4247.26,ATM Withdrawal,11.0,Tablet,Miami,3,86,9,Net Banking,1
3700.65,ATM Withdrawal,2.0,Tablet,Boston,1,92,6,UPI,1
3292.8,ATM Withdrawal,3.0,Desktop,New York,2,111,1,Credit Card,1
3239.59,ATM Withdrawal,17.0,Tablet,Los Angeles,4,41,13,UPI,1
4061.85,ATM Withdrawal,15.0,Mobile,Chicago,1,6,12,Credit Card,1
1270.33,Online Purchase,11.0,Mobile,Chicago,1,83,4,Debit Card,1
4801.35,Bank Transfer,15.0,Tablet,New York,2,36,3,Credit Card,1
3523.27,Online Purchase,21.0,Desktop,Boston,2,38,3,Debit Card,1
796.01,Bill Payment,21.0,Tablet,New York,0,94,2,UPI,1
886.64,Bill Payment,10.0,Tablet,Miami,0,93,12,Credit Card,1
650.07,Online Purchase,22.0,Mobile,Seattle,4,79,9,UPI,1
3117.13,Online Purchase,23.0,Tablet,New York,2,9,5,Credit Card,1
1408.83,Bank Transfer,9.0,Desktop,Los Angeles,4,119,13,Invalid Method,1
1544.76,Bank Transfer,7.0,Desktop,Chicago,3,89,4,Net Banking,1
2307.52,Bank Transfer,1.0,Tablet,Boston,2,38,9,Net Banking,1
550.89,Bill Payment,23.0,Mobile,Los Angeles,2,113,7,Net Banking,1
2818.21,Online Purchase,3.0,Desktop,Chicago,0,72,5,UPI,1
1232.12,ATM Withdrawal,12.0,Tablet,Chicago,4,117,11,Credit Card,1
3475.57,Bill Payment,5.0,Desktop,Boston,4,15,10,Credit Card,1
4090.21,ATM Withdrawal,17.0,Desktop,San Francisco,0,76,6,Net Banking,1
4256.93,Online Purchase,1.0,Unknown Device,Chicago,2,81,2,Net Banking,1
639.39,Online Purchase,18.0,Desktop,Seattle,1,75,4,Credit Card,1
1832.13,POS Payment,9.0,Mobile,Los Angeles,3,55,6,Debit Card,1
779.48,Bill Payment,21.0,Tablet,Boston,1,10,12,Credit Card,1
132.25,ATM Withdrawal,22.0,Desktop,Los Angeles,3,25,12,Debit Card,1
4599.52,POS Payment,10.0,Mobile,New York,4,62,1,UPI,1
4668.58,Bill Payment,12.0,Mobile,Chicago,0,38,14,Net Banking,1
2589.66,POS Payment,17.0,Desktop,Houston,4,31,12,Debit Card,1
4942.53,Bill Payment,14.0,Mobile,Houston,0,112,7,UPI,1
1055.43,Bill Payment,18.0,Mobile,Houston,4,108,13,Debit Card,1
3905.94,Bank Transfer,22.0,Tablet,Seattle,2,50,5,Credit Card,1
1189.12,Bill Payment,4.0,Desktop,Los Angeles,2,83,6,Invalid Method,1
1311.16,ATM Withdrawal,18.0,Tablet,Boston,1,109,12,Net Banking,1
3210.44,ATM Withdrawal,15.0,Mobile,Chicago,1,19,11,Credit Card,1
2229.29,Bill Payment,19.0,Mobile,Los Angeles,3,48,4,Credit Card,1
2099.52,Online Purchase,11.0,Desktop,Los Angeles,3,68,4,Credit Card,1
4214.55,Bank Transfer,19.0,Tablet,Seattle,4,39,5,Net Banking,1
615.5,Bank Transfer,11.0,Desktop,Miami,1,108,3,Credit Card,1
2699.8,Online Purchase,19.0,Desktop,Miami,3,103,10,Debit Card,1
49997.8,Bill Payment,5.0,Mobile,Chicago,4,77,14,Credit Card,1
3929.21,Bank Transfer,21.0,Tablet,Seattle,1,65,11,Credit Card,1
4929.55,Bill Payment,6.0,Desktop,Los Angeles,2,80,9,UPI,1
4240.3,Online Purchase,18.0,Desktop,Houston,1,115,6,Invalid Method,1
2206.06,ATM Withdrawal,20.0,Desktop,Boston,0,53,10,Net Banking,1
4365.03,Bill Payment,3.0,Mobile,Chicago,2,41,5,Net Banking,1
2619.46,Online Purchase,19.0,Desktop,Boston,3,102,8,UPI,1
416.23,Bank Transfer,7.0,Mobile,Miami,3,66,2,Debit Card,1
478.22,Online Purchase,21.0,Desktop,Houston,1,23,1,Debit Card,1
3479.55,POS Payment,23.0,Mobile,Miami,3,109,4,Credit Card,1
2860.16,Online Purchase,1.0,Mobile,Boston,1,117,12,Debit Card,1
3175.62,POS Payment,20.0,Tablet,New York,0,80,2,Debit Card,1
4460.4,Bank Transfer,21.0,Mobile,Chicago,1,5,14,Credit Card,1
2240.54,Bill Payment,16.0,Mobile,Houston,0,109,2,UPI,1
3026.87,Online Purchase,18.0,Mobile,San Francisco,4,98,7,Net Banking,1
4428.79,Bank Transfer,6.0,Desktop,Houston,1,96,14,Net Banking,1
4997.18,ATM Withdrawal,11.0,Tablet,Miami,4,110,10,Credit Card,1
3825.46,Online Purchase,14.0,Mobile,Miami,3,95,12,Net Banking,1
2956.11,POS Payment,7.0,Mobile,New York,1,90,6,Debit Card,1
2142.55,Online Purchase,7.0,Mobile,Los Angeles,4,68,5,UPI,1
4164.46,Bank Transfer,20.0,Mobile,Miami,0,72,13,Credit Card,1
493.98,POS Payment,16.0,Desktop,Seattle,2,92,4,Net Banking,1
4507.94,POS Payment,11.0,Tablet,Miami,2,40,8,UPI,1
617.64,Bank Transfer,17.0,Tablet,Houston,4,106,12,Credit Card,1
4349.96,Online Purchase,2.0,Tablet,Miami,2,117,10,Debit Card,1
969.59,Online Purchase,5.0,Desktop,Chicago,2,118,10,UPI,1
476.78,Bill Payment,0.0,Mobile,Chicago,4,115,2,Credit Card,1
3527.14,ATM Withdrawal,3.0,Tablet,Los Angeles,1,102,11,Net Banking,1
4575.34,Online Purchase,20.0,Mobile,Miami,0,85,11,Debit Card,1
1361.85,Bill Payment,10.0,Mobile,Los Angeles,2,105,7,Net Banking,1
77.86,Bill Payment,22.0,Desktop,New York,0,95,10,Net Banking,1
2407.48,Online Purchase,15.0,Mobile,Miami,4,118,2,UPI,1
4633.2,Bank Transfer,22.0,Tablet,Los Angeles,4,111,3,Debit Card,1
203.09,Online Purchase,14.0,Desktop,Chicago,0,27,3,Debit Card,1
389.77,Bank Transfer,17.0,Unknown Device,Los Angeles,1,57,2,Credit Card,1
3560.32,POS Payment,15.0,Desktop,Miami,0,12,8,Net Banking,1
2639.63,POS Payment,10.0,Tablet,Boston,3,13,14,UPI,1
2860.85,ATM Withdrawal,18.0,Desktop,San Francisco,1,97,9,UPI,1
149.6,ATM Withdrawal,23.0,Tablet,Houston,0,28,1,Net Banking,1
3381.34,Bank Transfer,14.0,Tablet,Houston,3,31,3,Net Banking,1
4950.22,Bank Transfer,13.0,Mobile,Boston,2,13,14,UPI,1
4671.52,ATM Withdrawal,20.0,Mobile,Chicago,0,99,7,Debit Card,1
825.97,Bill Payment,16.0,Unknown Device,Chicago,2,66,13,Credit Card,1
3352.66,ATM Withdrawal,11.0,Desktop,Houston,0,118,7,Debit Card,1
1092.75,Online Purchase,5.0,Tablet,Houston,2,114,10,UPI,1
3345.48,POS Payment,12.0,Mobile,Houston,0,72,9,Credit Card,1
419.66,Bill Payment,18.0,Tablet,Miami,1,70,11,Debit Card,1
1795.82,POS Payment,23.0,Desktop,Miami,4,6,10,UPI,1
1529.87,ATM Withdrawal,23.0,Tablet,Houston,3,104,8,Net Banking,1
2526.43,POS Payment,11.0,Tablet,Boston,1,72,2,Net Banking,1
4904.03,ATM Withdrawal,13.0,Desktop,Boston,3,64,7,Invalid Method,1
1805.38,Online Purchase,9.0,Tablet,New York,0,100,4,Credit Card,1
3342.41,Bank Transfer,19.0,Mobile,Los Angeles,3,61,14,Net Banking,1
2843.92,ATM Withdrawal,17.0,Tablet,Houston,1,78,12,Net Banking,1
2527.83,POS Payment,11.0,Mobile,Miami,4,64,1,UPI,1
2739.95,Bank Transfer,8.0,Mobile,Houston,2,119,14,UPI,1
3516.28,Online Purchase,23.0,Tablet,Boston,4,19,3,Credit Card,1
1070.09,Bill Payment,11.0,Mobile,San Francisco,4,75,1,UPI,1
851.78,Bank Transfer,12.0,Tablet,Houston,4,106,5,Credit Card,1
4664.47,POS Payment,7.0,Desktop,Boston,2,37,13,Net Banking,1
400.75,Bank Transfer,1.0,Tablet,Chicago,2,63,8,Debit Card,1
3682.39,POS Payment,9.0,Desktop,Houston,4,88,5,Credit Card,1
2795.93,Bill Payment,20.0,Desktop,New York,2,23,9,Credit Card,1
2059.71,Bill Payment,17.0,Desktop,Seattle,1,52,1,Debit Card,1
1910.18,Bill Payment,21.0,Desktop,Houston,0,16,10,UPI,1
4455.01,Online Purchase,17.0,Tablet,San Francisco,2,81,4,Debit Card,1
49997.8,ATM Withdrawal,10.0,Tablet,Chicago,0,3,10,Credit Card,1
4263.14,Bank Transfer,0.0,Desktop,Chicago,0,70,13,Credit Card,1
2986.01,ATM Withdrawal,18.0,Mobile,Boston,2,111,9,UPI,1
4846.07,POS Payment,15.0,Desktop,New York,3,116,10,UPI,1
2197.24,POS Payment,10.0,Tablet,Houston,3,105,4,Net Banking,1
4365.56,Bill Payment,21.0,Tablet,Boston,2,17,7,Debit Card,1
1141.56,ATM Withdrawal,6.0,Desktop,Los Angeles,4,92,10,UPI,1
4344.9,ATM Withdrawal,3.0,Desktop,Boston,2,81,7,UPI,1
1874.95,Online Purchase,15.0,Tablet,Boston,3,42,8,Debit Card,1
1118.43,ATM Withdrawal,8.0,Tablet,Boston,0,59,13,Net Banking,1
1323.96,Bill Payment,10.0,Mobile,Miami,3,83,8,Credit Card,1
3428.38,Online Purchase,18.0,Mobile,San Francisco,3,109,11,Net Banking,1
2010.93,Online Purchase,10.0,Tablet,Houston,3,61,8,UPI,1
2431.65,Bank Transfer,11.0,Desktop,Houston,0,59,11,Net Banking,1
1719.11,ATM Withdrawal,8.0,Desktop,Los Angeles,3,66,2,Credit Card,1
650.29,Bill Payment,23.0,Tablet,Miami,4,44,4,Debit Card,1
469.63,Online Purchase,22.0,Unknown Device,Chicago,3,3,7,Credit Card,1
4364.51,Bank Transfer,3.0,Tablet,San Francisco,2,106,1,Net Banking,1
1399.95,ATM Withdrawal,13.0,Unknown Device,Houston,1,89,11,UPI,1
4270.41,Online Purchase,17.0,Mobile,Boston,2,47,5,Invalid Method,1
3850.18,Online Purchase,14.0,Tablet,Houston,0,60,12,Debit Card,1
417.67,Bank Transfer,22.0,Tablet,Houston,0,28,10,UPI,1
2470.87,POS Payment,1.0,Tablet,Chicago,2,25,4,UPI,1
2065.54,ATM Withdrawal,22.0,Desktop,Los Angeles,4,54,12,Debit Card,1
2281.61,ATM Withdrawal,16.0,Mobile,Houston,1,38,6,Net Banking,1
1314.8,Bill Payment,10.0,Mobile,Houston,3,85,5,Net Banking,1
2465.91,Online Purchase,16.0,Mobile,Los Angeles,1,66,8,Credit Card,1
2477.68,Bank Transfer,17.0,Mobile,New York,1,22,7,Net Banking,1
4563.06,Bill Payment,6.0,Mobile,Houston,4,51,10,Net Banking,1
2518.48,POS Payment,13.0,Desktop,San Francisco,2,93,7,UPI,1
3354.01,ATM Withdrawal,1.0,Unknown Device,Houston,3,27,3,Debit Card,1
49997.8,Bill Payment,17.0,Unknown Device,Los Angeles,1,75,7,UPI,1
4824.52,Bank Transfer,15.0,Mobile,Miami,1,99,2,UPI,1
2668.49,ATM Withdrawal,16.0,Mobile,Miami,0,85,2,Credit Card,1
2969.57,ATM Withdrawal,3.0,Tablet,Boston,1,46,12,UPI,1
2289.44,ATM Withdrawal,6.0,Tablet,Houston,0,61,7,Debit Card,1
3940.11,Bank Transfer,17.0,Mobile,Chicago,3,103,7,UPI,1
1025.68,ATM Withdrawal,1.0,Unknown Device,Boston,2,33,5,Debit Card,1
3662.18,Online Purchase,3.0,Mobile,Chicago,2,10,1,Credit Card,1
3845.24,Online Purchase,16.0,Tablet,Houston,2,6,13,Net Banking,1
3722.77,Bill Payment,22.0,Mobile,New York,0,51,6,Net Banking,1
4570.86,Online Purchase,21.0,Tablet,Los Angeles,3,34,9,Credit Card,1
3945.66,ATM Withdrawal,5.0,Mobile,Boston,1,95,9,Debit Card,1
978.85,ATM Withdrawal,18.0,Mobile,San Francisco,0,57,5,Credit Card,1
49997.8,POS Payment,14.0,Mobile,Miami,3,79,10,Net Banking,1
4620.51,ATM Withdrawal,9.0,Mobile,Houston,4,36,4,Net Banking,1
3792.49,Online Purchase,8.0,Desktop,Houston,0,40,13,Credit Card,1
719.22,POS Payment,4.0,Desktop,Chicago,4,115,1,UPI,1
1665.82,Bill Payment,1.0,Tablet,Chicago,1,105,5,UPI,1
2886.85,POS Payment,2.0,Mobile,Chicago,3,51,5,Debit Card,1
2121.42,Bill Payment,1.0,Tablet,Los Angeles,4,116,4,Debit Card,1
4803.13,Online Purchase,9.0,Desktop,Houston,1,95,14,UPI,1
3485.53,Bank Transfer,10.0,Desktop,San Francisco,0,102,3,Net Banking,1
1911.06,Online Purchase,16.0,Desktop,Boston,2,67,8,Debit Card,1
2650.88,ATM Withdrawal,9.0,Tablet,Miami,1,68,9,Credit Card,1
3684.14,ATM Withdrawal,20.0,Mobile,Houston,1,11,4,Credit Card,1
4649.52,Online Purchase,22.0,Desktop,New York,0,10,12,Debit Card,1
3219.42,Bill Payment,16.0,Tablet,Los Angeles,3,55,4,UPI,1
1849.69,ATM Withdrawal,8.0,Desktop,Chicago,3,88,1,Credit Card,1
4922.72,Bank Transfer,16.0,Tablet,New York,1,96,5,UPI,1
1755.41,ATM Withdrawal,9.0,Desktop,Chicago,0,30,14,Net Banking,1
1806.55,Bank Transfer,8.0,Mobile,Chicago,3,45,3,Net Banking,1
2020.58,Bill Payment,8.0,Tablet,Houston,4,82,13,Net Banking,1
1619.05,ATM Withdrawal,15.0,Desktop,Chicago,1,59,10,Net Banking,1
1552.34,POS Payment,7.0,Desktop,Chicago,3,83,5,UPI,1
3182.72,ATM Withdrawal,10.0,Mobile,Chicago,3,26,13,Invalid Method,1
3075.05,Bill Payment,10.0,Desktop,Seattle,2,115,4,UPI,1
2487.02,ATM Withdrawal,2.0,Desktop,Boston,4,15,1,Credit Card,1
2899.5,Online Purchase,3.0,Desktop,Los Angeles,0,60,1,UPI,1
752.71,ATM Withdrawal,13.0,Mobile,Boston,1,2,11,Credit Card,1
3182.95,ATM Withdrawal,21.0,Desktop,Miami,2,104,12,UPI,1
4100.96,ATM Withdrawal,15.0,Mobile,New York,1,87,4,UPI,1
1663.2,Online Purchase,9.0,Tablet,Boston,1,6,4,Credit Card,1
277.66,Bill Payment,19.0,Desktop,New York,4,64,6,UPI,1
1444.57,Bill Payment,12.0,Desktop,Chicago,3,35,1,Credit Card,1
3566.3,Bill Payment,20.0,Desktop,Miami,3,37,12,Debit Card,1
4593.52,POS Payment,2.0,Desktop,Houston,0,53,3,UPI,1
4834.26,POS Payment,18.0,Mobile,Chicago,2,115,9,Net Banking,1
1310.32,Online Purchase,10.0,Desktop,Houston,3,65,12,UPI,1
4598.44,POS Payment,18.0,Tablet,Houston,1,115,3,Credit Card,1
1442.16,ATM Withdrawal,17.0,Tablet,Chicago,2,116,3,Credit Card,1
86.76,POS Payment,7.0,Mobile,Houston,2,72,11,Net Banking,1
4541.81,ATM Withdrawal,23.0,Mobile,Seattle,3,107,8,Credit Card,1
4399.71,ATM Withdrawal,17.0,Desktop,Miami,3,63,13,Credit Card,1
2796.03,ATM Withdrawal,23.0,Mobile,Seattle,0,47,2,Debit Card,1
3315.64,POS Payment,16.0,Desktop,Seattle,0,68,3,Net Banking,1
3877.61,POS Payment,23.0,Desktop,Boston,1,110,9,Net Banking,1
4952.35,POS Payment,19.0,Mobile,Miami,4,40,4,Net Banking,1
4557.0,ATM Withdrawal,17.0,Desktop,Seattle,1,50,2,Credit Card,1
3205.62,ATM Withdrawal,10.0,Desktop,Los Angeles,1,7,4,Debit Card,1
3297.21,Bank Transfer,17.0,Desktop,Boston,1,45,13,UPI,1
1285.99,Bill Payment,23.0,Mobile,Boston,4,24,7,UPI,1
4334.07,ATM Withdrawal,18.0,Mobile,Los Angeles,2,53,7,Invalid Method,1
3655.29,Bill Payment,20.0,Desktop,Chicago,1,96,1,Debit Card,1
1670.68,Bill Payment,10.0,Mobile,Houston,2,108,9,Debit Card,1
2976.17,POS Payment,19.0,Desktop,Los Angeles,3,40,6,Debit Card,1
4858.81,Bank Transfer,10.0,Tablet,New York,0,95,10,Net Banking,1
3371.52,ATM Withdrawal,21.0,Desktop,Los Angeles,0,75,4,Credit Card,1
4279.42,Online Purchase,18.0,Desktop,Boston,0,38,3,Debit Card,1
638.19,ATM Withdrawal,20.0,Desktop,Houston,0,93,10,Debit Card,1
2257.13,Online Purchase,2.0,Mobile,Boston,2,50,6,Credit Card,1
2558.0,Bill Payment,8.0,Tablet,Houston,1,81,5,Net Banking,1
1337.86,Bank Transfer,19.0,Tablet,Los Angeles,2,98,14,UPI,1
3239.88,Online Purchase,16.0,Desktop,Seattle,0,107,10,Net Banking,1
2391.04,ATM Withdrawal,22.0,Tablet,New York,2,46,3,Net Banking,1
522.18,Bank Transfer,5.0,Desktop,Los Angeles,1,57,3,Debit Card,1
3933.4,ATM Withdrawal,23.0,Tablet,Seattle,4,22,2,Credit Card,1
3125.72,Bank Transfer,17.0,Desktop,Miami,3,89,8,Net Banking,1
3976.5,Online Purchase,19.0,Tablet,Seattle,2,92,12,Credit Card,1
3980.15,Online Purchase,11.0,Desktop,Miami,4,29,4,Net Banking,1
1964.14,Online Purchase,15.0,Mobile,New York,0,72,8,Credit Card,1
1727.1,ATM Withdrawal,21.0,Tablet,Los Angeles,1,55,5,Net Banking,1
4114.53,POS Payment,19.0,Desktop,Miami,3,12,5,Credit Card,1
4381.19,Bill Payment,18.0,Tablet,Los Angeles,4,100,8,Credit Card,1
3391.9,ATM Withdrawal,18.0,Mobile,Chicago,2,80,14,UPI,1
3777.63,Online Purchase,18.0,Mobile,Houston,0,14,10,Debit Card,1
4925.08,Bank Transfer,8.0,Tablet,Los Angeles,4,39,2,UPI,1
4543.39,Bill Payment,11.0,Desktop,Los Angeles,2,69,8,UPI,1
4616.77,Bill Payment,16.0,Mobile,Miami,4,4,7,Debit Card,1
301.58,POS Payment,3.0,Mobile,Houston,0,36,1,UPI,1
693.06,Bill Payment,16.0,Tablet,Boston,4,99,4,Debit Card,1
477.19,Bank Transfer,18.0,Desktop,Boston,0,42,9,Credit Card,1
982.47,Online Purchase,11.0,Mobile,Miami,3,87,9,Net Banking,1
1651.25,POS Payment,21.0,Tablet,San Francisco,4,83,3,Debit Card,1
365.47,ATM Withdrawal,14.0,Mobile,Houston,1,4,4,UPI,1
4130.93,ATM Withdrawal,9.0,Tablet,Boston,2,46,6,Debit Card,1
990.98,Bill Payment,10.0,Desktop,Houston,2,71,8,Debit Card,1
860.49,ATM Withdrawal,13.0,Desktop,Los Angeles,0,59,12,Credit Card,1
930.02,Online Purchase,1.0,Unknown Device,Chicago,4,67,3,Credit Card,1
2269.26,POS Payment,17.0,Tablet,New York,1,12,1,Debit Card,1
3234.46,ATM Withdrawal,19.0,Tablet,New York,1,95,6,Net Banking,1
4658.17,Bill Payment,10.0,Mobile,Boston,4,101,10,Credit Card,1
2531.19,POS Payment,22.0,Mobile,Seattle,2,32,1,Invalid Method,1
4608.37,Bill Payment,21.0,Desktop,Chicago,0,20,10,Debit Card,1
1116.53,Bill Payment,2.0,Tablet,Boston,0,104,4,UPI,1
92.04,ATM Withdrawal,14.0,Desktop,Houston,4,7,2,Debit Card,1
1876.38,POS Payment,2.0,Desktop,Houston,2,110,3,Debit Card,1
3275.68,Bank Transfer,9.0,Mobile,Houston,4,26,1,Credit Card,1
4323.51,Bill Payment,4.0,Tablet,Boston,2,110,13,Debit Card,1
1221.78,Bank Transfer,13.0,Tablet,Los Angeles,3,18,6,Debit Card,1
136.24,Bank Transfer,21.0,Tablet,Chicago,4,26,13,Credit Card,1
4383.42,Online Purchase,0.0,Tablet,Chicago,1,27,3,Debit Card,1
2532.19,Online Purchase,15.0,Desktop,Boston,2,7,5,Credit Card,1
4439.29,Bill Payment,15.0,Desktop,Houston,0,31,5,Net Banking,1
1197.38,Bank Transfer,23.0,Mobile,Houston,3,77,10,Credit Card,1
4702.84,Bank Transfer,17.0,Tablet,New York,3,51,8,Net Banking,1
3740.04,Online Purchase,18.0,Mobile,Boston,2,103,10,Credit Card,1
1609.38,POS Payment,16.0,Desktop,Houston,3,86,14,Credit Card,1
3464.06,Online Purchase,15.0,Mobile,Miami,2,32,8,Credit Card,1
3680.2,Online Purchase,20.0,Mobile,Los Angeles,2,30,12,UPI,1
545.27,Bank Transfer,15.0,Desktop,Boston,1,87,13,Net Banking,1
3864.38,Bill Payment,23.0,Mobile,Los Angeles,2,72,1,Credit Card,1
4104.47,POS Payment,21.0,Tablet,New York,2,81,11,UPI,1
3892.48,Bill Payment,0.0,Desktop,Miami,4,114,4,Net Banking,1
3210.75,Online Purchase,13.0,Tablet,Houston,0,2,3,Credit Card,1
1947.31,POS Payment,23.0,Tablet,Houston,3,30,3,UPI,1
1635.42,Bank Transfer,23.0,Desktop,New York,1,82,3,UPI,1
4718.29,Bill Payment,20.0,Mobile,New York,1,94,7,Debit Card,1
4544.75,Bank Transfer,17.0,Mobile,Miami,0,15,7,UPI,1
3486.54,Bank Transfer,23.0,Desktop,Boston,3,13,13,Debit Card,1
259.09,ATM Withdrawal,3.0,Desktop,Chicago,0,99,5,Net Banking,1
2393.97,Bank Transfer,7.0,Tablet,New York,2,82,4,UPI,1
3822.18,Online Purchase,6.0,Tablet,Los Angeles,4,44,6,Net Banking,1
2739.25,Bill Payment,13.0,Mobile,Los Angeles,3,81,5,Net Banking,1
3274.15,Bill Payment,15.0,Mobile,Miami,0,97,7,Net Banking,1
135.77,ATM Withdrawal,10.0,Tablet,Chicago,3,114,10,Credit Card,1
3737.68,Bill Payment,20.0,Mobile,New York,2,109,14,Net Banking,1
704.52,Bill Payment,10.0,Desktop,San Francisco,0,90,2,Credit Card,1
537.42,Online Purchase,10.0,Tablet,Chicago,4,76,6,Net Banking,1
2496.07,Online Purchase,22.0,Tablet,New York,0,24,13,Credit Card,1
1241.74,Online Purchase,22.0,Desktop,Boston,4,44,6,UPI,1
1730.41,ATM Withdrawal,5.0,Tablet,Houston,1,90,3,Debit Card,1
3666.13,ATM Withdrawal,21.0,Mobile,New York,4,101,5,UPI,1
2125.67,POS Payment,15.0,Desktop,San Francisco,0,51,3,UPI,1
343.95,Bank Transfer,10.0,Desktop,New York,2,51,1,Invalid Method,1
3540.42,Bank Transfer,3.0,Mobile,Los Angeles,1,90,7,Debit Card,1
3802.54,POS Payment,16.0,Desktop,Boston,0,60,13,UPI,1
4125.88,Bank Transfer,18.0,Desktop,Los Angeles,2,96,4,Credit Card,1
4422.56,POS Payment,17.0,Tablet,Boston,3,21,7,UPI,1
1418.15,POS Payment,14.0,Mobile,Los Angeles,1,69,9,UPI,1
4733.35,Online Purchase,8.0,Mobile,Los Angeles,1,37,4,Net Banking,1
2511.52,Online Purchase,17.0,Tablet,Houston,1,53,2,Net Banking,1
3819.15,ATM Withdrawal,8.0,Tablet,Chicago,0,15,2,UPI,1
1470.16,Online Purchase,20.0,Desktop,Houston,4,29,2,UPI,1
2046.94,Online Purchase,16.0,Desktop,Miami,2,96,8,Debit Card,1
4240.52,Online Purchase,7.0,Mobile,Miami,2,37,4,Net Banking,1
559.51,Bill Payment,12.0,Tablet,Chicago,1,39,8,Credit Card,1
4298.28,Online Purchase,5.0,Mobile,Boston,2,82,1,Debit Card,1
1187.45,POS Payment,2.0,Desktop,Boston,4,31,5,Credit Card,1
3928.03,Bank Transfer,8.0,Desktop,New York,2,68,2,Debit Card,1
49997.8,Bank Transfer,10.0,Tablet,San Francisco,4,80,6,UPI,1
1722.8,Bank Transfer,12.0,Mobile,Boston,1,4,10,Invalid Method,1
2658.46,Bill Payment,21.0,Desktop,Houston,2,64,9,UPI,1
4309.02,Online Purchase,23.0,Tablet,Chicago,0,77,8,Debit Card,1
667.6,Bill Payment,18.0,Mobile,Boston,4,17,8,UPI,1
1007.56,Bill Payment,17.0,Desktop,Chicago,1,62,11,Debit Card,1
4814.44,ATM Withdrawal,7.0,Tablet,Chicago,3,64,14,UPI,1
1395.81,Bank Transfer,10.0,Tablet,Los Angeles,3,2,3,Debit Card,1
1850.91,Bank Transfer,17.0,Desktop,Boston,0,107,8,Debit Card,1
4498.24,ATM Withdrawal,23.0,Desktop,New York,4,41,2,Invalid Method,1
49997.8,POS Payment,2.0,Tablet,San Francisco,2,75,14,Net Banking,1
3750.02,Bill Payment,7.0,Tablet,Miami,1,78,4,Debit Card,1
265.69,Bill Payment,23.0,Mobile,Los Angeles,4,105,7,Credit Card,1
4908.01,Bank Transfer,18.0,Mobile,San Francisco,3,69,1,Credit Card,1
1713.46,Online Purchase,16.0,Tablet,San Francisco,0,74,9,UPI,1
2307.68,Bill Payment,6.0,Desktop,Boston,4,86,1,UPI,1
2010.63,Bank Transfer,17.0,Tablet,Boston,4,17,10,Net Banking,1
4132.12,Bill Payment,9.0,Desktop,New York,0,86,10,Net Banking,1
3013.94,Online Purchase,3.0,Tablet,Houston,4,55,5,Net Banking,1
4138.24,Bank Transfer,12.0,Desktop,San Francisco,2,79,7,Credit Card,1
3634.6,POS Payment,6.0,Desktop,Houston,4,99,14,Credit Card,1
1349.77,Online Purchase,6.0,Desktop,Houston,0,94,1,UPI,1
3066.19,Online Purchase,16.0,Tablet,Chicago,0,105,6,Net Banking,1
3297.24,ATM Withdrawal,21.0,Desktop,Chicago,1,110,14,UPI,1
3980.1,POS Payment,21.0,Desktop,Miami,1,10,4,Net Banking,1
3830.0,Bill Payment,13.0,Desktop,San Francisco,4,87,2,Debit Card,1
4055.79,Bank Transfer,15.0,Mobile,Boston,4,62,5,Credit Card,1
4177.67,Bill Payment,7.0,Desktop,Chicago,1,41,2,Net Banking,1
3153.91,ATM Withdrawal,11.0,Tablet,Los Angeles,1,47,12,Net Banking,1
49997.8,Bill Payment,20.0,Tablet,Seattle,1,55,11,Credit Card,1
4851.8,ATM Withdrawal,11.0,Mobile,Houston,4,25,11,Net Banking,1
355.21,ATM Withdrawal,23.0,Mobile,Houston,2,1,4,Credit Card,1
2801.31,Bill Payment,6.0,Tablet,Boston,1,9,10,Debit Card,1
4215.2,Bill Payment,11.0,Desktop,Los Angeles,3,55,9,Debit Card,1
4594.14,Online Purchase,14.0,Tablet,Miami,1,105,1,UPI,1
3307.64,ATM Withdrawal,23.0,Tablet,New York,4,90,8,Debit Card,1
4641.4,Bank Transfer,15.0,Desktop,Los Angeles,2,51,4,Debit Card,1
510.56,Bank Transfer,16.0,Desktop,Chicago,0,68,8,Debit Card,1
613.06,Bank Transfer,0.0,Unknown Device,Chicago,0,64,7,Credit Card,1
4670.29,Online Purchase,11.0,Tablet,Chicago,0,86,7,UPI,1
4458.26,POS Payment,17.0,Desktop,Houston,3,83,2,Credit Card,1
4933.25,POS Payment,22.0,Mobile,Seattle,1,27,2,Debit Card,1
2061.48,POS Payment,9.0,Desktop,New York,2,71,1,Credit Card,1
4184.69,Bank Transfer,7.0,Desktop,Los Angeles,3,46,5,Net Banking,1
846.33,POS Payment,23.0,Desktop,Chicago,0,17,13,Debit Card,1
3381.83,ATM Withdrawal,16.0,Desktop,New York,3,97,14,Credit Card,1
1125.89,POS Payment,18.0,Mobile,Los Angeles,1,5,6,Debit Card,1
3157.08,POS Payment,10.0,Mobile,Los Angeles,2,91,11,UPI,1
1716.51,ATM Withdrawal,13.0,Tablet,Los Angeles,1,85,8,Invalid Method,1
2423.99,Online Purchase,23.0,Mobile,Seattle,4,68,10,Credit Card,1
1831.42,Bank Transfer,22.0,Tablet,New York,0,84,7,Debit Card,1
3015.62,POS Payment,18.0,Mobile,Boston,0,109,12,Credit Card,1
2552.22,POS Payment,18.0,Mobile,Houston,4,93,13,Debit Card,1
2457.55,Bank Transfer,22.0,Mobile,Chicago,4,96,5,Debit Card,1
1313.68,Online Purchase,7.0,Tablet,Houston,4,91,2,UPI,1
1619.11,Bill Payment,8.0,Tablet,Los Angeles,3,64,6,Net Banking,1
1948.77,Online Purchase,6.0,Mobile,Boston,4,79,11,Debit Card,1
4317.47,POS Payment,18.0,Tablet,Houston,0,74,7,UPI,1
4329.33,Online Purchase,11.0,Mobile,Miami,3,49,7,Net Banking,1
1043.1,ATM Withdrawal,6.0,Tablet,Boston,2,94,4,Debit Card,1
2288.6,Bank Transfer,10.0,Tablet,New York,1,25,1,UPI,1
3314.23,Online Purchase,21.0,Mobile,New York,4,14,9,Net Banking,1
3208.42,Bank Transfer,13.0,Desktop,Chicago,1,109,5,UPI,1
1779.51,Online Purchase,15.0,Tablet,New York,4,106,5,Credit Card,1
34.91,Bill Payment,23.0,Desktop,Los Angeles,4,113,4,Debit Card,1
2882.47,ATM Withdrawal,17.0,Mobile,San Francisco,1,61,2,Credit Card,1
4637.59,Online Purchase,12.0,Unknown Device,Houston,4,109,11,Credit Card,1
3210.75,Online Purchase,9.0,Desktop,Houston,3,106,1,UPI,1
4091.04,POS Payment,15.0,Tablet,Miami,4,19,3,Credit Card,1
1302.26,Online Purchase,20.0,Desktop,Miami,1,104,13,Net Banking,1
3798.7,ATM Withdrawal,17.0,Desktop,Miami,0,25,8,Net Banking,1
4068.84,Bill Payment,2.0,Tablet,Los Angeles,3,106,9,Credit Card,1
3417.0,Bill Payment,18.0,Desktop,Miami,4,90,12,Net Banking,1
1873.0,Bank Transfer,23.0,Tablet,Houston,1,74,1,Net Banking,1
3542.83,Bill Payment,18.0,Desktop,Los Angeles,4,37,4,Credit Card,1
2820.2,ATM Withdrawal,17.0,Desktop,Chicago,3,21,13,Credit Card,1
1290.65,Bill Payment,20.0,Tablet,Houston,2,37,13,Debit Card,1
915.02,Bill Payment,18.0,Desktop,New York,2,59,2,Debit Card,1
4699.14,Online Purchase,18.0,Tablet,Boston,2,58,7,Net Banking,1
1935.89,Online Purchase,13.0,Desktop,Los Angeles,0,105,8,Credit Card,1
3453.73,Bill Payment,18.0,Tablet,Miami,4,79,6,UPI,1
4963.87,Online Purchase,21.0,Desktop,Boston,3,102,9,Net Banking,1
2253.45,POS Payment,21.0,Tablet,San Francisco,3,117,7,Net Banking,1
1754.93,Bill Payment,21.0,Mobile,Miami,3,26,10,UPI,1
1993.48,POS Payment,10.0,Desktop,Boston,2,69,13,UPI,1
3028.73,ATM Withdrawal,13.0,Mobile,New York,3,67,8,Net Banking,1
4201.67,Bill Payment,5.0,Tablet,Boston,3,114,10,UPI,1
635.23,Bank Transfer,18.0,Desktop,Los Angeles,3,64,10,Net Banking,1
3438.25,Bank Transfer,9.0,Mobile,Los Angeles,0,108,3,Debit Card,1
3766.3,Online Purchase,3.0,Tablet,Chicago,3,56,7,Credit Card,1
651.14,Bill Payment,7.0,Tablet,Boston,1,5,7,Net Banking,1
2206.79,ATM Withdrawal,13.0,Desktop,Houston,1,75,10,Debit Card,1
1758.74,Online Purchase,19.0,Desktop,Los Angeles,4,66,8,Debit Card,1
4855.03,Online Purchase,19.0,Mobile,Boston,0,63,10,Debit Card,1
3649.34,POS Payment,23.0,Desktop,Miami,4,116,5,Debit Card,1
1944.53,Bill Payment,21.0,Mobile,Boston,3,16,11,Debit Card,1
3823.84,POS Payment,23.0,Tablet,Houston,1,51,11,Invalid Method,1
3119.54,Bank Transfer,13.0,Tablet,Los Angeles,4,38,6,Debit Card,1
334.42,ATM Withdrawal,17.0,Mobile,Boston,2,41,8,UPI,1
3173.7,Bill Payment,13.0,Mobile,Los Angeles,2,70,3,UPI,1
4590.45,POS Payment,20.0,Mobile,Houston,4,2,14,UPI,1
3205.24,Online Purchase,22.0,Mobile,Seattle,1,51,1,Net Banking,1
4677.75,POS Payment,21.0,Tablet,Chicago,2,28,6,Debit Card,1
4209.76,ATM Withdrawal,18.0,Mobile,Miami,1,83,9,Debit Card,1
3273.17,ATM Withdrawal,7.0,Mobile,Miami,2,85,4,Credit Card,1
585.59,Online Purchase,17.0,Tablet,Chicago,3,78,2,Credit Card,1
3663.04,POS Payment,14.0,Desktop,New York,0,49,4,UPI,1
1022.61,Bill Payment,7.0,Desktop,Chicago,2,31,4,UPI,1
2258.25,ATM Withdrawal,6.0,Tablet,Los Angeles,2,74,2,Net Banking,1
3106.0,Bill Payment,21.0,Tablet,Chicago,3,15,12,Credit Card,1
1388.08,Bank Transfer,16.0,Mobile,San Francisco,3,99,5,UPI,1
383.35,Bank Transfer,21.0,Desktop,Chicago,2,88,1,Net Banking,1
4289.53,Bill Payment,13.0,Desktop,Chicago,3,15,3,UPI,1
4148.21,Bank Transfer,21.0,Desktop,Boston,2,37,11,Debit Card,1
1072.92,Bill Payment,20.0,Mobile,Chicago,4,111,8,Credit Card,1
3955.21,Bill Payment,7.0,Tablet,Chicago,3,104,3,Net Banking,1
1816.53,Online Purchase,23.0,Mobile,New York,2,105,1,UPI,1
282.65,ATM Withdrawal,14.0,Desktop,Houston,4,58,11,Credit Card,1
986.61,Bank Transfer,23.0,Mobile,Chicago,0,56,14,Invalid Method,1
1485.13,Bill Payment,21.0,Desktop,Chicago,4,28,13,Credit Card,1
1400.88,ATM Withdrawal,17.0,Tablet,Boston,0,24,2,Net Banking,1
660.9,Online Purchase,16.0,Desktop,Boston,1,115,3,Debit Card,1
1251.68,ATM Withdrawal,17.0,Desktop,New York,2,83,7,Debit Card,1
260.74,ATM Withdrawal,20.0,Tablet,Houston,0,89,13,UPI,1
3398.66,Online Purchase,4.0,Tablet,Chicago,2,79,8,Debit Card,1
651.98,Online Purchase,2.0,Desktop,Chicago,2,63,6,Net Banking,1
612.83,Bank Transfer,19.0,Tablet,Boston,3,71,6,Credit Card,1
2391.18,Bank Transfer,9.0,Tablet,San Francisco,3,97,2,UPI,1
625.37,Online Purchase,8.0,Tablet,Miami,4,59,3,Net Banking,1
2340.38,Bill Payment,23.0,Desktop,Boston,3,30,7,UPI,1
3344.6,Online Purchase,19.0,Tablet,New York,4,51,8,UPI,1
3884.85,Bill Payment,13.0,Mobile,Los Angeles,2,76,1,Credit Card,1
3440.11,Online Purchase,13.0,Mobile,Los Angeles,4,36,7,Debit Card,1
1596.43,Bank Transfer,6.0,Mobile,Boston,4,47,4,Net Banking,1
1653.01,Bank Transfer,12.0,Tablet,Boston,4,87,13,Net Banking,1
3269.68,ATM Withdrawal,22.0,Desktop,Los Angeles,2,57,5,Invalid Method,1
3333.37,Bill Payment,12.0,Tablet,Chicago,2,114,13,Net Banking,1
4527.31,ATM Withdrawal,23.0,Desktop,New York,1,97,12,UPI,1
3042.17,Bank Transfer,1.0,Desktop,Boston,0,9,3,Net Banking,1
3872.95,Bank Transfer,14.0,Tablet,Los Angeles,1,94,4,Net Banking,1
1853.9,ATM Withdrawal,9.0,Desktop,New York,0,77,3,Debit Card,1
49997.8,ATM Withdrawal,12.0,Tablet,Seattle,4,31,10,Credit Card,1
1802.93,Bill Payment,15.0,Mobile,Chicago,4,88,12,Net Banking,1
2876.19,Bill Payment,2.0,Mobile,Chicago,2,35,7,Debit Card,1
2046.79,Bill Payment,10.0,Desktop,New York,2,74,1,Debit Card,1
49997.8,Bill Payment,19.0,Tablet,San Francisco,1,118,12,Credit Card,1
49997.8,Bill Payment,1.0,Mobile,Chicago,1,73,7,Credit Card,1
1687.93,Bill Payment,10.0,Tablet,Boston,2,94,13,UPI,1
3990.52,Bank Transfer,20.0,Tablet,Chicago,4,70,2,Credit Card,1
4642.36,Bank Transfer,15.0,Tablet,Boston,1,83,8,UPI,1
2543.11,ATM Withdrawal,3.0,Tablet,Boston,0,61,12,Credit Card,1
4189.4,Online Purchase,12.0,Mobile,Miami,4,111,1,Credit Card,1
2497.5,Online Purchase,19.0,Mobile,Chicago,2,118,13,Debit Card,1
2177.62,ATM Withdrawal,10.0,Desktop,Boston,3,52,2,Debit Card,1
2260.17,POS Payment,15.0,Mobile,Los Angeles,4,119,10,Net Banking,1
2627.13,Online Purchase,10.0,Desktop,Boston,0,89,9,Debit Card,1
4212.81,Bank Transfer,21.0,Tablet,Boston,3,38,6,UPI,1
4148.12,POS Payment,4.0,Mobile,Houston,4,22,1,Credit Card,1
2829.17,Bank Transfer,20.0,Mobile,San Francisco,1,45,9,Credit Card,1
1988.72,Bill Payment,15.0,Desktop,San Francisco,0,119,12,Net Banking,1
1132.38,Online Purchase,16.0,Mobile,Los Angeles,3,74,3,Credit Card,1
2970.76,POS Payment,21.0,Desktop,New York,1,87,5,Debit Card,1
4618.93,ATM Withdrawal,17.0,Desktop,Los Angeles,0,48,12,UPI,1
201.21,Bill Payment,21.0,Tablet,Boston,0,20,1,Debit Card,1
530.06,ATM Withdrawal,19.0,Desktop,Boston,1,110,12,Net Banking,1
3876.07,Bill Payment,3.0,Desktop,Los Angeles,4,76,7,Credit Card,1
1017.98,POS Payment,20.0,Tablet,Boston,2,43,8,UPI,1
1559.58,Bank Transfer,20.0,Tablet,Houston,3,60,14,UPI,1
2879.03,Bill Payment,12.0,Tablet,Miami,1,41,5,UPI,1
2508.3,Bank Transfer,14.0,Mobile,Los Angeles,3,19,7,Net Banking,1
4184.24,Online Purchase,7.0,Desktop,New York,4,61,1,Credit Card,1
1801.03,Bank Transfer,10.0,Mobile,Miami,2,69,6,Debit Card,1
3716.37,Online Purchase,17.0,Desktop,Boston,1,70,2,Credit Card,1
1587.05,POS Payment,17.0,Tablet,Miami,0,5,4,Debit Card,1
1524.59,ATM Withdrawal,1.0,Desktop,Houston,2,63,4,Debit Card,1
4298.9,Online Purchase,16.0,Desktop,San Francisco,1,96,13,Credit Card,1
1674.59,POS Payment,17.0,Desktop,Boston,4,56,2,UPI,1
800.52,Online Purchase,19.0,Mobile,Los Angeles,3,46,1,Net Banking,1
843.27,POS Payment,7.0,Mobile,Los Angeles,0,90,4,Debit Card,1
4776.34,POS Payment,10.0,Mobile,Miami,3,19,3,Debit Card,1
3881.64,Bank Transfer,17.0,Tablet,Los Angeles,0,18,14,Debit Card,1
3423.83,Bank Transfer,20.0,Desktop,Houston,3,116,8,Invalid Method,1
4639.34,POS Payment,19.0,Tablet,Miami,4,47,1,Net Banking,1
3873.43,ATM Withdrawal,7.0,Tablet,Houston,4,34,7,Net Banking,1
4848.25,Bank Transfer,13.0,Mobile,Boston,0,66,4,Net Banking,1
1005.44,Online Purchase,10.0,Desktop,Chicago,3,16,2,Invalid Method,1
2695.09,ATM Withdrawal,18.0,Mobile,San Francisco,2,119,13,UPI,1
2016.76,Bill Payment,13.0,Mobile,New York,4,38,2,Net Banking,1
1889.03,Bank Transfer,9.0,Tablet,Los Angeles,2,47,3,Credit Card,1
3455.61,Bank Transfer,7.0,Tablet,Los Angeles,3,96,7,Net Banking,1
1015.99,Bill Payment,18.0,Desktop,Los Angeles,4,28,8,Debit Card,1
4946.84,Online Purchase,14.0,Tablet,New York,2,100,4,Net Banking,1
1410.61,Bill Payment,14.0,Desktop,Boston,3,22,3,Debit Card,1
2329.17,Bank Transfer,12.0,Mobile,Los Angeles,1,57,8,Debit Card,1
4686.39,POS Payment,20.0,Mobile,New York,2,50,4,Credit Card,1
3631.26,POS Payment,14.0,Tablet,Chicago,4,22,3,Debit Card,1
2674.91,POS Payment,8.0,Desktop,Boston,0,40,4,UPI,1
2498.45,Bill Payment,12.0,Desktop,Chicago,3,7,14,Net Banking,1
43.42,Bank Transfer,19.0,Mobile,Boston,3,114,4,UPI,1
644.16,ATM Withdrawal,11.0,Tablet,Los Angeles,0,110,1,Net Banking,1
49997.8,ATM Withdrawal,23.0,Tablet,Los Angeles,1,106,13,Debit Card,1
4569.36,ATM Withdrawal,19.0,Tablet,Chicago,0,76,11,Credit Card,1
3965.5,POS Payment,20.0,Desktop,San Francisco,1,53,4,Net Banking,1
3009.61,Bank Transfer,5.0,Mobile,Boston,2,103,11,Credit Card,1
1060.35,Bill Payment,6.0,Desktop,Chicago,3,52,2,UPI,1
529.14,POS Payment,11.0,Tablet,Boston,0,32,9,Net Banking,1
4008.62,ATM Withdrawal,21.0,Tablet,Miami,3,60,1,UPI,1
3908.27,Bank Transfer,9.0,Desktop,Boston,4,97,11,Debit Card,1
2646.91,POS Payment,20.0,Tablet,Los Angeles,3,29,2,Invalid Method,1
3334.83,ATM Withdrawal,20.0,Desktop,Los Angeles,0,22,6,Credit Card,1
3176.92,POS Payment,6.0,Mobile,Boston,3,98,2,Debit Card,1
2499.94,POS Payment,12.0,Tablet,Miami,1,49,9,Debit Card,1
2200.48,Bank Transfer,12.0,Desktop,Boston,0,67,2,Credit Card,1
3073.76,Bill Payment,13.0,Tablet,Boston,0,87,13,UPI,1
2376.41,Online Purchase,11.0,Tablet,Boston,3,23,7,Debit Card,1
3798.7,ATM Withdrawal,19.0,Tablet,New York,4,69,11,Net Banking,1
4587.79,Bill Payment,19.0,Mobile,Chicago,3,113,1,Debit Card,1
4161.87,POS Payment,22.0,Desktop,Los Angeles,0,50,8,Net Banking,1
3621.23,Online Purchase,22.0,Desktop,Miami,1,95,3,UPI,1
2705.68,POS Payment,23.0,Mobile,New York,0,66,10,UPI,1
280.46,Online Purchase,19.0,Tablet,Chicago,0,97,13,Debit Card,1
2174.81,Bill Payment,23.0,Mobile,Chicago,4,105,6,Net Banking,1
647.99,POS Payment,18.0,Desktop,Boston,4,84,9,Credit Card,1
2746.12,Bill Payment,16.0,Tablet,Boston,1,85,6,Net Banking,1
3973.19,ATM Withdrawal,13.0,Mobile,Boston,4,35,14,Credit Card,1
8.14,Bank Transfer,7.0,Desktop,Boston,0,92,11,Invalid Method,1
2050.1,Online Purchase,11.0,Desktop,Chicago,4,26,11,Net Banking,1
2951.02,Bank Transfer,15.0,Mobile,New York,1,107,1,Net Banking,1
4460.65,POS Payment,20.0,Tablet,New York,3,77,8,Net Banking,1
1493.3,POS Payment,20.0,Desktop,Chicago,1,60,3,Net Banking,1
2168.42,Online Purchase,12.0,Tablet,Chicago,0,105,3,UPI,1
2808.97,Online Purchase,6.0,Tablet,Chicago,0,111,6,UPI,1
538.18,Online Purchase,18.0,Desktop,Houston,4,99,4,Debit Card,1
4308.14,Bank Transfer,21.0,Tablet,New York,3,92,10,Debit Card,1
1348.89,ATM Withdrawal,17.0,Unknown Device,Miami,0,48,8,UPI,1
2647.01,Bill Payment,22.0,Tablet,Miami,4,36,8,Credit Card,1
4391.42,Bank Transfer,6.0,Mobile,Houston,0,98,10,Net Banking,1
2390.03,Bill Payment,23.0,Mobile,New York,2,38,11,Credit Card,1
4819.05,Bank Transfer,18.0,Mobile,Los Angeles,1,65,5,Credit Card,1
1597.33,Online Purchase,5.0,Unknown Device,Los Angeles,4,109,4,Debit Card,1
4895.61,Bank Transfer,23.0,Desktop,Chicago,0,101,14,Credit Card,1
521.56,ATM Withdrawal,4.0,Tablet,Houston,1,55,3,Credit Card,1
4548.89,ATM Withdrawal,0.0,Desktop,Boston,3,104,1,UPI,1
2628.04,ATM Withdrawal,19.0,Tablet,Boston,3,44,9,Debit Card,1
226.93,Bill Payment,13.0,Tablet,Boston,4,10,6,Net Banking,1
4640.66,ATM Withdrawal,16.0,Tablet,Seattle,2,69,7,UPI,1
2931.05,Online Purchase,14.0,Mobile,Chicago,3,85,4,Net Banking,1
3628.88,Bill Payment,21.0,Tablet,Chicago,3,45,7,Credit Card,1
4801.09,Bill Payment,7.0,Tablet,Seattle,0,101,1,Debit Card,1
4332.94,Bill Payment,21.0,Tablet,San Francisco,2,41,5,Debit Card,1
2128.23,POS Payment,13.0,Desktop,New York,4,37,3,Net Banking,1
4534.67,ATM Withdrawal,3.0,Tablet,Boston,3,73,10,Net Banking,1
1874.26,ATM Withdrawal,21.0,Mobile,New York,0,20,2,Credit Card,1
1101.18,Online Purchase,8.0,Tablet,Chicago,3,100,14,Net Banking,1
3787.76,POS Payment,8.0,Unknown Device,Chicago,2,54,9,Net Banking,1
513.98,Online Purchase,6.0,Tablet,Los Angeles,1,40,2,Credit Card,1
4445.91,Online Purchase,8.0,Desktop,Los Angeles,1,44,3,Invalid Method,1
1781.27,Online Purchase,8.0,Desktop,Los Angeles,1,20,5,Credit Card,1
3527.04,Bill Payment,23.0,Mobile,Los Angeles,1,62,8,Credit Card,1
2034.93,Online Purchase,18.0,Tablet,Boston,1,62,4,Credit Card,1
4327.23,Bill Payment,8.0,Desktop,Houston,0,76,5,Invalid Method,1
3948.93,Bill Payment,19.0,Desktop,New York,4,13,4,Credit Card,1
3280.68,Bank Transfer,16.0,Mobile,Boston,1,65,2,UPI,1
1925.41,POS Payment,10.0,Tablet,Chicago,2,37,12,Debit Card,1
3111.07,ATM Withdrawal,7.0,Tablet,Los Angeles,4,54,1,Credit Card,1
2636.08,ATM Withdrawal,10.0,Tablet,Miami,4,59,1,Net Banking,1
1529.19,ATM Withdrawal,15.0,Desktop,Boston,3,52,1,Net Banking,1
3772.46,Bill Payment,15.0,Mobile,Miami,2,5,6,UPI,1
1616.86,Bill Payment,18.0,Mobile,Los Angeles,2,42,8,UPI,1
4432.61,POS Payment,23.0,Mobile,Chicago,1,74,11,Debit Card,1
3192.31,Bank Transfer,18.0,Desktop,San Francisco,2,118,3,Debit Card,1
3338.29,Online Purchase,19.0,Unknown Device,Miami,2,40,12,Net Banking,1
1609.83,Online Purchase,16.0,Tablet,New York,4,19,4,Debit Card,1
4960.93,Online Purchase,6.0,Desktop,Houston,2,109,10,Credit Card,1
726.56,ATM Withdrawal,15.0,Desktop,New York,1,42,4,UPI,1
3719.13,Bill Payment,18.0,Tablet,San Francisco,1,100,7,Debit Card,1
2891.62,Online Purchase,13.0,Desktop,Chicago,1,42,3,UPI,1
459.95,Online Purchase,22.0,Mobile,Seattle,1,90,10,UPI,1
2067.54,Online Purchase,7.0,Mobile,Chicago,1,61,6,Net Banking,1
688.74,ATM Withdrawal,9.0,Mobile,Chicago,3,58,12,Debit Card,1
283.02,POS Payment,23.0,Mobile,Seattle,4,77,9,Credit Card,1
1583.11,Bill Payment,4.0,Desktop,Houston,2,84,10,Credit Card,1
4824.08,POS Payment,20.0,Tablet,San Francisco,0,52,13,UPI,1
4262.05,Online Purchase,3.0,Desktop,Boston,0,105,4,Net Banking,1
4821.02,Bill Payment,11.0,Desktop,Houston,1,34,2,UPI,1
2274.48,Online Purchase,3.0,Tablet,Chicago,4,64,5,Debit Card,1
3826.49,Online Purchase,3.0,Tablet,Houston,2,60,5,Debit Card,1
1529.87,Online Purchase,17.0,Desktop,Chicago,0,9,7,Credit Card,1
2004.5,Online Purchase,8.0,Tablet,Houston,1,77,10,UPI,1
3395.64,Online Purchase,13.0,Tablet,Chicago,4,65,6,UPI,1
584.87,Bill Payment,22.0,Tablet,Chicago,1,26,1,UPI,1
2020.78,ATM Withdrawal,22.0,Mobile,Chicago,3,13,14,Debit Card,1
896.2,Online Purchase,22.0,Mobile,Boston,2,48,1,Net Banking,1
3532.31,Bank Transfer,12.0,Unknown Device,New York,3,118,14,Net Banking,1
4236.95,Online Purchase,12.0,Tablet,Chicago,1,55,6,UPI,1
1827.63,Bill Payment,19.0,Mobile,Miami,4,13,3,UPI,1
4411.81,Online Purchase,11.0,Tablet,Chicago,3,93,5,Net Banking,1
1817.26,ATM Withdrawal,3.0,Mobile,Miami,4,71,2,Debit Card,1
2906.58,Bill Payment,21.0,Unknown Device,Seattle,0,14,3,UPI,1
1575.69,Bill Payment,8.0,Desktop,Boston,1,6,12,UPI,1
2073.84,Bill Payment,16.0,Tablet,Chicago,1,48,8,Net Banking,1
3315.42,POS Payment,2.0,Tablet,Chicago,0,77,5,Debit Card,1
3585.0,ATM Withdrawal,21.0,Mobile,Boston,4,92,14,Debit Card,1
1247.91,Online Purchase,1.0,Mobile,Chicago,0,88,5,Credit Card,1
447.74,POS Payment,17.0,Tablet,San Francisco,4,117,8,UPI,1
3980.85,POS Payment,13.0,Mobile,Miami,3,49,1,Credit Card,1
2953.92,POS Payment,12.0,Tablet,Chicago,4,27,3,Debit Card,1
1811.95,Bill Payment,5.0,Tablet,Los Angeles,2,86,3,Net Banking,1
276.01,POS Payment,9.0,Tablet,New York,0,101,7,UPI,1
4548.7,Bank Transfer,8.0,Tablet,Houston,0,101,8,Credit Card,1
3890.96,Bill Payment,10.0,Desktop,Boston,2,60,6,Credit Card,1
4311.84,POS Payment,15.0,Tablet,Houston,2,80,1,Net Banking,1
1758.78,POS Payment,13.0,Mobile,New York,2,106,7,Credit Card,1
4317.91,Online Purchase,8.0,Mobile,New York,2,59,3,UPI,1
4314.9,POS Payment,12.0,Desktop,New York,2,69,9,Invalid Method,1
3686.59,POS Payment,12.0,Mobile,Chicago,4,24,14,Net Banking,1
1942.34,Bill Payment,7.0,Tablet,Houston,4,98,4,Debit Card,1
1220.31,Bill Payment,13.0,Tablet,New York,0,80,7,Credit Card,1
1653.79,ATM Withdrawal,16.0,Mobile,Seattle,2,92,1,UPI,1
4442.11,Bill Payment,11.0,Mobile,Chicago,2,42,1,Credit Card,1
3489.05,Bill Payment,20.0,Desktop,New York,2,81,2,UPI,1
1554.58,Bank Transfer,5.0,Mobile,Boston,1,108,9,Net Banking,1
2814.54,Bank Transfer,19.0,Mobile,Boston,1,102,14,Invalid Method,1
2097.11,POS Payment,11.0,Tablet,Boston,0,9,12,Debit Card,1
2615.61,POS Payment,20.0,Tablet,Chicago,2,108,13,Debit Card,1
663.11,Bill Payment,13.0,Desktop,Miami,1,25,2,Credit Card,1
4372.13,Bill Payment,21.0,Desktop,New York,2,55,1,UPI,1
4578.6,Online Purchase,9.0,Mobile,Chicago,1,58,8,UPI,1
228.57,Bill Payment,16.0,Tablet,Houston,2,30,8,UPI,1
3267.17,Bill Payment,19.0,Tablet,Miami,0,91,1,UPI,1
4184.49,POS Payment,11.0,Tablet,Los Angeles,3,21,2,Net Banking,1
1034.48,ATM Withdrawal,21.0,Tablet,Chicago,1,89,12,Debit Card,1
2357.33,Online Purchase,10.0,Tablet,Chicago,4,61,4,UPI,1
688.74,Online Purchase,15.0,Tablet,Los Angeles,2,13,9,UPI,1
4226.79,ATM Withdrawal,11.0,Tablet,Boston,0,33,2,Debit Card,1
4090.28,Bill Payment,21.0,Mobile,Miami,2,43,1,UPI,1
4672.8,Bill Payment,19.0,Desktop,New York,2,10,7,UPI,1
622.74,Bank Transfer,20.0,Mobile,New York,1,49,9,Debit Card,1
2446.73,Online Purchase,21.0,Tablet,Los Angeles,4,107,12,Debit Card,1
4921.78,ATM Withdrawal,10.0,Tablet,Los Angeles,0,21,4,Debit Card,1
2163.36,Online Purchase,18.0,Tablet,Houston,1,59,11,Net Banking,1
3314.99,ATM Withdrawal,9.0,Desktop,Houston,0,113,3,Debit Card,1
4762.86,Bill Payment,15.0,Desktop,Miami,0,38,10,Net Banking,1
4610.16,Bill Payment,6.0,Desktop,Boston,0,63,8,Debit Card,1
1998.73,Bill Payment,10.0,Tablet,Houston,3,99,12,Net Banking,1
2789.97,Bill Payment,15.0,Mobile,Boston,2,3,3,UPI,1
3968.52,ATM Withdrawal,1.0,Tablet,Houston,2,119,5,Debit Card,1
2894.71,Bill Payment,22.0,Desktop,Los Angeles,4,81,14,Invalid Method,1
3350.69,ATM Withdrawal,20.0,Tablet,New York,1,22,3,UPI,1
3077.65,Bank Transfer,22.0,Mobile,Seattle,3,20,1,Invalid Method,1
3862.86,Bank Transfer,23.0,Desktop,Chicago,2,6,12,UPI,1
4594.69,Online Purchase,11.0,Desktop,Los Angeles,0,94,11,Net Banking,1
1214.88,Bank Transfer,2.0,Tablet,Los Angeles,1,88,5,Debit Card,1
3125.22,Online Purchase,22.0,Desktop,Houston,1,118,2,Credit Card,1
612.75,Online Purchase,12.0,Mobile,Chicago,2,10,11,UPI,1
746.22,POS Payment,0.0,Mobile,Boston,2,85,9,Debit Card,1
3033.59,Online Purchase,8.0,Mobile,New York,3,108,8,Net Banking,1
2848.05,Bill Payment,20.0,Mobile,Boston,1,49,2,Invalid Method,1
1814.86,ATM Withdrawal,22.0,Mobile,Los Angeles,3,87,10,Net Banking,1
2370.25,POS Payment,4.0,Mobile,Los Angeles,3,70,3,Net Banking,1
54.01,POS Payment,14.0,Mobile,New York,4,35,1,Credit Card,1
2662.01,POS Payment,5.0,Tablet,Los Angeles,4,86,5,UPI,1
3945.76,Online Purchase,12.0,Mobile,Los Angeles,2,113,8,Net Banking,1
2729.11,Online Purchase,19.0,Tablet,Boston,2,87,1,Invalid Method,1
4714.03,ATM Withdrawal,7.0,Mobile,Los Angeles,1,50,7,Net Banking,1
1203.97,Bill Payment,20.0,Tablet,Houston,4,57,10,Net Banking,1
2425.71,Online Purchase,18.0,Tablet,New York,3,26,4,Debit Card,1
3372.44,Online Purchase,15.0,Mobile,Chicago,3,103,2,Credit Card,1
1248.97,Online Purchase,20.0,Mobile,Boston,2,55,2,Debit Card,1
1880.75,Bank Transfer,2.0,Tablet,Boston,1,90,9,UPI,1
103.62,Bank Transfer,1.0,Desktop,Los Angeles,3,112,6,UPI,1
2719.97,Bill Payment,1.0,Tablet,Los Angeles,1,45,2,UPI,1
3424.41,Bill Payment,2.0,Mobile,Boston,3,83,11,Debit Card,1
1031.59,POS Payment,14.0,Mobile,Miami,2,70,9,Debit Card,1
3069.46,ATM Withdrawal,22.0,Tablet,San Francisco,3,76,12,Debit Card,1
637.63,ATM Withdrawal,4.0,Desktop,Boston,2,55,4,Credit Card,1
2372.38,Online Purchase,14.0,Mobile,New York,0,106,11,UPI,1
2278.56,POS Payment,2.0,Mobile,Boston,2,105,14,Debit Card,1
4191.67,ATM Withdrawal,16.0,Mobile,Chicago,0,5,5,Net Banking,1
2810.58,Bill Payment,15.0,Desktop,Miami,3,70,14,UPI,1
3421.38,POS Payment,5.0,Desktop,Miami,3,93,4,UPI,1
1983.74,ATM Withdrawal,20.0,Mobile,New York,4,55,3,UPI,1
4429.5,Bill Payment,19.0,Desktop,Miami,2,23,10,Credit Card,1
1051.19,POS Payment,18.0,Mobile,San Francisco,0,109,9,Credit Card,1
2772.38,Online Purchase,23.0,Desktop,Chicago,0,96,4,Credit Card,1
2063.38,ATM Withdrawal,21.0,Mobile,Seattle,1,75,3,Debit Card,1
2211.06,POS Payment,8.0,Desktop,Chicago,4,66,5,Net Banking,1
4745.54,Bank Transfer,23.0,Tablet,San Francisco,4,24,1,UPI,1
4992.91,POS Payment,7.0,Desktop,Los Angeles,3,73,6,UPI,1
3392.61,POS Payment,10.0,Mobile,Boston,0,7,13,Debit Card,1
2971.54,POS Payment,11.0,Tablet,Los Angeles,0,94,2,Debit Card,1
4983.97,Online Purchase,10.0,Tablet,New York,3,74,2,Invalid Method,1
3491.74,Bill Payment,5.0,Mobile,Houston,1,43,6,Invalid Method,1
1978.99,POS Payment,11.0,Desktop,Chicago,1,50,12,Net Banking,1
4808.04,Bill Payment,9.0,Mobile,Seattle,1,118,1,Credit Card,1
1106.27,POS Payment,18.0,Mobile,Chicago,0,2,8,Credit Card,1
2911.48,ATM Withdrawal,21.0,Desktop,Chicago,0,53,10,Credit Card,1
4152.79,Online Purchase,18.0,Desktop,San Francisco,3,74,3,Credit Card,1
1046.32,Bill Payment,15.0,Mobile,Chicago,4,18,1,Debit Card,1
1821.53,Online Purchase,23.0,Tablet,Boston,3,85,4,UPI,1
3841.16,ATM Withdrawal,7.0,Mobile,Los Angeles,1,78,7,Net Banking,1
1652.37,POS Payment,22.0,Desktop,Chicago,3,53,4,Net Banking,1
1774.08,Bank Transfer,6.0,Mobile,Los Angeles,3,109,11,Credit Card,1
2108.98,Bank Transfer,17.0,Desktop,Boston,3,33,10,Net Banking,1
3476.57,ATM Withdrawal,0.0,Tablet,Los Angeles,2,46,2,Credit Card,1
455.81,Online Purchase,13.0,Tablet,New York,2,45,1,UPI,1
442.16,Bank Transfer,22.0,Mobile,Los Angeles,1,80,10,UPI,1
1888.06,ATM Withdrawal,20.0,Tablet,Miami,3,98,2,Net Banking,1
1462.01,Online Purchase,17.0,Mobile,New York,1,50,1,Invalid Method,1
3418.5,Online Purchase,11.0,Desktop,Boston,4,19,5,Debit Card,1
4912.61,Bank Transfer,10.0,Tablet,Seattle,3,118,7,Debit Card,1
324.12,Bank Transfer,21.0,Desktop,Los Angeles,2,72,14,Net Banking,1
3619.63,Bill Payment,16.0,Desktop,San Francisco,2,71,1,UPI,1
4702.99,POS Payment,5.0,Mobile,Boston,3,94,14,Invalid Method,1
207.67,Online Purchase,6.0,Mobile,Los Angeles,4,65,2,Net Banking,1
896.18,POS Payment,13.0,Desktop,Chicago,3,101,3,Debit Card,1
2206.68,Bank Transfer,0.0,Desktop,Boston,4,44,4,UPI,1
398.67,Bill Payment,11.0,Desktop,Miami,1,118,4,Credit Card,1
1390.39,Online Purchase,22.0,Tablet,Los Angeles,4,101,9,Net Banking,1
4643.57,Bank Transfer,16.0,Mobile,Boston,3,8,11,Credit Card,1
2414.5,Bank Transfer,6.0,Mobile,Houston,3,108,1,UPI,1
4443.05,Online Purchase,15.0,Mobile,New York,0,111,9,Invalid Method,1
709.45,Bill Payment,13.0,Mobile,Chicago,3,62,1,Debit Card,1
4627.35,ATM Withdrawal,4.0,Desktop,Houston,2,114,9,UPI,1
1569.31,Online Purchase,3.0,Tablet,Boston,3,86,12,Net Banking,1
3610.69,Online Purchase,14.0,Mobile,Miami,2,71,13,Debit Card,1
1404.53,Bank Transfer,1.0,Tablet,Los Angeles,0,46,1,UPI,1
3537.38,Bill Payment,20.0,Desktop,San Francisco,3,69,5,Net Banking,1
165.21,ATM Withdrawal,11.0,Tablet,Los Angeles,0,19,4,Net Banking,1
1835.72,Bill Payment,21.0,Desktop,Miami,1,33,10,Credit Card,1
4542.68,ATM Withdrawal,20.0,Mobile,New York,4,116,8,Debit Card,1
1297.67,Online Purchase,9.0,Mobile,Los Angeles,3,66,4,Net Banking,1
1603.24,Bank Transfer,20.0,Mobile,Boston,3,27,3,UPI,1
1837.77,Bank Transfer,2.0,Desktop,Los Angeles,2,116,1,Net Banking,1
3289.89,POS Payment,9.0,Desktop,Boston,2,69,11,Credit Card,1
3852.97,POS Payment,19.0,Mobile,Boston,2,69,9,Debit Card,1
2320.88,Bank Transfer,4.0,Desktop,Miami,4,117,3,Credit Card,1
740.01,ATM Withdrawal,19.0,Tablet,Los Angeles,1,44,13,UPI,1
91.2,ATM Withdrawal,5.0,Tablet,Chicago,1,70,4,UPI,1
2674.84,POS Payment,6.0,Tablet,Boston,0,39,5,UPI,1
1871.59,Bill Payment,21.0,Desktop,Los Angeles,1,119,7,Debit Card,1
3296.47,ATM Withdrawal,4.0,Mobile,Houston,2,72,12,Debit Card,1
2815.57,Online Purchase,0.0,Tablet,Los Angeles,0,60,4,Debit Card,1
2106.47,Bank Transfer,21.0,Desktop,Houston,1,44,2,Net Banking,1
3482.01,POS Payment,11.0,Tablet,New York,3,98,5,Debit Card,1
821.17,POS Payment,13.0,Mobile,Miami,0,101,13,Credit Card,1
4444.46,Bill Payment,4.0,Mobile,Houston,0,85,8,Net Banking,1
1903.44,ATM Withdrawal,17.0,Mobile,Los Angeles,4,105,2,UPI,1
3797.83,ATM Withdrawal,2.0,Mobile,Houston,1,118,13,UPI,1
364.75,ATM Withdrawal,22.0,Desktop,Los Angeles,0,72,4,UPI,1
846.49,Online Purchase,22.0,Mobile,Houston,0,88,4,UPI,1
2829.54,Bank Transfer,6.0,Mobile,Houston,2,101,4,Credit Card,1
850.96,ATM Withdrawal,20.0,Desktop,Los Angeles,1,30,14,Credit Card,1
3961.36,Bank Transfer,17.0,Tablet,Chicago,4,50,1,Net Banking,1
4248.7,ATM Withdrawal,10.0,Mobile,Houston,0,22,1,Net Banking,1
3529.0,Online Purchase,22.0,Mobile,Houston,3,75,12,Net Banking,1
547.23,Bill Payment,20.0,Desktop,Chicago,4,33,1,UPI,1
2241.45,Bank Transfer,1.0,Desktop,Chicago,1,90,11,Credit Card,1
2999.27,Bank Transfer,23.0,Desktop,San Francisco,1,43,1,Debit Card,1
961.76,ATM Withdrawal,7.0,Desktop,Houston,1,71,3,UPI,1
2978.92,Bank Transfer,14.0,Mobile,Los Angeles,4,44,11,Credit Card,1
4438.47,ATM Withdrawal,13.0,Tablet,Boston,0,87,9,Debit Card,1
3096.37,ATM Withdrawal,4.0,Mobile,Los Angeles,0,108,7,Credit Card,1
3768.07,POS Payment,18.0,Mobile,Los Angeles,4,15,7,Credit Card,1
1770.4,Bank Transfer,0.0,Tablet,Los Angeles,1,80,2,UPI,1
3673.91,Bill Payment,23.0,Tablet,Boston,4,4,11,Debit Card,1
3869.75,POS Payment,0.0,Tablet,Boston,1,58,8,Invalid Method,1
169.76,Online Purchase,15.0,Mobile,Chicago,3,28,3,Debit Card,1
351.19,ATM Withdrawal,20.0,Desktop,New York,3,37,1,UPI,1
3047.69,ATM Withdrawal,13.0,Desktop,Boston,3,39,4,UPI,1
1769.27,Bill Payment,18.0,Tablet,Boston,0,9,14,Debit Card,1
1899.32,Bill Payment,22.0,Mobile,Boston,0,103,3,Net Banking,1
3432.17,Bill Payment,15.0,Mobile,San Francisco,2,103,12,Credit Card,1
766.84,Online Purchase,3.0,Desktop,Houston,4,67,3,Net Banking,1
1816.53,POS Payment,4.0,Desktop,Chicago,1,25,1,Net Banking,1
3873.43,ATM Withdrawal,9.0,Desktop,Los Angeles,2,53,7,Credit Card,1
2076.86,Bill Payment,17.0,Desktop,Los Angeles,4,25,12,UPI,1
987.26,Online Purchase,21.0,Desktop,San Francisco,2,112,7,Net Banking,1
1121.74,Online Purchase,23.0,Mobile,Los Angeles,2,64,2,Net Banking,1
3557.96,Bank Transfer,23.0,Unknown Device,Miami,0,75,2,Credit Card,1
49997.8,Bank Transfer,21.0,Mobile,New York,2,75,4,Debit Card,1
1453.28,Bank Transfer,19.0,Desktop,Los Angeles,4,49,2,Net Banking,1
549.0,Bill Payment,23.0,Tablet,Los Angeles,4,78,4,Net Banking,1
2897.15,ATM Withdrawal,21.0,Tablet,Boston,4,97,11,Invalid Method,1
2849.52,ATM Withdrawal,18.0,Mobile,Chicago,2,109,8,Net Banking,1
408.43,Bank Transfer,5.0,Tablet,Houston,2,80,1,Credit Card,1
314.78,ATM Withdrawal,9.0,Tablet,Chicago,1,117,4,Credit Card,1
4509.49,Bill Payment,21.0,Tablet,Boston,2,44,8,UPI,1
1368.73,POS Payment,17.0,Desktop,Los Angeles,2,50,13,UPI,1
3115.83,Online Purchase,0.0,Desktop,Boston,2,40,6,UPI,1
4365.88,Online Purchase,22.0,Tablet,Houston,4,57,9,UPI,1
1336.78,ATM Withdrawal,12.0,Mobile,Miami,0,89,2,Net Banking,1
93.62,Online Purchase,18.0,Tablet,New York,4,59,3,Credit Card,1
1151.39,Online Purchase,3.0,Desktop,Boston,2,66,11,UPI,1
4705.81,Bank Transfer,1.0,Tablet,Los Angeles,4,105,3,Credit Card,1
4083.65,Online Purchase,15.0,Desktop,Chicago,2,2,1,Debit Card,1
3844.08,Bank Transfer,22.0,Mobile,Houston,3,40,6,Net Banking,1
991.49,Bill Payment,12.0,Mobile,Los Angeles,2,78,1,Net Banking,1
4607.62,Bank Transfer,16.0,Mobile,Chicago,1,7,4,Debit Card,1
3891.2,POS Payment,12.0,Desktop,Chicago,3,96,3,Credit Card,1
4188.04,POS Payment,11.0,Mobile,Boston,3,92,1,Credit Card,1
4114.01,POS Payment,12.0,Tablet,Chicago,1,56,13,Credit Card,1
115.45,Bank Transfer,14.0,Mobile,Chicago,3,21,13,UPI,1
2415.57,POS Payment,6.0,Desktop,Houston,1,99,5,UPI,1
1181.41,POS Payment,2.0,Tablet,Houston,3,49,1,UPI,1
3241.28,Online Purchase,23.0,Tablet,San Francisco,0,117,5,Net Banking,1
2422.39,Bank Transfer,17.0,Mobile,Los Angeles,1,80,13,Net Banking,1
3410.94,Bank Transfer,18.0,Desktop,Houston,2,42,11,Credit Card,1
2568.62,ATM Withdrawal,19.0,Tablet,New York,3,105,10,Net Banking,1
3439.24,Bank Transfer,23.0,Tablet,New York,4,71,6,Debit Card,1
3513.05,Online Purchase,21.0,Tablet,Chicago,2,88,4,UPI,1
2086.72,ATM Withdrawal,13.0,Tablet,Miami,4,71,8,Credit Card,1
4319.1,ATM Withdrawal,21.0,Tablet,Miami,0,77,3,Credit Card,1
1111.56,Bank Transfer,21.0,Mobile,Boston,3,116,5,Net Banking,1
1100.7,POS Payment,14.0,Tablet,Chicago,1,33,10,Net Banking,1
2331.67,Bill Payment,21.0,Tablet,Miami,0,15,9,Debit Card,1
2805.86,Online Purchase,20.0,Mobile,Houston,2,28,7,UPI,1
3395.3,Bill Payment,18.0,Desktop,Chicago,0,119,4,Debit Card,1
1382.96,Bill Payment,19.0,Tablet,Miami,2,34,9,Debit Card,1
4578.49,Bank Transfer,12.0,Desktop,Los Angeles,3,111,3,Debit Card,1
4522.53,ATM Withdrawal,18.0,Tablet,Houston,1,107,11,Credit Card,1
1720.73,POS Payment,6.0,Desktop,Boston,0,21,12,Net Banking,1
1075.37,ATM Withdrawal,9.0,Desktop,Boston,2,94,14,Credit Card,1
458.55,POS Payment,22.0,Mobile,Los Angeles,0,116,2,UPI,1
4819.89,POS Payment,13.0,Mobile,Los Angeles,0,46,11,Credit Card,1
3819.61,POS Payment,5.0,Desktop,Chicago,1,88,4,Debit Card,1
2606.03,Online Purchase,1.0,Tablet,Chicago,3,59,8,UPI,1
4547.14,Online Purchase,20.0,Mobile,Boston,3,15,4,Credit Card,1
2967.53,ATM Withdrawal,0.0,Desktop,Houston,4,68,2,Debit Card,1
1355.44,Bank Transfer,11.0,Tablet,Boston,4,90,6,Net Banking,1
4125.22,POS Payment,12.0,Desktop,Miami,4,39,5,Credit Card,1
4621.66,ATM Withdrawal,15.0,Desktop,Chicago,1,4,4,UPI,1
4403.85,Online Purchase,19.0,Tablet,Boston,1,18,13,Credit Card,1
2895.72,POS Payment,10.0,Mobile,Boston,4,87,1,Net Banking,1
2362.8,Bank Transfer,5.0,Desktop,Houston,2,14,3,Credit Card,1
3053.49,Online Purchase,14.0,Tablet,Seattle,2,104,4,Debit Card,1
4023.64,Online Purchase,2.0,Desktop,Houston,2,41,1,Debit Card,1
2308.02,POS Payment,9.0,Tablet,Houston,1,69,7,UPI,1
2791.73,Bank Transfer,12.0,Desktop,Houston,1,18,3,Net Banking,1
3475.32,ATM Withdrawal,10.0,Desktop,Chicago,2,105,8,UPI,1
2783.74,Bill Payment,16.0,Mobile,Chicago,4,107,10,Credit Card,1
2744.59,Bill Payment,15.0,Desktop,Boston,0,30,4,Net Banking,1
4963.57,ATM Withdrawal,11.0,Desktop,Houston,4,4,5,Credit Card,1
1348.61,POS Payment,13.0,Desktop,Boston,3,51,12,UPI,1
4799.26,Bank Transfer,5.0,Unknown Device,Miami,0,50,6,UPI,1
1414.95,Online Purchase,3.0,Tablet,Chicago,1,92,7,Net Banking,1
4268.82,POS Payment,23.0,Desktop,Boston,4,109,5,Debit Card,1
288.99,Bill Payment,20.0,Desktop,San Francisco,0,59,1,Net Banking,1
1746.82,POS Payment,3.0,Desktop,Los Angeles,2,55,3,Debit Card,1
3922.88,ATM Withdrawal,15.0,Tablet,New York,0,105,5,Credit Card,1
976.81,Online Purchase,7.0,Tablet,Boston,4,81,7,Credit Card,1
4094.43,ATM Withdrawal,15.0,Tablet,Chicago,1,42,8,UPI,1
948.88,POS Payment,21.0,Mobile,Los Angeles,3,47,6,Debit Card,1
3849.88,Bill Payment,16.0,Desktop,Houston,4,110,10,Credit Card,1
1603.18,POS Payment,13.0,Tablet,Boston,1,54,13,Debit Card,1
49997.8,Bill Payment,1.0,Tablet,Los Angeles,3,80,13,UPI,1
2302.25,Bank Transfer,11.0,Mobile,Houston,1,32,8,Credit Card,1
4807.21,POS Payment,10.0,Tablet,Chicago,2,2,3,UPI,1
666.1,Bank Transfer,12.0,Tablet,Chicago,1,72,3,Net Banking,1
4377.9,Bill Payment,17.0,Desktop,Seattle,1,90,10,Credit Card,1
2259.44,Online Purchase,4.0,Tablet,Chicago,4,48,5,Credit Card,1
2083.75,POS Payment,16.0,Desktop,Chicago,3,75,14,Net Banking,1
2328.31,Bill Payment,17.0,Tablet,Los Angeles,0,54,6,Net Banking,1
4638.68,Bank Transfer,22.0,Tablet,Los Angeles,3,113,13,Debit Card,1
1932.49,Online Purchase,18.0,Desktop,New York,1,56,9,UPI,1
2735.94,ATM Withdrawal,17.0,Mobile,New York,1,51,6,Net Banking,1
565.67,ATM Withdrawal,15.0,Desktop,Boston,1,106,9,Net Banking,1
2883.36,Bank Transfer,10.0,Tablet,Boston,3,33,3,Net Banking,1
2573.86,Bill Payment,4.0,Tablet,Chicago,3,58,1,Net Banking,1
273.0,ATM Withdrawal,12.0,Desktop,Chicago,1,69,7,Debit Card,1
2063.38,Bill Payment,23.0,Tablet,Boston,1,81,6,UPI,1
3930.78,Online Purchase,0.0,Mobile,Chicago,1,91,8,Invalid Method,1
2284.47,Bill Payment,14.0,Mobile,Houston,3,61,7,UPI,1
4552.63,Bank Transfer,8.0,Mobile,Chicago,3,21,14,UPI,1
1528.52,POS Payment,7.0,Desktop,Miami,1,111,2,UPI,1
3253.42,Bank Transfer,20.0,Desktop,Chicago,1,50,14,Net Banking,1
2605.88,Online Purchase,2.0,Desktop,Miami,4,108,4,Net Banking,1
2182.49,Online Purchase,20.0,Desktop,Boston,2,95,7,Invalid Method,1
1853.19,ATM Withdrawal,18.0,Desktop,Miami,3,87,2,Credit Card,1
643.92,Online Purchase,4.0,Desktop,Boston,3,92,8,UPI,1
3724.98,Online Purchase,2.0,Desktop,Boston,1,110,11,Net Banking,1
980.6,Bill Payment,8.0,Desktop,Los Angeles,4,83,6,Net Banking,1
2243.25,POS Payment,23.0,Mobile,Boston,4,52,9,UPI,1
625.37,ATM Withdrawal,6.0,Tablet,Houston,4,84,9,Credit Card,1
2353.49,Bill Payment,9.0,Mobile,Houston,3,85,10,UPI,1
1153.68,Bill Payment,22.0,Mobile,Miami,3,4,10,Debit Card,1
2604.56,Online Purchase,9.0,Mobile,San Francisco,0,96,4,Credit Card,1
2199.46,Bank Transfer,18.0,Tablet,Seattle,0,87,5,Invalid Method,1
2888.46,Online Purchase,16.0,Mobile,Houston,4,86,12,UPI,1
4167.64,Online Purchase,12.0,Mobile,Los Angeles,4,45,2,Debit Card,1
2584.43,Bill Payment,16.0,Mobile,Miami,4,7,3,Credit Card,1
3865.93,ATM Withdrawal,16.0,Tablet,Miami,2,117,7,UPI,1
2239.41,Bill Payment,23.0,Mobile,Miami,4,92,10,Net Banking,1
1389.94,Online Purchase,19.0,Tablet,Boston,4,39,4,Net Banking,1
2977.6,Bill Payment,6.0,Desktop,New York,2,89,1,UPI,1
224.78,ATM Withdrawal,11.0,Tablet,Boston,0,99,10,Credit Card,1
418.31,ATM Withdrawal,15.0,Tablet,New York,2,74,5,Credit Card,1
4274.31,Bill Payment,19.0,Tablet,Boston,0,34,12,Credit Card,1
2360.97,Bill Payment,20.0,Tablet,Chicago,3,8,4,Credit Card,1
401.96,ATM Withdrawal,18.0,Mobile,Los Angeles,1,33,9,Credit Card,1
4068.41,Online Purchase,15.0,Desktop,Houston,4,17,3,Debit Card,1
1925.25,ATM Withdrawal,20.0,Mobile,Houston,2,109,6,Credit Card,1
1655.28,Online Purchase,19.0,Tablet,San Francisco,0,82,8,Credit Card,1
4263.14,Bill Payment,14.0,Desktop,Houston,1,14,7,UPI,1
1843.61,Bill Payment,18.0,Desktop,Miami,4,24,3,Debit Card,1
2379.48,Online Purchase,23.0,Tablet,New York,3,114,12,Credit Card,1
2391.33,Online Purchase,23.0,Mobile,Seattle,2,105,5,UPI,1
2200.4,ATM Withdrawal,1.0,Desktop,Boston,4,11,3,Debit Card,1
1605.91,ATM Withdrawal,23.0,Tablet,Houston,1,106,3,Debit Card,1
2213.04,Online Purchase,15.0,Tablet,Chicago,3,86,13,UPI,1
4418.04,POS Payment,20.0,Desktop,New York,1,102,6,Net Banking,1
4779.38,Bank Transfer,15.0,Tablet,Los Angeles,0,17,4,UPI,1
4615.54,ATM Withdrawal,4.0,Tablet,Boston,3,117,1,Net Banking,1
1791.62,Online Purchase,19.0,Desktop,Miami,4,77,13,Debit Card,1
4596.19,Online Purchase,5.0,Unknown Device,Houston,3,23,1,Net Banking,1
1157.78,ATM Withdrawal,17.0,Mobile,Boston,0,110,13,Credit Card,1
198.49,ATM Withdrawal,13.0,Desktop,Boston,2,37,12,Credit Card,1
496.28,POS Payment,13.0,Tablet,Houston,1,36,7,Credit Card,1
1396.31,POS Payment,14.0,Desktop,Houston,4,49,6,Net Banking,1
1224.66,Bill Payment,8.0,Desktop,Houston,1,62,11,UPI,1
4694.62,Online Purchase,14.0,Mobile,San Francisco,1,89,2,Credit Card,1
4458.47,Bank Transfer,6.0,Mobile,Houston,2,95,10,UPI,1
1016.79,POS Payment,11.0,Mobile,Houston,1,8,7,Credit Card,1
2122.04,Bank Transfer,23.0,Mobile,Houston,0,97,10,Net Banking,1
2348.43,Online Purchase,18.0,Mobile,Miami,3,58,3,Debit Card,1
3085.74,Bank Transfer,17.0,Desktop,San Francisco,0,5,2,Net Banking,1
2358.87,Bill Payment,4.0,Mobile,Chicago,1,42,2,Debit Card,1
2419.1,POS Payment,17.0,Desktop,Boston,0,85,11,Debit Card,1
3748.25,Online Purchase,8.0,Tablet,Houston,3,74,1,Credit Card,1
234.83,Online Purchase,15.0,Desktop,Houston,0,53,9,UPI,1
3451.47,Online Purchase,11.0,Tablet,Boston,4,40,9,Net Banking,1
505.24,Bill Payment,2.0,Unknown Device,Miami,0,94,3,UPI,1
4009.31,Bill Payment,22.0,Tablet,Boston,3,47,10,UPI,1
3890.96,Bank Transfer,19.0,Tablet,New York,4,7,7,Net Banking,1
3942.56,Online Purchase,1.0,Desktop,Chicago,4,19,3,Net Banking,1
1235.69,POS Payment,16.0,Mobile,Boston,1,64,4,Debit Card,1
4161.14,Bank Transfer,10.0,Mobile,Houston,0,81,12,UPI,1
4416.38,ATM Withdrawal,20.0,Desktop,Miami,4,62,8,Net Banking,1
379.03,Bank Transfer,19.0,Mobile,Miami,2,89,9,UPI,1
2971.56,ATM Withdrawal,15.0,Mobile,Los Angeles,3,76,13,Credit Card,1
1615.88,ATM Withdrawal,16.0,Tablet,Miami,1,46,1,UPI,1
98.61,Bill Payment,9.0,Desktop,Boston,1,87,11,Net Banking,1
4357.66,ATM Withdrawal,13.0,Desktop,Los Angeles,0,65,11,Debit Card,1
3547.26,Bank Transfer,22.0,Desktop,San Francisco,4,68,1,UPI,1
271.74,Bank Transfer,4.0,Mobile,Chicago,0,66,8,Net Banking,1
3620.07,Bill Payment,4.0,Desktop,Houston,4,38,1,Debit Card,1
4359.02,ATM Withdrawal,3.0,Tablet,Houston,3,64,4,Debit Card,1
4309.3,POS Payment,2.0,Desktop,Houston,2,40,1,Credit Card,1
2641.2,ATM Withdrawal,15.0,Mobile,San Francisco,1,104,9,Debit Card,1
304.83,ATM Withdrawal,3.0,Tablet,Chicago,3,85,1,Invalid Method,1
1348.89,ATM Withdrawal,12.0,Mobile,Boston,1,57,2,Net Banking,1
741.52,ATM Withdrawal,20.0,Mobile,Los Angeles,4,103,14,Credit Card,1
2471.49,ATM Withdrawal,9.0,Mobile,Chicago,2,85,8,Debit Card,1
4028.48,POS Payment,16.0,Mobile,Chicago,1,113,4,Net Banking,1
4827.71,Bill Payment,11.0,Tablet,New York,1,115,10,Net Banking,1
3417.76,Bank Transfer,9.0,Mobile,Miami,0,56,2,Debit Card,1
4219.65,Bank Transfer,14.0,Tablet,San Francisco,1,87,11,Net Banking,1
4566.36,ATM Withdrawal,11.0,Mobile,Houston,0,118,6,UPI,1
2701.55,POS Payment,13.0,Desktop,San Francisco,2,74,1,Invalid Method,1
4541.88,POS Payment,19.0,Tablet,New York,3,65,3,Credit Card,1
4846.16,ATM Withdrawal,17.0,Mobile,Chicago,4,9,13,UPI,1
3105.97,Online Purchase,16.0,Mobile,Miami,4,29,3,Debit Card,1
4566.42,POS Payment,17.0,Unknown Device,Los Angeles,0,119,14,Net Banking,1
3003.79,Bill Payment,20.0,Desktop,Seattle,0,62,9,Invalid Method,1
49997.8,ATM Withdrawal,17.0,Tablet,Chicago,4,11,11,Debit Card,1
2815.85,Online Purchase,22.0,Mobile,Chicago,2,117,1,Debit Card,1
4324.13,ATM Withdrawal,10.0,Mobile,Boston,1,101,6,Net Banking,1
1480.38,POS Payment,5.0,Tablet,Miami,2,78,4,Net Banking,1
4450.03,ATM Withdrawal,19.0,Tablet,Chicago,2,65,8,Net Banking,1
1156.29,Online Purchase,20.0,Tablet,Boston,4,64,1,Net Banking,1
272.18,ATM Withdrawal,5.0,Mobile,Houston,0,76,4,Debit Card,1
4004.97,POS Payment,9.0,Tablet,Miami,1,70,5,Credit Card,1
1989.82,POS Payment,22.0,Desktop,Houston,1,51,4,Credit Card,1
1727.1,ATM Withdrawal,11.0,Desktop,Seattle,0,84,1,Debit Card,1
364.09,POS Payment,20.0,Mobile,Houston,4,42,14,Credit Card,1
4736.29,POS Payment,23.0,Mobile,Chicago,2,116,13,Credit Card,1
2270.1,POS Payment,14.0,Desktop,San Francisco,0,75,8,Credit Card,1
3718.16,POS Payment,22.0,Tablet,Seattle,4,98,8,Net Banking,1
4275.28,ATM Withdrawal,14.0,Tablet,Boston,4,6,11,Net Banking,1
4190.38,ATM Withdrawal,17.0,Tablet,New York,0,46,9,Debit Card,1
250.27,ATM Withdrawal,23.0,Desktop,San Francisco,1,72,10,UPI,1
680.6,Bill Payment,23.0,Desktop,San Francisco,0,62,8,Credit Card,1
2269.26,Online Purchase,11.0,Mobile,Boston,0,43,3,UPI,1
1371.74,Online Purchase,12.0,Desktop,Boston,2,81,5,Debit Card,1
126.76,ATM Withdrawal,15.0,Desktop,Houston,2,50,1,Debit Card,1
2395.21,POS Payment,6.0,Tablet,New York,0,108,3,Credit Card,1
4058.17,Bill Payment,13.0,Tablet,Chicago,1,13,6,Debit Card,1
274.27,Bill Payment,5.0,Desktop,Houston,2,83,11,Credit Card,1
2013.51,ATM Withdrawal,22.0,Desktop,Miami,4,87,1,UPI,1
4862.84,Bank Transfer,21.0,Mobile,Los Angeles,4,79,7,UPI,1
3078.28,POS Payment,19.0,Tablet,Houston,0,113,4,Credit Card,1
378.62,Online Purchase,9.0,Tablet,Los Angeles,1,62,6,Credit Card,1
1676.85,ATM Withdrawal,20.0,Tablet,San Francisco,4,87,12,Credit Card,1
1811.03,ATM Withdrawal,5.0,Tablet,Boston,2,108,14,UPI,1
484.78,Bill Payment,10.0,Mobile,Chicago,1,64,13,Debit Card,1
907.24,ATM Withdrawal,11.0,Desktop,Boston,4,102,2,Debit Card,1
314.09,POS Payment,19.0,Tablet,New York,0,30,2,Net Banking,1
546.69,Bank Transfer,18.0,Tablet,New York,2,75,2,Debit Card,1
3835.2,Bill Payment,6.0,Tablet,Houston,3,27,7,Credit Card,1
4670.12,POS Payment,19.0,Mobile,Miami,1,49,9,Invalid Method,1
4289.22,ATM Withdrawal,7.0,Tablet,Houston,0,92,4,Credit Card,1
1660.75,Online Purchase,12.0,Desktop,Chicago,4,29,1,Credit Card,1
4768.47,ATM Withdrawal,17.0,Desktop,Los Angeles,1,90,10,UPI,1
2344.6,Bank Transfer,8.0,Desktop,Miami,4,83,1,Net Banking,1
1925.91,Online Purchase,16.0,Tablet,New York,4,109,11,Debit Card,1
4889.84,ATM Withdrawal,7.0,Tablet,Houston,1,44,6,UPI,1
1684.74,Bill Payment,20.0,Mobile,New York,0,7,6,Net Banking,1
4614.57,ATM Withdrawal,6.0,Unknown Device,Boston,2,58,1,Debit Card,1
4814.9,Bill Payment,13.0,Tablet,San Francisco,1,86,9,Debit Card,1
2736.89,ATM Withdrawal,8.0,Desktop,Houston,2,52,11,Credit Card,1
1858.16,ATM Withdrawal,13.0,Mobile,Chicago,0,94,5,Net Banking,1
1004.67,Bank Transfer,19.0,Unknown Device,Seattle,2,108,10,UPI,1
4370.0,Online Purchase,19.0,Mobile,New York,1,4,4,UPI,1
488.77,POS Payment,5.0,Desktop,Miami,1,72,2,Credit Card,1
2603.55,Online Purchase,20.0,Tablet,Houston,1,6,1,UPI,1
1669.1,POS Payment,11.0,Desktop,Houston,4,91,14,UPI,1
3747.12,ATM Withdrawal,22.0,Mobile,Los Angeles,1,79,12,Debit Card,1
2923.47,Bill Payment,22.0,Tablet,Miami,2,101,12,Credit Card,1
4857.84,Bill Payment,0.0,Desktop,Chicago,3,93,2,UPI,1
46.47,Bank Transfer,16.0,Tablet,Miami,3,105,9,Net Banking,1
4939.7,Bill Payment,8.0,Tablet,Chicago,1,47,14,Net Banking,1
1705.57,Online Purchase,8.0,Desktop,Chicago,3,108,14,Debit Card,1
3098.66,ATM Withdrawal,14.0,Tablet,New York,3,116,12,Net Banking,1
4874.51,ATM Withdrawal,22.0,Tablet,Houston,1,41,14,Debit Card,1
1651.25,ATM Withdrawal,19.0,Mobile,Chicago,0,32,9,Debit Card,1
2743.03,POS Payment,9.0,Mobile,Boston,4,41,12,UPI,1
3851.32,Bank Transfer,11.0,Tablet,Boston,4,66,7,UPI,1
4180.48,ATM Withdrawal,7.0,Desktop,Boston,2,30,11,UPI,1
716.98,POS Payment,20.0,Desktop,Los Angeles,0,71,2,Debit Card,1
4012.76,Online Purchase,21.0,Mobile,Chicago,2,24,12,Debit Card,1
3026.37,Bank Transfer,9.0,Desktop,Los Angeles,2,93,7,Net Banking,1
2931.05,ATM Withdrawal,18.0,Desktop,Miami,3,67,5,Credit Card,1
9.36,Online Purchase,15.0,Mobile,Los Angeles,1,7,5,Net Banking,1
4155.46,POS Payment,14.0,Desktop,Houston,0,109,13,Credit Card,1
4385.51,ATM Withdrawal,8.0,Tablet,Chicago,3,92,2,Debit Card,1
4361.52,Bank Transfer,12.0,Desktop,Miami,3,2,3,Credit Card,1
1461.07,ATM Withdrawal,6.0,Mobile,Boston,2,41,5,Debit Card,1
1245.42,Online Purchase,18.0,Tablet,Boston,1,94,14,Credit Card,1
4716.69,ATM Withdrawal,5.0,Desktop,Chicago,1,35,8,Credit Card,1
1541.83,Bank Transfer,21.0,Desktop,New York,1,118,10,Net Banking,1
3159.24,Bill Payment,5.0,Desktop,Boston,3,21,4,Net Banking,1
49997.8,Bill Payment,5.0,Desktop,Seattle,1,84,5,Credit Card,1
4851.28,ATM Withdrawal,0.0,Mobile,Chicago,3,18,2,Credit Card,1
428.33,Bank Transfer,19.0,Desktop,New York,4,22,4,Debit Card,1
3243.82,POS Payment,15.0,Mobile,New York,3,97,11,UPI,1
2697.78,Bank Transfer,10.0,Tablet,Los Angeles,0,109,5,Credit Card,1
3285.86,Bank Transfer,20.0,Desktop,Seattle,3,87,3,Credit Card,1
2736.7,Bank Transfer,17.0,Tablet,Chicago,0,58,9,Invalid Method,1
799.65,POS Payment,4.0,Mobile,Chicago,2,102,7,UPI,1
1635.14,POS Payment,8.0,Mobile,New York,1,74,4,UPI,1
3880.37,Online Purchase,23.0,Desktop,Los Angeles,4,116,2,Debit Card,1
3574.45,ATM Withdrawal,8.0,Unknown Device,Houston,2,22,9,Credit Card,1
49997.8,Bank Transfer,23.0,Mobile,Los Angeles,2,36,7,Net Banking,1
4081.87,Bank Transfer,11.0,Desktop,Seattle,1,77,1,Credit Card,1
2204.2,POS Payment,18.0,Tablet,Seattle,2,100,8,UPI,1
3176.63,POS Payment,4.0,Mobile,Boston,3,40,10,UPI,1
1460.03,Bill Payment,11.0,Mobile,Chicago,0,83,6,Net Banking,1
4552.05,POS Payment,17.0,Mobile,Houston,3,60,10,Debit Card,1
1795.8,POS Payment,11.0,Mobile,Houston,0,44,14,UPI,1
4656.02,Bill Payment,13.0,Tablet,Miami,0,96,13,Credit Card,1
49997.8,Bank Transfer,18.0,Desktop,Boston,4,49,9,UPI,1
294.41,Bank Transfer,2.0,Desktop,Boston,0,106,3,Credit Card,1
270.72,ATM Withdrawal,7.0,Mobile,Boston,4,106,12,UPI,1
3463.16,ATM Withdrawal,11.0,Unknown Device,Los Angeles,0,51,9,Net Banking,1
636.16,Bank Transfer,18.0,Mobile,Los Angeles,4,35,3,UPI,1
2541.78,Bill Payment,20.0,Mobile,Miami,0,88,10,Debit Card,1
84.8,Online Purchase,13.0,Unknown Device,Boston,1,40,2,Credit Card,1
1824.26,Online Purchase,19.0,Mobile,Los Angeles,1,15,5,Net Banking,1
912.21,Online Purchase,4.0,Tablet,Boston,3,55,12,UPI,1
1016.21,POS Payment,6.0,Tablet,Chicago,3,5,6,Debit Card,1
849.39,POS Payment,7.0,Tablet,Chicago,0,114,9,Credit Card,1
97.09,Bank Transfer,12.0,Desktop,Boston,3,71,11,Net Banking,1
3957.59,Bill Payment,8.0,Mobile,Chicago,1,101,5,UPI,1
1330.65,POS Payment,23.0,Tablet,San Francisco,0,108,2,Debit Card,1
49997.8,Bill Payment,16.0,Mobile,New York,4,119,6,UPI,1
1199.68,Online Purchase,19.0,Mobile,Seattle,4,99,1,Net Banking,1
4913.18,Bank Transfer,3.0,Mobile,Houston,3,90,7,UPI,1
3927.84,POS Payment,15.0,Tablet,San Francisco,3,57,2,Debit Card,1
49997.8,ATM Withdrawal,22.0,Desktop,San Francisco,0,109,14,UPI,1
809.69,Bank Transfer,17.0,Mobile,Boston,2,8,11,Net Banking,1
2316.52,Online Purchase,23.0,Mobile,Seattle,1,49,9,UPI,1
2929.09,Bill Payment,12.0,Tablet,San Francisco,0,112,5,Debit Card,1
1363.6,POS Payment,17.0,Tablet,Miami,0,57,8,Net Banking,1
1240.49,ATM Withdrawal,4.0,Desktop,Miami,1,114,4,Credit Card,1
878.01,Online Purchase,12.0,Desktop,Boston,3,93,3,Credit Card,1
1533.38,ATM Withdrawal,6.0,Mobile,San Francisco,4,113,1,Debit Card,1
3603.02,Bill Payment,14.0,Tablet,Boston,3,103,9,Debit Card,1
1888.74,Bill Payment,1.0,Mobile,Miami,2,118,2,Debit Card,1
4899.79,POS Payment,7.0,Tablet,Boston,4,69,14,Debit Card,1
2710.59,ATM Withdrawal,21.0,Mobile,Houston,0,115,12,Net Banking,1
499.81,Bill Payment,9.0,Desktop,Los Angeles,4,94,6,Credit Card,1
4654.85,ATM Withdrawal,2.0,Desktop,Los Angeles,1,106,5,Debit Card,1
180.8,ATM Withdrawal,16.0,Desktop,San Francisco,3,78,2,UPI,1
4604.82,POS Payment,8.0,Tablet,Houston,3,118,8,UPI,1
3121.9,Bill Payment,14.0,Mobile,Chicago,4,47,13,Net Banking,1
4963.57,Online Purchase,23.0,Mobile,Houston,4,95,14,UPI,1
3325.98,ATM Withdrawal,14.0,Desktop,Boston,0,9,9,Debit Card,1
2647.53,Bill Payment,5.0,Desktop,Boston,1,65,12,Debit Card,1
2343.86,Bank Transfer,4.0,Mobile,Los Angeles,2,32,2,Debit Card,1
1185.33,Bill Payment,9.0,Mobile,Miami,3,74,3,Net Banking,1
3340.61,Bill Payment,20.0,Mobile,Los Angeles,3,104,9,Debit Card,1
4669.83,Bill Payment,20.0,Desktop,New York,3,114,1,Debit Card,1
709.47,Bill Payment,17.0,Mobile,Houston,2,47,10,Net Banking,1
1493.91,Bill Payment,16.0,Desktop,New York,1,106,4,Net Banking,1
2151.95,POS Payment,9.0,Desktop,Boston,1,89,11,UPI,1
3246.92,Online Purchase,15.0,Mobile,Boston,4,13,11,Debit Card,1
712.44,Bill Payment,21.0,Mobile,Los Angeles,2,93,2,UPI,1
2479.96,Bank Transfer,17.0,Mobile,Miami,0,104,9,Credit Card,1
4145.16,Bank Transfer,22.0,Tablet,New York,4,23,11,UPI,1
4027.42,Bank Transfer,16.0,Mobile,Houston,4,31,5,UPI,1
1869.93,Bank Transfer,7.0,Desktop,Boston,0,76,4,Debit Card,1
2762.48,Online Purchase,16.0,Desktop,Miami,2,85,8,UPI,1
3854.37,ATM Withdrawal,12.0,Tablet,New York,4,92,11,UPI,1
4075.03,POS Payment,19.0,Desktop,Boston,0,46,6,Debit Card,1
688.72,ATM Withdrawal,4.0,Tablet,Chicago,3,108,11,UPI,1
522.25,Bank Transfer,15.0,Tablet,Los Angeles,1,3,5,Net Banking,1
3044.32,ATM Withdrawal,22.0,Mobile,Seattle,3,101,8,Credit Card,1
3108.05,Bank Transfer,14.0,Mobile,Chicago,2,105,5,Net Banking,1
3799.33,POS Payment,4.0,Desktop,Houston,1,33,6,Net Banking,1
2545.05,Bill Payment,12.0,Mobile,Chicago,1,43,13,Debit Card,1
2980.91,ATM Withdrawal,22.0,Desktop,Boston,1,111,14,Debit Card,1
1932.79,Bill Payment,19.0,Desktop,Boston,1,53,4,UPI,1
698.48,Online Purchase,19.0,Mobile,Miami,3,54,8,Credit Card,1
2052.07,Bill Payment,10.0,Mobile,Los Angeles,2,66,2,Net Banking,1
3872.64,Bill Payment,16.0,Desktop,Miami,4,94,9,Debit Card,1
4587.08,POS Payment,12.0,Desktop,San Francisco,3,102,5,Net Banking,1
2507.03,Bank Transfer,16.0,Desktop,Chicago,3,7,14,Credit Card,1
2930.2,Online Purchase,22.0,Tablet,Boston,1,5,10,UPI,1
2097.25,POS Payment,19.0,Desktop,New York,4,5,5,Credit Card,1
4105.98,Bill Payment,11.0,Tablet,Los Angeles,2,98,14,Net Banking,1
1048.28,ATM Withdrawal,7.0,Unknown Device,Houston,0,21,5,Credit Card,1
1683.17,Bill Payment,3.0,Desktop,Houston,4,85,7,Credit Card,1
1904.55,ATM Withdrawal,20.0,Tablet,Houston,2,46,11,UPI,1
3729.61,Bill Payment,8.0,Mobile,Chicago,2,17,1,Debit Card,1
1353.82,ATM Withdrawal,19.0,Mobile,New York,4,113,9,Credit Card,1
1508.18,Online Purchase,18.0,Mobile,Houston,2,107,10,Net Banking,1
374.77,Online Purchase,12.0,Mobile,Los Angeles,4,86,1,UPI,1
4471.91,Online Purchase,21.0,Tablet,New York,0,93,3,Credit Card,1
4591.88,POS Payment,10.0,Desktop,Houston,3,84,12,Debit Card,1
4894.62,Bill Payment,12.0,Desktop,Chicago,1,10,1,Net Banking,1
4749.13,Bill Payment,19.0,Mobile,San Francisco,4,62,12,Debit Card,1
4960.07,Bank Transfer,8.0,Desktop,San Francisco,3,96,2,Net Banking,1
3927.84,Bank Transfer,20.0,Tablet,Los Angeles,4,2,4,Net Banking,1
198.4,Online Purchase,21.0,Tablet,San Francisco,3,33,2,Debit Card,1
4775.29,POS Payment,10.0,Desktop,Chicago,4,12,8,UPI,1
4840.63,POS Payment,17.0,Mobile,Los Angeles,1,61,3,Credit Card,1
3223.28,POS Payment,1.0,Tablet,New York,3,98,2,Debit Card,1
2725.9,Online Purchase,19.0,Tablet,Boston,2,48,3,Credit Card,1
85.89,Bill Payment,10.0,Unknown Device,Houston,3,118,13,Debit Card,1
4054.03,Online Purchase,12.0,Tablet,Boston,0,104,6,Credit Card,1
3492.32,Online Purchase,22.0,Mobile,Los Angeles,0,78,2,Net Banking,1
1369.45,ATM Withdrawal,11.0,Desktop,Los Angeles,2,4,2,Invalid Method,1
3303.01,Bank Transfer,20.0,Desktop,New York,4,25,4,UPI,1
2700.57,Bank Transfer,20.0,Mobile,Chicago,3,51,11,Credit Card,1
4158.08,Bank Transfer,14.0,Desktop,New York,2,83,11,Invalid Method,1
3160.25,ATM Withdrawal,12.0,Desktop,New York,0,7,1,Credit Card,1
2718.25,Bank Transfer,10.0,Mobile,Houston,2,104,8,Credit Card,1
1522.68,Bill Payment,10.0,Desktop,New York,1,40,2,Invalid Method,1
978.61,Bill Payment,21.0,Mobile,Houston,0,70,7,Credit Card,1
974.65,Bill Payment,11.0,Desktop,Chicago,0,114,1,Net Banking,1
871.09,Bill Payment,20.0,Tablet,Los Angeles,4,85,9,Net Banking,1
4985.2,Bill Payment,23.0,Tablet,Seattle,1,94,13,UPI,1
4572.98,POS Payment,8.0,Tablet,Houston,1,72,12,UPI,1
1739.63,Bank Transfer,23.0,Mobile,Chicago,3,117,5,Debit Card,1
457.84,POS Payment,14.0,Unknown Device,Boston,0,116,9,UPI,1
2573.36,Bank Transfer,13.0,Mobile,Miami,3,98,4,UPI,1
4693.41,ATM Withdrawal,5.0,Tablet,Boston,0,112,10,Debit Card,1
126.92,Bill Payment,23.0,Desktop,Houston,3,54,11,Credit Card,1
4644.84,Bill Payment,11.0,Tablet,Miami,4,104,7,Net Banking,1
3707.22,ATM Withdrawal,21.0,Mobile,Chicago,4,64,3,Credit Card,1
143.91,ATM Withdrawal,11.0,Tablet,Boston,4,21,4,Net Banking,1
1766.77,ATM Withdrawal,3.0,Mobile,Boston,0,103,10,Credit Card,1
2355.61,Bank Transfer,18.0,Mobile,Chicago,0,52,10,UPI,1
135.42,ATM Withdrawal,7.0,Tablet,Boston,4,119,6,Credit Card,1
3355.1,Online Purchase,19.0,Tablet,Seattle,0,58,5,UPI,1
2785.53,Bill Payment,17.0,Mobile,Boston,2,64,14,Debit Card,1
3126.3,Bank Transfer,13.0,Tablet,Los Angeles,2,66,5,UPI,1
3078.73,Bank Transfer,23.0,Tablet,Houston,2,45,5,Net Banking,1
2591.83,Online Purchase,23.0,Tablet,Los Angeles,3,99,13,UPI,1
4991.59,ATM Withdrawal,21.0,Tablet,Los Angeles,0,31,6,Debit Card,1
1216.99,POS Payment,19.0,Desktop,Los Angeles,2,1,12,Debit Card,1
1607.67,ATM Withdrawal,8.0,Tablet,San Francisco,0,110,2,Credit Card,1
1526.67,Bill Payment,21.0,Mobile,Chicago,2,1,9,UPI,1
3345.57,Online Purchase,21.0,Unknown Device,Seattle,2,85,10,Debit Card,1
2191.52,Bill Payment,12.0,Desktop,Los Angeles,2,70,13,Invalid Method,1
3569.91,ATM Withdrawal,7.0,Unknown Device,Boston,0,118,12,Credit Card,1
84.88,Online Purchase,15.0,Desktop,Houston,4,110,10,Net Banking,1
166.55,Bill Payment,23.0,Mobile,Boston,1,106,9,Credit Card,1
1259.17,Bank Transfer,20.0,Mobile,New York,2,24,7,Credit Card,1
326.3,ATM Withdrawal,19.0,Tablet,Chicago,2,114,7,UPI,1
329.69,Online Purchase,11.0,Mobile,Chicago,1,60,11,Debit Card,1
2303.68,Online Purchase,13.0,Mobile,Houston,1,11,12,Net Banking,1
3788.18,Online Purchase,21.0,Tablet,Chicago,0,104,4,Debit Card,1
2704.41,Online Purchase,4.0,Mobile,Miami,1,114,8,Net Banking,1
2624.5,Bill Payment,2.0,Desktop,Boston,3,56,1,Debit Card,1
187.57,Bill Payment,22.0,Tablet,Los Angeles,1,32,13,Credit Card,1
1565.89,Bank Transfer,5.0,Desktop,Chicago,4,116,1,Net Banking,1
49997.8,Online Purchase,10.0,Tablet,Chicago,2,27,10,UPI,1
4007.8,Online Purchase,15.0,Mobile,Seattle,2,114,7,UPI,1
2405.92,POS Payment,19.0,Desktop,Houston,3,66,3,Net Banking,1
2874.4,Bill Payment,0.0,Desktop,Boston,4,34,5,Net Banking,1
375.76,ATM Withdrawal,18.0,Desktop,New York,0,117,11,Debit Card,1
4733.24,Bank Transfer,9.0,Tablet,Miami,4,91,9,Debit Card,1
4985.74,ATM Withdrawal,23.0,Tablet,New York,2,110,11,Credit Card,1
1078.02,Bill Payment,12.0,Desktop,Los Angeles,4,76,6,Credit Card,1
1099.02,Online Purchase,18.0,Desktop,Boston,2,21,11,Debit Card,1
2075.13,ATM Withdrawal,18.0,Mobile,Miami,3,50,1,Credit Card,1
3905.92,Online Purchase,21.0,Tablet,Los Angeles,4,100,7,Invalid Method,1
1899.97,Online Purchase,16.0,Desktop,Houston,1,14,5,UPI,1
166.55,Bill Payment,19.0,Mobile,Miami,2,87,6,Debit Card,1
2541.79,ATM Withdrawal,12.0,Desktop,New York,1,60,1,Invalid Method,1
1501.76,POS Payment,19.0,Desktop,Chicago,0,4,7,Invalid Method,1
2976.55,POS Payment,23.0,Tablet,Chicago,1,11,14,UPI,1
3998.21,Online Purchase,5.0,Desktop,Houston,0,116,8,Net Banking,1
434.79,Bill Payment,18.0,Desktop,San Francisco,4,25,1,UPI,1
2122.25,POS Payment,22.0,Desktop,Boston,2,90,12,Credit Card,1
4013.94,POS Payment,0.0,Tablet,New York,3,97,1,Credit Card,1
911.29,POS Payment,2.0,Tablet,Boston,2,32,2,UPI,1
3252.84,Online Purchase,19.0,Tablet,Houston,2,67,11,UPI,1
4588.19,ATM Withdrawal,23.0,Unknown Device,New York,3,2,12,Net Banking,1
4533.67,POS Payment,20.0,Unknown Device,Los Angeles,3,92,14,Net Banking,1
3068.69,Bill Payment,15.0,Desktop,San Francisco,3,104,1,Credit Card,1
4979.02,POS Payment,12.0,Mobile,New York,2,96,8,UPI,1
4693.93,Bank Transfer,12.0,Tablet,Houston,2,65,14,Net Banking,1
4780.89,POS Payment,13.0,Desktop,Miami,3,100,4,Net Banking,1
83.99,ATM Withdrawal,17.0,Desktop,New York,1,88,6,Credit Card,1
1114.7,ATM Withdrawal,13.0,Tablet,New York,3,87,9,Debit Card,1
69.08,POS Payment,17.0,Mobile,Chicago,0,7,12,Net Banking,1
3858.27,Bank Transfer,12.0,Unknown Device,Miami,2,43,4,Net Banking,1
1384.89,Online Purchase,18.0,Tablet,Houston,2,105,7,Credit Card,1
4236.77,Online Purchase,17.0,Mobile,San Francisco,2,4,3,Net Banking,1
746.44,Online Purchase,20.0,Desktop,New York,2,42,5,Credit Card,1
3362.59,Online Purchase,21.0,Mobile,San Francisco,2,59,11,Credit Card,1
3599.95,ATM Withdrawal,10.0,Desktop,Boston,1,111,1,UPI,1
1802.67,ATM Withdrawal,21.0,Tablet,New York,4,55,6,Debit Card,1
2586.89,POS Payment,1.0,Tablet,Boston,1,30,1,Net Banking,1
1472.63,Online Purchase,23.0,Desktop,San Francisco,0,51,4,Debit Card,1
1461.41,POS Payment,16.0,Desktop,Seattle,3,102,6,UPI,1
3058.5,Bank Transfer,4.0,Tablet,Boston,2,60,9,UPI,1
1815.31,Online Purchase,18.0,Mobile,Boston,3,30,7,Credit Card,1
3208.98,POS Payment,3.0,Desktop,New York,0,77,1,UPI,1
1614.72,Bank Transfer,20.0,Mobile,Boston,3,95,8,UPI,1
3693.76,POS Payment,12.0,Mobile,New York,4,100,12,UPI,1
1681.62,Online Purchase,14.0,Tablet,Miami,1,69,9,UPI,1
3799.4,Bank Transfer,9.0,Mobile,Los Angeles,3,51,1,UPI,1
3306.9,POS Payment,21.0,Desktop,New York,4,54,13,Net Banking,1
671.51,Bank Transfer,17.0,Tablet,Chicago,0,42,7,Debit Card,1
55.45,Bank Transfer,22.0,Tablet,Boston,2,87,8,Net Banking,1
4727.94,POS Payment,11.0,Tablet,Houston,2,69,12,Credit Card,1
1962.33,Bill Payment,8.0,Desktop,Houston,2,25,4,UPI,1
2059.71,Online Purchase,14.0,Desktop,Houston,4,53,5,UPI,1
2225.59,Online Purchase,10.0,Tablet,Los Angeles,2,80,3,Debit Card,1
1340.99,Online Purchase,13.0,Desktop,Los Angeles,1,105,14,Net Banking,1
4602.89,POS Payment,3.0,Mobile,Houston,1,102,1,Credit Card,1
447.89,Bill Payment,21.0,Mobile,New York,2,102,1,UPI,1
3094.66,Bill Payment,21.0,Mobile,San Francisco,1,90,8,Credit Card,1
1030.69,Online Purchase,7.0,Tablet,Houston,4,10,4,UPI,1
2531.19,Bank Transfer,15.0,Desktop,Boston,2,89,6,Debit Card,1
241.5,POS Payment,9.0,Mobile,Chicago,3,43,3,UPI,1
2970.88,POS Payment,17.0,Mobile,Miami,1,76,3,Debit Card,1
3113.88,Online Purchase,13.0,Mobile,Chicago,3,55,14,Net Banking,1
4285.79,Bank Transfer,15.0,Desktop,San Francisco,4,105,6,Debit Card,1
528.2,POS Payment,8.0,Tablet,Houston,1,86,1,Debit Card,1
3020.53,ATM Withdrawal,13.0,Mobile,New York,1,71,4,Debit Card,1
2380.24,Bill Payment,21.0,Mobile,San Francisco,1,94,1,Net Banking,1
2311.36,Online Purchase,14.0,Desktop,Houston,3,115,12,Net Banking,1
3275.65,POS Payment,14.0,Mobile,Chicago,0,53,1,Net Banking,1
1174.62,ATM Withdrawal,7.0,Mobile,Houston,1,96,12,Net Banking,1
2299.41,Online Purchase,20.0,Tablet,Los Angeles,4,4,9,Net Banking,1
170.52,Bank Transfer,11.0,Desktop,Boston,4,102,4,UPI,1
1608.76,ATM Withdrawal,16.0,Desktop,Chicago,2,16,11,Credit Card,1
243.16,Bill Payment,22.0,Tablet,Los Angeles,4,105,7,UPI,1
1473.0,POS Payment,17.0,Mobile,Houston,2,86,9,Debit Card,1
2661.6,Bank Transfer,18.0,Desktop,Chicago,3,63,8,UPI,1
1176.35,Bill Payment,10.0,Mobile,Boston,1,16,13,Net Banking,1
543.64,POS Payment,23.0,Tablet,Los Angeles,1,11,5,Credit Card,1
943.2,Online Purchase,9.0,Tablet,Chicago,1,71,2,Credit Card,1
4663.71,ATM Withdrawal,8.0,Desktop,Boston,2,119,13,Debit Card,1
4556.62,Bill Payment,8.0,Tablet,Houston,0,91,10,Net Banking,1
2475.41,ATM Withdrawal,11.0,Mobile,Los Angeles,2,42,6,UPI,1
194.03,POS Payment,23.0,Desktop,Houston,3,99,11,Credit Card,1
544.79,Online Purchase,0.0,Desktop,Houston,3,83,5,Credit Card,1
3226.8,Bank Transfer,16.0,Mobile,San Francisco,1,34,5,Invalid Method,1
1949.86,ATM Withdrawal,5.0,Tablet,Boston,1,78,3,UPI,1
2046.84,Online Purchase,19.0,Desktop,Chicago,1,61,5,Debit Card,1
852.14,Bank Transfer,10.0,Desktop,Miami,3,96,4,Debit Card,1
4782.87,Bank Transfer,20.0,Desktop,Seattle,0,101,8,Credit Card,1
522.25,Bill Payment,19.0,Desktop,New York,1,101,8,Debit Card,1
2991.66,Bill Payment,14.0,Tablet,Chicago,0,40,3,Net Banking,1
2496.75,Online Purchase,11.0,Desktop,Houston,4,71,5,Credit Card,1
3261.94,ATM Withdrawal,13.0,Desktop,Seattle,1,91,5,Net Banking,1
1845.11,Bill Payment,12.0,Mobile,Houston,0,116,2,Credit Card,1
49997.8,POS Payment,0.0,Mobile,San Francisco,1,101,12,Net Banking,1
628.19,POS Payment,20.0,Tablet,Boston,1,49,9,Debit Card,1
339.18,POS Payment,7.0,Tablet,Houston,4,106,7,UPI,1
3777.63,Online Purchase,20.0,Desktop,Boston,2,10,10,Credit Card,1
4737.25,Online Purchase,0.0,Tablet,Houston,4,80,1,Debit Card,1
1742.59,Bill Payment,8.0,Mobile,Chicago,2,75,8,UPI,1
751.6,Online Purchase,18.0,Tablet,Boston,0,81,3,Debit Card,1
4060.76,Bank Transfer,21.0,Tablet,Boston,4,24,9,Debit Card,1
3391.5,Online Purchase,12.0,Mobile,New York,0,74,6,UPI,1
792.23,Online Purchase,8.0,Desktop,Los Angeles,2,89,9,Net Banking,1
3671.26,Bank Transfer,21.0,Mobile,New York,0,97,10,UPI,1
2629.26,ATM Withdrawal,9.0,Desktop,Houston,3,99,5,UPI,1
414.93,Bill Payment,14.0,Unknown Device,Boston,0,79,12,UPI,1
3243.97,Online Purchase,9.0,Mobile,Houston,4,65,12,Invalid Method,1
3034.29,Online Purchase,21.0,Desktop,Houston,1,57,7,Net Banking,1
1470.15,ATM Withdrawal,8.0,Tablet,Miami,4,101,10,Credit Card,1
590.19,Bank Transfer,3.0,Mobile,Houston,2,100,10,UPI,1
694.25,Online Purchase,23.0,Mobile,Los Angeles,4,44,4,UPI,1
607.26,ATM Withdrawal,3.0,Tablet,Boston,0,32,7,Net Banking,1
4966.99,POS Payment,11.0,Desktop,Houston,4,54,5,Credit Card,1
1886.71,POS Payment,0.0,Mobile,Boston,3,33,1,Net Banking,1
1329.96,Online Purchase,20.0,Mobile,Seattle,3,78,5,Credit Card,1
4285.62,Bill Payment,23.0,Mobile,San Francisco,1,20,5,UPI,1
4264.82,Online Purchase,10.0,Tablet,Boston,4,36,9,UPI,1
4969.68,Bank Transfer,8.0,Mobile,Boston,2,62,6,UPI,1
2729.5,POS Payment,22.0,Tablet,Los Angeles,4,38,6,Net Banking,1
1746.33,Bank Transfer,4.0,Tablet,Los Angeles,0,101,2,Debit Card,1
2277.17,Bank Transfer,17.0,Tablet,New York,2,21,4,UPI,1
3983.34,Online Purchase,12.0,Desktop,New York,0,86,10,Credit Card,1
4428.84,Bank Transfer,19.0,Tablet,New York,3,103,2,Credit Card,1
4741.49,Bill Payment,16.0,Desktop,Seattle,4,119,10,UPI,1
704.71,Bank Transfer,20.0,Mobile,New York,2,47,1,Net Banking,1
1794.05,Bank Transfer,23.0,Tablet,Boston,3,67,10,Debit Card,1
4105.95,POS Payment,16.0,Tablet,San Francisco,1,63,7,Credit Card,1
363.27,Bank Transfer,17.0,Mobile,San Francisco,1,24,2,Net Banking,1
1562.72,POS Payment,13.0,Desktop,Miami,2,88,9,Credit Card,1
902.08,Online Purchase,4.0,Desktop,Boston,1,30,4,Net Banking,1
111.62,ATM Withdrawal,15.0,Tablet,Boston,0,108,14,Net Banking,1
2614.21,POS Payment,10.0,Tablet,Miami,1,47,1,UPI,1
2727.19,Online Purchase,18.0,Desktop,New York,3,40,5,Debit Card,1
49997.8,POS Payment,7.0,Tablet,Boston,4,67,9,UPI,1
3009.61,Online Purchase,11.0,Tablet,Miami,0,113,7,Invalid Method,1
2392.32,ATM Withdrawal,6.0,Mobile,Los Angeles,0,109,3,UPI,1
2022.69,POS Payment,8.0,Desktop,Chicago,1,55,2,Credit Card,1
4243.62,POS Payment,21.0,Tablet,New York,3,81,2,Debit Card,1
4117.24,POS Payment,3.0,Tablet,Houston,1,82,14,Debit Card,1
52.72,Bill Payment,6.0,Mobile,Houston,1,91,8,Net Banking,1
2487.52,Online Purchase,19.0,Tablet,Houston,0,118,10,Debit Card,1
2507.04,Bill Payment,17.0,Tablet,Miami,1,68,10,Credit Card,1
4781.28,ATM Withdrawal,21.0,Desktop,New York,1,83,6,UPI,1
1608.02,ATM Withdrawal,19.0,Tablet,New York,1,116,4,UPI,1
236.35,ATM Withdrawal,6.0,Tablet,Chicago,1,25,7,UPI,1
529.12,ATM Withdrawal,19.0,Tablet,Houston,0,13,1,UPI,1
2085.49,Bank Transfer,23.0,Mobile,Boston,3,79,10,Debit Card,1
2929.57,Bank Transfer,20.0,Mobile,Chicago,2,112,14,Debit Card,1
732.08,ATM Withdrawal,22.0,Desktop,Los Angeles,4,27,8,Debit Card,1
2966.02,ATM Withdrawal,16.0,Mobile,Miami,3,97,4,Debit Card,1
3491.74,Bill Payment,19.0,Mobile,Boston,2,49,8,UPI,1
4889.82,ATM Withdrawal,20.0,Desktop,Boston,2,59,3,Net Banking,1
749.69,Bill Payment,7.0,Tablet,Houston,4,81,9,Debit Card,1
2954.63,POS Payment,14.0,Tablet,Houston,0,46,14,UPI,1
3777.38,ATM Withdrawal,18.0,Mobile,Houston,3,92,2,Net Banking,1
2776.07,Bill Payment,19.0,Tablet,New York,4,42,1,Net Banking,1
2436.53,Online Purchase,23.0,Desktop,Chicago,4,87,12,UPI,1
715.78,Online Purchase,11.0,Mobile,Houston,0,45,11,Credit Card,1
1213.85,POS Payment,3.0,Desktop,Chicago,1,102,3,Debit Card,1
2407.55,Online Purchase,15.0,Desktop,Miami,0,103,11,Net Banking,1
2761.5,Bill Payment,14.0,Desktop,Chicago,3,117,6,Debit Card,1
931.47,POS Payment,8.0,Desktop,Chicago,3,23,8,Net Banking,1
3242.39,Bill Payment,14.0,Unknown Device,Houston,3,82,12,Debit Card,1
1922.59,Online Purchase,11.0,Unknown Device,New York,4,84,1,Credit Card,1
4746.52,Bill Payment,1.0,Unknown Device,Chicago,0,116,1,Credit Card,1
2405.92,POS Payment,17.0,Mobile,Los Angeles,0,39,14,Net Banking,1
4299.51,Online Purchase,13.0,Mobile,Chicago,3,91,7,Debit Card,1
2222.4,Bill Payment,17.0,Tablet,New York,0,71,1,UPI,1
4035.9,Bank Transfer,23.0,Tablet,San Francisco,3,85,9,Credit Card,1
970.36,POS Payment,23.0,Tablet,Seattle,2,112,10,Net Banking,1
3207.55,Bill Payment,11.0,Mobile,Boston,0,101,5,Net Banking,1
2985.88,ATM Withdrawal,15.0,Tablet,Los Angeles,4,103,5,Debit Card,1
2431.08,ATM Withdrawal,20.0,Desktop,Miami,1,104,1,Net Banking,1
1458.14,Bank Transfer,16.0,Mobile,Boston,4,61,7,Net Banking,1
2646.18,Online Purchase,16.0,Mobile,Boston,4,41,12,Credit Card,1
4676.21,ATM Withdrawal,16.0,Desktop,Boston,4,84,2,Invalid Method,1
1368.9,Online Purchase,15.0,Desktop,Chicago,4,91,2,UPI,1
3371.52,POS Payment,13.0,Mobile,Houston,1,38,2,Debit Card,1
1587.93,Online Purchase,20.0,Mobile,Los Angeles,4,67,11,Net Banking,1
4357.39,POS Payment,13.0,Tablet,Miami,1,49,11,UPI,1
4552.19,Bank Transfer,1.0,Tablet,Boston,1,104,13,UPI,1
3438.12,POS Payment,20.0,Tablet,Los Angeles,4,3,8,UPI,1
1094.97,Online Purchase,15.0,Tablet,Miami,1,66,11,Credit Card,1
49997.8,ATM Withdrawal,10.0,Tablet,Chicago,1,113,8,Debit Card,1
4329.16,Bill Payment,9.0,Desktop,Chicago,1,70,13,UPI,1
2094.11,Bill Payment,21.0,Tablet,Boston,3,5,3,Net Banking,1
1504.66,Bank Transfer,20.0,Tablet,Houston,1,5,6,Net Banking,1
4367.9,POS Payment,0.0,Desktop,Houston,3,55,6,Net Banking,1
1551.75,Online Purchase,23.0,Mobile,Miami,4,66,14,Credit Card,1
4177.1,Bank Transfer,13.0,Tablet,Chicago,4,38,4,UPI,1
3196.19,Online Purchase,4.0,Mobile,Chicago,3,86,13,Net Banking,1
4788.73,ATM Withdrawal,5.0,Mobile,New York,3,89,2,Net Banking,1
3534.08,Bill Payment,12.0,Desktop,Chicago,2,74,1,UPI,1
952.12,POS Payment,20.0,Mobile,San Francisco,1,117,6,Debit Card,1
93.58,ATM Withdrawal,6.0,Mobile,Boston,3,96,8,Debit Card,1
2505.75,Bill Payment,14.0,Mobile,Chicago,0,115,9,UPI,1
3136.09,Online Purchase,1.0,Desktop,Chicago,2,40,8,Net Banking,1
2000.05,Bill Payment,4.0,Mobile,Houston,3,92,10,Credit Card,1
871.66,Bank Transfer,7.0,Tablet,Chicago,1,97,6,Debit Card,1
2285.64,Online Purchase,4.0,Mobile,Boston,4,45,9,Debit Card,1
3797.04,Bank Transfer,13.0,Mobile,Houston,2,66,13,UPI,1
4486.15,ATM Withdrawal,17.0,Mobile,Seattle,0,43,4,Net Banking,1
2832.06,ATM Withdrawal,16.0,Desktop,Miami,2,71,9,Debit Card,1
4353.78,Bank Transfer,8.0,Mobile,Houston,1,92,7,UPI,1
217.25,Bill Payment,10.0,Mobile,Chicago,3,100,3,Debit Card,1
2565.99,POS Payment,9.0,Desktop,Boston,3,19,6,Credit Card,1
4361.32,POS Payment,10.0,Desktop,Los Angeles,2,112,2,Net Banking,1
1541.07,Bank Transfer,23.0,Tablet,Miami,3,39,11,Debit Card,1
2767.55,Bill Payment,14.0,Desktop,Houston,0,43,13,Net Banking,1
4205.48,Online Purchase,10.0,Tablet,Miami,4,30,5,Net Banking,1
4779.34,Online Purchase,20.0,Mobile,New York,1,84,11,Credit Card,1
3629.89,Online Purchase,18.0,Desktop,San Francisco,4,86,1,Net Banking,1
2051.87,Online Purchase,12.0,Mobile,Chicago,1,15,11,UPI,1
1722.68,Online Purchase,20.0,Desktop,Chicago,1,92,13,UPI,1
4350.73,ATM Withdrawal,23.0,Tablet,Seattle,3,52,1,Credit Card,1
4661.18,POS Payment,20.0,Tablet,Chicago,1,43,11,UPI,1
4417.03,Bank Transfer,19.0,Desktop,Boston,0,95,5,Net Banking,1
1869.53,Bank Transfer,23.0,Mobile,Chicago,4,113,3,UPI,1
4119.11,ATM Withdrawal,11.0,Mobile,New York,0,17,2,Debit Card,1
49997.8,Bill Payment,13.0,Tablet,Los Angeles,0,76,5,Credit Card,1
2047.64,ATM Withdrawal,15.0,Mobile,Los Angeles,1,15,8,Debit Card,1
3763.66,Online Purchase,16.0,Tablet,Houston,2,97,1,Debit Card,1
4073.89,Bill Payment,20.0,Tablet,Miami,2,6,10,Net Banking,1
1865.4,ATM Withdrawal,20.0,Mobile,Los Angeles,3,15,6,Net Banking,1
1211.09,POS Payment,14.0,Mobile,Boston,1,99,10,Credit Card,1
557.75,POS Payment,17.0,Desktop,Boston,3,92,10,UPI,1
2610.91,Online Purchase,23.0,Desktop,San Francisco,0,40,6,Credit Card,1
4819.4,ATM Withdrawal,19.0,Unknown Device,Chicago,2,119,6,Credit Card,1
216.58,Bill Payment,14.0,Tablet,Los Angeles,0,97,8,UPI,1
2850.09,Bank Transfer,19.0,Desktop,New York,0,114,4,Net Banking,1
2436.81,Bill Payment,12.0,Tablet,Seattle,1,82,2,UPI,1
1899.15,Bill Payment,0.0,Desktop,Chicago,1,97,11,Net Banking,1
4323.67,POS Payment,6.0,Tablet,Los Angeles,0,100,12,UPI,1
3869.62,POS Payment,14.0,Mobile,Boston,2,25,11,Net Banking,1
1335.05,Bill Payment,12.0,Tablet,Miami,4,119,3,Credit Card,1
4896.28,Bill Payment,15.0,Mobile,Chicago,4,53,8,Net Banking,1
3179.56,Online Purchase,12.0,Tablet,San Francisco,0,93,4,Credit Card,1
4717.6,POS Payment,23.0,Mobile,Miami,0,27,4,Debit Card,1
53.57,Bill Payment,20.0,Mobile,Chicago,2,63,10,UPI,1
4777.11,ATM Withdrawal,22.0,Mobile,Boston,3,93,6,Invalid Method,1
1216.39,POS Payment,20.0,Mobile,Chicago,2,78,1,UPI,1
3627.38,Bank Transfer,22.0,Mobile,Miami,4,48,4,UPI,1
2277.17,POS Payment,0.0,Mobile,Chicago,4,116,1,Credit Card,1
429.71,POS Payment,19.0,Tablet,Boston,2,68,1,UPI,1
3603.45,POS Payment,16.0,Mobile,Boston,0,36,2,Net Banking,1
2947.97,Bank Transfer,21.0,Desktop,Seattle,3,92,10,Net Banking,1
3927.07,Bank Transfer,8.0,Tablet,Houston,1,105,8,Net Banking,1
4208.77,Online Purchase,4.0,Tablet,Los Angeles,4,95,11,Debit Card,1
63.72,Online Purchase,18.0,Mobile,Chicago,1,92,7,Debit Card,1
1215.67,ATM Withdrawal,0.0,Mobile,Houston,1,63,4,Credit Card,1
3263.28,ATM Withdrawal,20.0,Tablet,Los Angeles,1,31,1,Credit Card,1
3496.48,Online Purchase,14.0,Tablet,Houston,1,50,4,Credit Card,1
1043.14,POS Payment,19.0,Mobile,San Francisco,1,58,1,Debit Card,1
1431.94,ATM Withdrawal,12.0,Desktop,Boston,0,72,7,UPI,1
661.86,Bank Transfer,17.0,Tablet,Houston,2,103,14,UPI,1
2111.53,POS Payment,14.0,Desktop,Chicago,0,8,5,Debit Card,1
2644.6,Online Purchase,8.0,Mobile,Chicago,4,109,11,Credit Card,1
1266.56,ATM Withdrawal,13.0,Mobile,Miami,4,107,4,UPI,1
4164.75,Online Purchase,10.0,Mobile,Houston,0,100,11,Net Banking,1
4329.59,POS Payment,10.0,Mobile,Houston,3,17,4,Credit Card,1
932.6,ATM Withdrawal,11.0,Mobile,Boston,3,31,10,Net Banking,1
201.51,Bill Payment,18.0,Unknown Device,New York,2,79,6,Debit Card,1
1398.2,ATM Withdrawal,21.0,Mobile,Chicago,4,91,1,Debit Card,1
3982.26,Online Purchase,2.0,Desktop,Boston,4,57,13,UPI,1
1295.61,POS Payment,19.0,Tablet,Chicago,0,40,5,UPI,1
4037.87,Online Purchase,7.0,Mobile,Boston,2,111,4,Credit Card,1
290.81,Bank Transfer,4.0,Tablet,Los Angeles,3,118,11,UPI,1
798.62,Bank Transfer,18.0,Desktop,Chicago,2,55,3,Net Banking,1
2547.49,Online Purchase,11.0,Mobile,Los Angeles,2,112,14,Invalid Method,1
4542.93,Online Purchase,9.0,Desktop,Houston,0,100,8,Net Banking,1
3151.55,Bill Payment,12.0,Desktop,Boston,3,9,12,Credit Card,1
2735.61,Bill Payment,7.0,Mobile,Houston,2,117,5,Credit Card,1
4576.1,POS Payment,20.0,Mobile,Chicago,3,114,8,UPI,1
3687.44,Bank Transfer,1.0,Desktop,Houston,2,105,13,Net Banking,1
2161.97,POS Payment,22.0,Mobile,San Francisco,0,41,4,UPI,1
555.11,Bank Transfer,21.0,Desktop,Miami,4,45,7,Net Banking,1
1920.06,Bank Transfer,18.0,Desktop,Houston,2,96,10,Invalid Method,1
3084.7,Bank Transfer,15.0,Desktop,San Francisco,4,113,7,UPI,1
1654.83,Bill Payment,21.0,Desktop,Los Angeles,3,55,11,Invalid Method,1
1654.19,Bank Transfer,17.0,Tablet,Boston,3,24,9,Credit Card,1
77.52,POS Payment,21.0,Desktop,Chicago,2,78,5,Debit Card,1
2780.68,Bill Payment,13.0,Tablet,Boston,0,63,13,Net Banking,1
631.65,POS Payment,22.0,Desktop,Miami,2,102,10,Credit Card,1
455.82,Bill Payment,20.0,Desktop,New York,1,75,1,UPI,1
1731.2,Online Purchase,13.0,Desktop,Los Angeles,0,57,3,UPI,1
3764.35,Bank Transfer,2.0,Mobile,Houston,4,40,1,Net Banking,1
3386.39,ATM Withdrawal,9.0,Unknown Device,Houston,2,82,8,Debit Card,1
2776.52,Online Purchase,12.0,Mobile,San Francisco,1,90,8,Net Banking,1
3050.91,Bill Payment,16.0,Desktop,Miami,2,61,2,Debit Card,1
4800.03,Bill Payment,9.0,Mobile,New York,0,77,3,UPI,1
4171.31,POS Payment,0.0,Desktop,Chicago,3,71,12,Net Banking,1
2431.02,POS Payment,19.0,Tablet,Los Angeles,3,108,3,Net Banking,1
3105.03,Online Purchase,3.0,Tablet,Houston,1,87,8,Credit Card,1
3512.45,Online Purchase,18.0,Tablet,Los Angeles,4,70,9,Debit Card,1
1626.15,Bill Payment,20.0,Desktop,New York,3,114,9,Credit Card,1
202.46,POS Payment,20.0,Desktop,Chicago,0,75,8,Debit Card,1
3289.62,ATM Withdrawal,9.0,Desktop,Miami,4,47,5,Debit Card,1
3449.56,Bill Payment,17.0,Mobile,Los Angeles,1,46,14,Credit Card,1
2079.89,ATM Withdrawal,8.0,Mobile,Boston,2,102,5,Credit Card,1
2671.98,Online Purchase,7.0,Tablet,Los Angeles,4,99,7,Credit Card,1
659.65,Bank Transfer,21.0,Mobile,Miami,2,106,4,UPI,1
2775.07,Bill Payment,6.0,Desktop,Chicago,1,53,13,Debit Card,1
4459.96,ATM Withdrawal,16.0,Unknown Device,Houston,1,28,13,UPI,1
3055.12,Bill Payment,4.0,Tablet,Houston,4,34,4,Debit Card,1
3668.97,Bank Transfer,11.0,Desktop,Chicago,0,102,13,UPI,1
3727.05,ATM Withdrawal,10.0,Mobile,Boston,2,96,13,Credit Card,1
4721.24,Bill Payment,21.0,Mobile,Los Angeles,4,23,12,Debit Card,1
943.27,ATM Withdrawal,21.0,Mobile,Seattle,1,66,1,Credit Card,1
396.05,Bill Payment,3.0,Mobile,Chicago,4,76,11,Debit Card,1
382.75,Online Purchase,2.0,Desktop,Boston,1,96,7,Net Banking,1
4208.44,Online Purchase,8.0,Mobile,Boston,4,63,12,UPI,1
4423.81,Bill Payment,20.0,Mobile,Boston,2,24,9,Credit Card,1
3214.47,Online Purchase,5.0,Tablet,Boston,3,97,12,Net Banking,1
1965.72,Bill Payment,3.0,Desktop,Miami,2,89,3,Credit Card,1
4640.34,POS Payment,21.0,Unknown Device,Chicago,3,39,7,UPI,1
2588.25,Bank Transfer,18.0,Unknown Device,Chicago,3,55,5,Net Banking,1
201.89,POS Payment,22.0,Desktop,Boston,4,21,6,UPI,1
4505.07,Bill Payment,4.0,Mobile,Boston,3,7,11,Invalid Method,1
3157.76,POS Payment,23.0,Mobile,Chicago,1,16,8,Invalid Method,1
2119.58,Online Purchase,20.0,Mobile,Boston,3,3,7,UPI,1
3301.29,Bill Payment,20.0,Tablet,Miami,1,109,10,Credit Card,1
1565.09,ATM Withdrawal,7.0,Mobile,Chicago,3,41,9,Net Banking,1
1791.81,POS Payment,18.0,Mobile,Miami,4,81,12,Credit Card,1
2952.79,Bank Transfer,8.0,Mobile,Houston,4,112,7,Debit Card,1
2145.77,Bank Transfer,22.0,Mobile,Houston,1,117,12,Net Banking,1
1368.57,POS Payment,12.0,Tablet,Boston,0,8,11,Net Banking,1
258.82,Bank Transfer,21.0,Desktop,Boston,2,70,3,UPI,1
3931.56,Online Purchase,8.0,Tablet,New York,1,73,3,Net Banking,1
1169.93,POS Payment,20.0,Desktop,San Francisco,0,29,1,Debit Card,1
4740.08,POS Payment,9.0,Mobile,Chicago,4,78,12,Net Banking,1
1751.18,Bill Payment,23.0,Tablet,Boston,4,70,3,Credit Card,1
1283.06,ATM Withdrawal,22.0,Desktop,New York,2,118,12,Credit Card,1
4065.85,Bank Transfer,8.0,Tablet,Houston,0,65,11,Credit Card,1
2453.35,Online Purchase,10.0,Desktop,Miami,1,105,4,Credit Card,1
331.89,POS Payment,16.0,Desktop,Miami,0,16,1,Net Banking,1
3768.56,Bank Transfer,22.0,Unknown Device,Boston,3,73,7,UPI,1
3451.07,Bill Payment,13.0,Unknown Device,Miami,1,9,4,Debit Card,1
3780.31,Bill Payment,19.0,Desktop,San Francisco,0,27,1,UPI,1
968.64,ATM Withdrawal,22.0,Mobile,New York,1,32,9,Credit Card,1
4238.93,Bill Payment,13.0,Desktop,San Francisco,4,45,2,Net Banking,1
476.67,Bank Transfer,10.0,Mobile,Chicago,3,53,1,Net Banking,1
3471.47,Bank Transfer,5.0,Desktop,Boston,0,1,3,Debit Card,1
3596.97,Bank Transfer,8.0,Tablet,Chicago,1,33,6,UPI,1
188.93,Online Purchase,21.0,Desktop,Los Angeles,0,7,9,UPI,1
2952.58,POS Payment,17.0,Desktop,San Francisco,2,68,9,Debit Card,1
2380.05,Online Purchase,16.0,Desktop,Houston,1,104,13,Credit Card,1
831.96,Bill Payment,2.0,Tablet,Boston,4,87,2,Debit Card,1
2074.34,Bill Payment,16.0,Tablet,Chicago,2,70,12,UPI,1
3746.31,POS Payment,18.0,Mobile,Houston,1,88,9,UPI,1
839.75,Bank Transfer,15.0,Tablet,Houston,3,76,11,Credit Card,1
2700.17,Bank Transfer,18.0,Desktop,Houston,1,82,7,Net Banking,1
1334.96,Online Purchase,12.0,Mobile,Chicago,1,2,9,Credit Card,1
4274.16,POS Payment,13.0,Mobile,Boston,1,25,12,Net Banking,1
3105.16,ATM Withdrawal,9.0,Desktop,Houston,3,5,8,Credit Card,1
2319.72,Bill Payment,19.0,Mobile,New York,0,75,4,Net Banking,1
3109.01,Bank Transfer,2.0,Desktop,Houston,3,82,1,Credit Card,1
1361.16,Bill Payment,23.0,Mobile,Houston,1,40,1,Debit Card,1
1189.22,ATM Withdrawal,14.0,Tablet,Boston,1,6,11,Net Banking,1
2761.05,Bank Transfer,5.0,Tablet,Chicago,4,99,2,UPI,1
2046.94,Online Purchase,22.0,Mobile,Miami,0,30,12,Net Banking,1
4490.29,Bank Transfer,21.0,Mobile,Seattle,0,61,11,Debit Card,1
1369.33,Bill Payment,23.0,Tablet,San Francisco,2,90,6,Invalid Method,1
1574.64,Bill Payment,7.0,Tablet,Miami,3,118,11,UPI,1
4228.18,POS Payment,22.0,Tablet,Chicago,3,81,8,Credit Card,1
3541.29,POS Payment,16.0,Tablet,Miami,4,51,1,Net Banking,1
1614.72,Bill Payment,8.0,Mobile,Miami,0,97,4,Net Banking,1
2430.8,Bill Payment,9.0,Tablet,Boston,2,73,2,Debit Card,1
4707.04,Bill Payment,8.0,Desktop,Los Angeles,1,109,14,Debit Card,1
1804.69,Online Purchase,21.0,Tablet,San Francisco,3,99,9,Net Banking,1
1586.75,POS Payment,12.0,Tablet,Miami,1,114,6,UPI,1
4536.58,ATM Withdrawal,23.0,Mobile,Boston,3,67,3,Net Banking,1
464.02,Bill Payment,16.0,Mobile,Houston,0,77,9,Net Banking,1
3228.78,Bank Transfer,21.0,Desktop,New York,0,38,10,Debit Card,1
3550.75,Bank Transfer,11.0,Desktop,New York,1,99,5,Credit Card,1
4097.96,ATM Withdrawal,20.0,Desktop,New York,0,20,5,Net Banking,1
130.68,Bill Payment,16.0,Mobile,Miami,3,102,5,Debit Card,1
2606.62,POS Payment,16.0,Desktop,Miami,0,19,6,Debit Card,1
1123.66,ATM Withdrawal,22.0,Mobile,Chicago,0,3,6,Net Banking,1
4018.94,Bill Payment,15.0,Tablet,Chicago,1,76,5,Credit Card,1
4027.2,ATM Withdrawal,22.0,Desktop,Houston,4,27,7,Net Banking,1
3698.87,ATM Withdrawal,13.0,Mobile,Seattle,4,96,4,Debit Card,1
1624.14,Online Purchase,20.0,Mobile,Los Angeles,4,79,1,UPI,1
4581.97,Online Purchase,10.0,Mobile,Los Angeles,0,106,4,Credit Card,1
3583.95,Online Purchase,12.0,Mobile,Miami,4,33,4,Credit Card,1
3249.41,Bank Transfer,20.0,Tablet,Houston,4,115,1,Debit Card,1
1204.95,Bill Payment,17.0,Tablet,Los Angeles,4,63,11,UPI,1
3301.99,ATM Withdrawal,6.0,Mobile,Boston,1,9,9,UPI,1
3283.28,POS Payment,16.0,Tablet,Houston,0,113,8,UPI,1
1183.55,ATM Withdrawal,10.0,Desktop,San Francisco,4,91,1,UPI,1
4042.66,Bill Payment,18.0,Tablet,San Francisco,1,106,4,Credit Card,1
263.89,Bill Payment,18.0,Desktop,San Francisco,4,92,9,UPI,1
3654.5,Online Purchase,21.0,Tablet,Houston,0,90,4,Net Banking,1
4748.57,Bank Transfer,23.0,Unknown Device,Houston,1,19,14,UPI,1
3218.7,Bank Transfer,13.0,Tablet,Miami,1,83,2,Credit Card,1
1011.33,Online Purchase,13.0,Tablet,Boston,2,90,10,Credit Card,1
2790.74,Bill Payment,13.0,Desktop,Los Angeles,0,89,9,Net Banking,1
3405.56,ATM Withdrawal,11.0,Tablet,Seattle,2,116,5,Net Banking,1
1944.92,Bill Payment,16.0,Mobile,New York,1,117,5,Debit Card,1
686.58,ATM Withdrawal,22.0,Tablet,Chicago,4,80,13,UPI,1
4108.5,Bank Transfer,10.0,Mobile,Seattle,1,110,4,Net Banking,1
759.75,POS Payment,19.0,Desktop,Chicago,3,13,13,Net Banking,1
319.24,Online Purchase,15.0,Mobile,Boston,2,86,5,Credit Card,1
4999.7,Bank Transfer,21.0,Desktop,New York,4,12,3,Net Banking,1
2066.51,Bank Transfer,5.0,Tablet,Chicago,0,82,5,Credit Card,1
3958.74,Bill Payment,19.0,Desktop,San Francisco,4,84,9,Credit Card,1
3881.14,POS Payment,5.0,Mobile,Chicago,4,31,8,Net Banking,1
4439.77,ATM Withdrawal,15.0,Mobile,Chicago,0,100,3,Debit Card,1
455.25,Online Purchase,16.0,Mobile,Los Angeles,2,41,9,Net Banking,1
782.02,Bill Payment,23.0,Tablet,Miami,3,43,5,Credit Card,1
4383.61,Bill Payment,18.0,Tablet,San Francisco,2,72,4,Net Banking,1
2641.24,Bank Transfer,20.0,Tablet,Boston,2,33,12,UPI,1
3754.3,Bill Payment,20.0,Unknown Device,Los Angeles,4,50,14,Debit Card,1
1168.37,Bank Transfer,16.0,Mobile,Miami,0,17,4,Net Banking,1
3804.53,Bank Transfer,15.0,Tablet,Miami,1,61,11,Net Banking,1
2541.78,Bill Payment,12.0,Mobile,Boston,0,36,14,UPI,1
2222.45,ATM Withdrawal,0.0,Desktop,Chicago,2,70,10,Net Banking,1
511.04,ATM Withdrawal,19.0,Desktop,Chicago,3,107,10,Credit Card,1
2671.71,Bank Transfer,17.0,Desktop,Chicago,0,6,14,Debit Card,1
910.04,POS Payment,6.0,Tablet,Boston,3,77,13,Net Banking,1
3113.12,Online Purchase,14.0,Desktop,Los Angeles,3,39,13,Debit Card,1
3483.87,Bank Transfer,16.0,Tablet,Houston,2,16,5,Credit Card,1
2997.5,Bank Transfer,5.0,Tablet,Houston,0,22,4,UPI,1
924.7,Bill Payment,7.0,Tablet,Houston,3,99,9,Debit Card,1
2868.76,Online Purchase,18.0,Desktop,Los Angeles,4,18,11,Debit Card,1
751.68,Bill Payment,12.0,Tablet,Los Angeles,3,52,1,UPI,1
1431.42,Bank Transfer,14.0,Mobile,Boston,3,73,5,Net Banking,1
4020.95,Online Purchase,22.0,Desktop,Houston,2,33,12,UPI,1
156.86,POS Payment,11.0,Tablet,Boston,1,77,5,Net Banking,1
2548.84,POS Payment,13.0,Desktop,Chicago,4,41,13,Debit Card,1
2114.48,Bill Payment,7.0,Tablet,Los Angeles,1,102,3,Net Banking,1
2046.68,Online Purchase,12.0,Tablet,Miami,1,13,4,Debit Card,1
2036.29,ATM Withdrawal,13.0,Tablet,Miami,1,54,1,Net Banking,1
376.14,Bank Transfer,21.0,Tablet,New York,1,66,6,UPI,1
1681.55,Online Purchase,19.0,Tablet,San Francisco,2,115,3,Invalid Method,1
60.94,Online Purchase,8.0,Tablet,Miami,1,82,3,Credit Card,1
3185.76,Bill Payment,9.0,Mobile,New York,0,104,7,Net Banking,1
1344.68,Bill Payment,9.0,Desktop,Boston,2,114,5,Net Banking,1
2377.46,Online Purchase,20.0,Desktop,Los Angeles,0,34,1,Debit Card,1
2318.09,Bank Transfer,10.0,Mobile,New York,1,118,1,Debit Card,1
443.46,Bill Payment,23.0,Mobile,Boston,4,80,10,Debit Card,1
3854.1,Bank Transfer,16.0,Tablet,Chicago,4,48,8,Debit Card,1
1251.23,Bill Payment,8.0,Mobile,Boston,2,118,2,Debit Card,1
4145.1,ATM Withdrawal,1.0,Desktop,Chicago,1,12,3,Credit Card,1
3992.64,ATM Withdrawal,20.0,Mobile,Chicago,0,21,14,UPI,1
4764.41,Bank Transfer,22.0,Desktop,Houston,0,103,3,Credit Card,1
1549.94,Bill Payment,11.0,Mobile,Chicago,0,90,14,Net Banking,1
2901.98,ATM Withdrawal,1.0,Unknown Device,Houston,3,90,5,Debit Card,1
684.12,Bank Transfer,8.0,Desktop,Los Angeles,0,36,1,UPI,1
3719.23,POS Payment,8.0,Mobile,Miami,4,36,2,Debit Card,1
1766.29,POS Payment,15.0,Tablet,Miami,1,71,12,Invalid Method,1
1345.49,Online Purchase,22.0,Tablet,Los Angeles,0,75,14,UPI,1
4208.03,Bill Payment,23.0,Mobile,Boston,3,85,13,Debit Card,1
2159.44,Bank Transfer,6.0,Tablet,Boston,1,119,8,Debit Card,1
3981.56,Bill Payment,16.0,Tablet,Chicago,1,6,7,Credit Card,1
2898.35,Online Purchase,10.0,Desktop,Miami,1,76,5,Net Banking,1
800.54,POS Payment,17.0,Desktop,Boston,4,45,1,Debit Card,1
2275.61,ATM Withdrawal,23.0,Desktop,Houston,3,75,7,Net Banking,1
1064.53,Bill Payment,0.0,Mobile,Boston,0,107,8,Credit Card,1
1345.15,ATM Withdrawal,17.0,Desktop,Chicago,4,86,4,UPI,1
3526.35,POS Payment,5.0,Mobile,Houston,0,102,8,Net Banking,1
2055.67,ATM Withdrawal,14.0,Desktop,Chicago,1,101,7,Credit Card,1
4524.74,POS Payment,2.0,Mobile,Los Angeles,4,60,5,Net Banking,1
406.14,Bank Transfer,18.0,Tablet,New York,3,41,4,Credit Card,1
1049.83,ATM Withdrawal,9.0,Tablet,Boston,0,94,11,Net Banking,1
2491.42,POS Payment,23.0,Tablet,Chicago,0,101,2,Credit Card,1
3148.05,Online Purchase,11.0,Mobile,Miami,3,30,2,Net Banking,1
2079.74,Bill Payment,20.0,Mobile,Boston,4,48,7,Net Banking,1
4695.59,Online Purchase,8.0,Tablet,Chicago,0,21,10,Credit Card,1
1459.56,POS Payment,17.0,Tablet,Boston,0,115,10,Invalid Method,1
2825.69,Online Purchase,8.0,Desktop,Chicago,3,33,10,Debit Card,1
920.7,ATM Withdrawal,11.0,Tablet,San Francisco,1,94,2,Debit Card,1
2227.52,Bill Payment,17.0,Tablet,San Francisco,0,20,4,UPI,1
2936.33,POS Payment,23.0,Desktop,Miami,1,67,11,Net Banking,1
1502.55,Online Purchase,13.0,Tablet,Los Angeles,3,88,1,Credit Card,1
3470.84,Online Purchase,8.0,Tablet,Miami,0,82,1,Credit Card,1
3032.75,POS Payment,11.0,Desktop,Chicago,1,10,8,Credit Card,1
2198.86,ATM Withdrawal,17.0,Tablet,Miami,4,60,14,Net Banking,1
3537.51,Online Purchase,8.0,Desktop,Chicago,1,37,7,Debit Card,1
2662.55,Bank Transfer,10.0,Desktop,San Francisco,3,78,2,Credit Card,1
1436.03,POS Payment,22.0,Tablet,Los Angeles,0,108,7,Debit Card,1
4134.77,Bank Transfer,20.0,Mobile,Seattle,2,96,2,Debit Card,1
1286.6,ATM Withdrawal,17.0,Mobile,Boston,2,117,5,Net Banking,1
3106.71,Online Purchase,13.0,Desktop,Chicago,3,57,1,Invalid Method,1
4281.58,Bill Payment,22.0,Mobile,Chicago,2,51,11,Debit Card,1
4031.11,ATM Withdrawal,4.0,Unknown Device,Los Angeles,3,72,9,UPI,1
4124.39,POS Payment,13.0,Mobile,Los Angeles,1,19,5,Debit Card,1
4649.42,Online Purchase,13.0,Mobile,Boston,0,48,4,Debit Card,1
1064.53,Bill Payment,4.0,Desktop,Chicago,3,69,10,Debit Card,1
4139.61,Bill Payment,18.0,Desktop,Chicago,2,26,13,Debit Card,1
1780.28,Online Purchase,19.0,Desktop,Miami,0,6,9,Debit Card,1
190.25,ATM Withdrawal,19.0,Desktop,Chicago,2,63,7,UPI,1
4573.07,ATM Withdrawal,2.0,Tablet,Houston,4,112,11,Debit Card,1
49.65,Bank Transfer,12.0,Mobile,Houston,0,103,12,Debit Card,1
4810.84,Online Purchase,6.0,Mobile,Chicago,1,17,10,Net Banking,1
2524.15,ATM Withdrawal,11.0,Mobile,Chicago,4,87,11,Debit Card,1
38.42,Online Purchase,11.0,Desktop,Houston,3,11,2,Net Banking,1
2009.01,POS Payment,7.0,Tablet,Houston,0,29,4,Debit Card,1
4412.98,Online Purchase,14.0,Mobile,New York,3,113,8,Debit Card,1
2274.42,ATM Withdrawal,1.0,Tablet,Chicago,4,104,4,Debit Card,1
2274.66,POS Payment,7.0,Tablet,San Francisco,4,108,2,Debit Card,1
2840.37,Bill Payment,9.0,Mobile,Houston,2,20,1,Net Banking,1
791.28,Online Purchase,7.0,Tablet,Chicago,0,59,13,Credit Card,1
3903.13,ATM Withdrawal,19.0,Mobile,Chicago,0,57,1,Credit Card,1
3535.37,POS Payment,20.0,Tablet,Miami,2,67,11,Invalid Method,1
3016.56,Bank Transfer,22.0,Mobile,Los Angeles,3,102,3,Credit Card,1
398.68,Online Purchase,7.0,Tablet,Los Angeles,2,92,2,Credit Card,1
3110.75,ATM Withdrawal,18.0,Tablet,New York,4,1,5,Net Banking,1
812.83,Bank Transfer,8.0,Desktop,Boston,3,54,2,Debit Card,1
2756.22,Online Purchase,12.0,Mobile,Houston,4,34,9,Debit Card,1
2572.64,POS Payment,3.0,Mobile,Los Angeles,1,28,2,Debit Card,1
2418.66,ATM Withdrawal,8.0,Mobile,Chicago,0,93,14,Credit Card,1
510.1,Bank Transfer,12.0,Tablet,Miami,0,115,11,Debit Card,1
1980.46,ATM Withdrawal,19.0,Desktop,Houston,4,119,9,UPI,1
2849.13,Bank Transfer,19.0,Mobile,Miami,0,22,7,Credit Card,1
3197.52,Online Purchase,12.0,Desktop,Miami,2,50,8,UPI,1
254.71,Online Purchase,2.0,Unknown Device,Boston,4,74,8,UPI,1
2486.79,Bank Transfer,23.0,Mobile,San Francisco,1,12,2,Net Banking,1
1438.07,Online Purchase,16.0,Desktop,Miami,3,95,6,Debit Card,1
932.21,Bill Payment,19.0,Desktop,Boston,2,108,8,Net Banking,1
3782.83,POS Payment,23.0,Tablet,Los Angeles,2,1,8,Debit Card,1
3496.22,POS Payment,20.0,Tablet,New York,4,1,4,Net Banking,1
2566.01,Online Purchase,1.0,Mobile,Chicago,4,90,12,Credit Card,1
582.29,Bank Transfer,11.0,Desktop,Miami,3,91,11,UPI,1
2242.69,Online Purchase,0.0,Desktop,Chicago,4,114,7,Net Banking,1
2766.04,ATM Withdrawal,5.0,Mobile,Boston,4,110,13,Invalid Method,1
4964.32,Bank Transfer,10.0,Mobile,Chicago,4,22,12,Debit Card,1
49997.8,Bill Payment,9.0,Desktop,Chicago,2,71,12,Credit Card,1
4564.13,Bank Transfer,3.0,Mobile,Los Angeles,2,118,7,Debit Card,1
92.74,Bill Payment,12.0,Tablet,Miami,2,94,9,Net Banking,1
1896.01,POS Payment,11.0,Tablet,Chicago,1,70,2,Net Banking,1
2290.4,Bank Transfer,15.0,Tablet,Miami,3,64,10,Debit Card,1
4234.32,Bill Payment,21.0,Mobile,Miami,3,71,1,UPI,1
361.84,Bank Transfer,19.0,Mobile,Miami,2,40,6,Credit Card,1
1451.12,Online Purchase,15.0,Mobile,Los Angeles,1,92,6,UPI,1
527.74,Online Purchase,18.0,Mobile,Houston,4,36,2,Invalid Method,1
1022.36,Bill Payment,23.0,Tablet,Miami,4,23,11,UPI,1
2444.07,Bank Transfer,0.0,Tablet,Houston,2,115,12,UPI,1
1053.08,POS Payment,8.0,Desktop,Chicago,3,102,10,UPI,1
299.22,Bill Payment,22.0,Mobile,Miami,2,11,9,Debit Card,1
4493.2,ATM Withdrawal,17.0,Desktop,Houston,0,51,4,Debit Card,1
1696.21,Bank Transfer,13.0,Tablet,Miami,3,87,7,UPI,1
2900.97,Bank Transfer,20.0,Desktop,Miami,3,69,1,UPI,1
983.68,Online Purchase,19.0,Tablet,Los Angeles,4,97,13,Credit Card,1
3317.21,Online Purchase,5.0,Desktop,Los Angeles,0,114,10,Net Banking,1
1533.28,ATM Withdrawal,7.0,Tablet,Los Angeles,1,119,2,Debit Card,1
531.83,Online Purchase,15.0,Mobile,Chicago,2,67,6,Credit Card,1
825.27,Online Purchase,19.0,Tablet,Seattle,1,63,5,UPI,1
3147.22,Bank Transfer,16.0,Mobile,Los Angeles,2,2,5,Debit Card,1
4066.81,ATM Withdrawal,12.0,Desktop,Los Angeles,3,78,11,Debit Card,1
3603.27,POS Payment,22.0,Tablet,Los Angeles,3,90,6,Debit Card,1
53.4,Bank Transfer,23.0,Desktop,Chicago,0,17,12,Credit Card,1
1043.39,Online Purchase,0.0,Tablet,Boston,1,52,9,Debit Card,1
854.79,Online Purchase,19.0,Mobile,Boston,1,97,2,Net Banking,1
4472.72,Bank Transfer,17.0,Mobile,New York,0,23,2,Net Banking,1
4285.37,ATM Withdrawal,12.0,Desktop,Boston,3,91,14,Debit Card,1
3041.19,Online Purchase,11.0,Tablet,Los Angeles,4,44,3,UPI,1
2161.57,POS Payment,16.0,Desktop,Chicago,4,116,12,UPI,1
1478.22,Bill Payment,11.0,Tablet,Chicago,1,58,7,Debit Card,1
3438.1,ATM Withdrawal,10.0,Desktop,New York,3,115,3,UPI,1
2662.55,Bank Transfer,2.0,Tablet,Houston,3,32,4,Net Banking,1
2860.47,POS Payment,2.0,Desktop,Miami,3,90,4,UPI,1
324.88,Bill Payment,9.0,Mobile,Boston,2,46,12,UPI,1
2458.15,Bank Transfer,23.0,Mobile,Chicago,2,14,7,Credit Card,1
1586.52,Bank Transfer,23.0,Mobile,Houston,2,113,8,Credit Card,1
4618.76,Online Purchase,16.0,Mobile,Houston,3,17,6,Invalid Method,1
3038.15,Online Purchase,18.0,Desktop,New York,0,42,9,Debit Card,1
3090.55,Online Purchase,22.0,Tablet,New York,2,23,7,UPI,1
149.03,Bank Transfer,17.0,Tablet,Boston,4,51,5,UPI,1
1405.31,Bank Transfer,2.0,Desktop,Boston,1,114,10,Net Banking,1
4305.63,Bank Transfer,17.0,Desktop,Boston,0,95,3,Debit Card,1
4113.51,ATM Withdrawal,17.0,Tablet,New York,3,87,7,Debit Card,1
770.53,ATM Withdrawal,19.0,Desktop,Seattle,2,102,3,Net Banking,1
1743.28,Online Purchase,13.0,Tablet,Houston,1,46,14,UPI,1
3408.53,Bank Transfer,20.0,Desktop,Boston,1,2,4,Debit Card,1
4144.23,Online Purchase,6.0,Tablet,Boston,3,52,10,Net Banking,1
3306.9,ATM Withdrawal,7.0,Desktop,Boston,2,19,6,Credit Card,1
4768.01,POS Payment,16.0,Mobile,Boston,2,15,13,Net Banking,1
2834.96,Bill Payment,19.0,Mobile,Boston,1,54,12,Net Banking,1
4723.2,Bank Transfer,21.0,Desktop,Seattle,3,37,1,Credit Card,1
1824.64,ATM Withdrawal,8.0,Mobile,New York,4,110,4,Debit Card,1
1068.1,POS Payment,6.0,Tablet,Los Angeles,0,87,5,Credit Card,1
4230.01,Bill Payment,9.0,Tablet,Houston,3,104,5,Invalid Method,1
3181.32,Online Purchase,19.0,Mobile,Houston,0,96,10,UPI,1
4326.39,Online Purchase,14.0,Tablet,Seattle,1,71,5,Credit Card,1
1544.79,POS Payment,15.0,Tablet,Los Angeles,1,82,8,Credit Card,1
3189.81,Bank Transfer,13.0,Mobile,Chicago,1,75,4,Invalid Method,1
432.72,Online Purchase,17.0,Desktop,Chicago,0,95,6,Credit Card,1
3995.97,Online Purchase,17.0,Desktop,New York,4,10,4,Debit Card,1
4485.95,ATM Withdrawal,23.0,Tablet,San Francisco,0,39,11,Net Banking,1
2650.47,ATM Withdrawal,0.0,Desktop,Miami,2,107,5,Net Banking,1
1115.44,Bank Transfer,19.0,Mobile,Los Angeles,2,106,10,UPI,1
2568.2,Bill Payment,9.0,Mobile,Boston,4,29,5,UPI,1
4507.0,ATM Withdrawal,17.0,Desktop,Chicago,3,17,10,Credit Card,1
3836.51,ATM Withdrawal,12.0,Tablet,Boston,4,84,2,UPI,1
49997.8,POS Payment,3.0,Desktop,Seattle,1,85,6,UPI,1
4128.54,Bank Transfer,23.0,Tablet,San Francisco,1,79,13,UPI,1
4707.99,Online Purchase,15.0,Desktop,San Francisco,3,60,4,Debit Card,1
3084.41,ATM Withdrawal,8.0,Tablet,Houston,0,63,5,UPI,1
508.94,Online Purchase,17.0,Tablet,Boston,3,40,10,Net Banking,1
8.52,Bill Payment,13.0,Tablet,Los Angeles,2,23,3,Credit Card,1
2497.82,Online Purchase,13.0,Desktop,Los Angeles,2,37,7,Credit Card,1
534.36,Online Purchase,16.0,Desktop,Chicago,3,70,12,Net Banking,1
1086.9,Bank Transfer,15.0,Tablet,Houston,4,56,4,Debit Card,1
1054.12,ATM Withdrawal,19.0,Mobile,Miami,4,75,2,Net Banking,1
576.74,ATM Withdrawal,12.0,Desktop,Chicago,3,74,2,UPI,1
4400.19,Bill Payment,15.0,Mobile,Houston,2,47,14,Credit Card,1
4605.05,ATM Withdrawal,15.0,Tablet,Boston,0,1,8,UPI,1
2269.53,POS Payment,17.0,Mobile,Miami,1,106,14,Net Banking,1
4229.36,ATM Withdrawal,3.0,Desktop,Boston,2,13,1,Debit Card,1
3534.51,Bill Payment,14.0,Tablet,Los Angeles,2,98,1,Net Banking,1
681.31,POS Payment,7.0,Mobile,Miami,0,82,4,Debit Card,1
2532.59,Online Purchase,17.0,Desktop,Los Angeles,2,63,3,UPI,1
1557.06,Bill Payment,9.0,Desktop,Boston,1,29,13,Net Banking,1
879.27,POS Payment,22.0,Desktop,Chicago,4,78,7,Credit Card,1
3716.37,POS Payment,18.0,Desktop,San Francisco,0,52,1,UPI,1
27.92,POS Payment,23.0,Mobile,Houston,4,117,10,Debit Card,1
4210.92,POS Payment,14.0,Mobile,Los Angeles,3,3,9,Net Banking,1
3234.97,Bank Transfer,5.0,Desktop,New York,0,94,1,Debit Card,1
4356.9,Online Purchase,7.0,Tablet,New York,4,84,6,Credit Card,1
3072.89,Bill Payment,15.0,Desktop,Houston,2,111,4,UPI,1
1066.95,Online Purchase,20.0,Tablet,Los Angeles,4,24,1,Net Banking,1
3983.37,POS Payment,23.0,Mobile,Miami,3,78,11,Debit Card,1
4932.64,Bank Transfer,13.0,Mobile,Los Angeles,1,20,8,Debit Card,1
2197.74,Online Purchase,5.0,Desktop,Miami,2,106,5,Credit Card,1
3279.72,ATM Withdrawal,18.0,Desktop,Los Angeles,2,64,8,UPI,1
1482.08,POS Payment,19.0,Tablet,Houston,3,44,10,Debit Card,1
4575.82,Bill Payment,14.0,Mobile,Los Angeles,2,56,3,UPI,1
191.87,Online Purchase,22.0,Tablet,Chicago,2,78,14,UPI,1
1347.28,Online Purchase,18.0,Mobile,Miami,3,38,4,UPI,1
4475.51,Bank Transfer,21.0,Tablet,Los Angeles,1,79,4,UPI,1
2253.49,ATM Withdrawal,13.0,Desktop,Houston,4,24,9,Credit Card,1
759.67,Bill Payment,8.0,Tablet,Chicago,4,92,12,Net Banking,1
3007.25,Online Purchase,18.0,Tablet,Miami,2,73,13,Credit Card,1
3599.54,Online Purchase,9.0,Desktop,Houston,2,26,2,Debit Card,1
3036.97,Bill Payment,21.0,Mobile,San Francisco,1,52,5,UPI,1
2662.45,POS Payment,15.0,Tablet,Los Angeles,1,55,10,Credit Card,1
2858.77,ATM Withdrawal,10.0,Mobile,Boston,1,5,1,Invalid Method,1
804.46,Online Purchase,18.0,Desktop,San Francisco,4,99,11,Credit Card,1
3460.25,ATM Withdrawal,12.0,Tablet,Los Angeles,3,67,12,Credit Card,1
2928.63,POS Payment,6.0,Desktop,Houston,3,29,4,Credit Card,1
3977.78,ATM Withdrawal,22.0,Mobile,San Francisco,1,81,8,Credit Card,1
213.03,POS Payment,4.0,Mobile,Los Angeles,0,112,6,Credit Card,1
2761.11,Bank Transfer,16.0,Desktop,New York,1,111,3,Credit Card,1
1501.14,ATM Withdrawal,4.0,Desktop,Houston,1,118,7,Debit Card,1
1026.89,POS Payment,22.0,Mobile,Houston,1,103,1,UPI,1
2642.28,Bill Payment,13.0,Desktop,Chicago,2,66,12,Credit Card,1
4350.86,Bank Transfer,0.0,Tablet,Chicago,0,35,8,Net Banking,1
3891.75,ATM Withdrawal,17.0,Desktop,Seattle,0,28,3,Credit Card,1
295.5,Bill Payment,8.0,Tablet,Chicago,4,69,1,UPI,1
4242.92,Online Purchase,18.0,Mobile,San Francisco,2,111,2,UPI,1
271.47,POS Payment,15.0,Desktop,Chicago,0,88,4,Debit Card,1
1127.96,Bill Payment,18.0,Tablet,Boston,4,29,5,UPI,1
1746.33,Bill Payment,19.0,Tablet,Houston,3,24,5,UPI,1
227.47,POS Payment,17.0,Tablet,New York,3,84,1,Debit Card,1
1134.39,ATM Withdrawal,12.0,Tablet,Houston,0,86,10,Net Banking,1
3806.61,ATM Withdrawal,8.0,Mobile,Miami,3,84,10,Credit Card,1
380.78,Bill Payment,16.0,Tablet,Boston,0,57,11,Debit Card,1
3453.73,POS Payment,20.0,Mobile,Boston,4,6,11,Net Banking,1
141.01,Online Purchase,7.0,Tablet,Chicago,1,93,13,Net Banking,1
541.06,ATM Withdrawal,21.0,Desktop,New York,4,103,12,Debit Card,1
3223.6,POS Payment,8.0,Mobile,Houston,3,2,6,Credit Card,1
1278.87,Bank Transfer,17.0,Mobile,Houston,4,34,7,Net Banking,1
3845.71,Bank Transfer,6.0,Unknown Device,Houston,2,114,12,Credit Card,1
3928.76,POS Payment,8.0,Desktop,Houston,0,17,10,Credit Card,1
3604.48,POS Payment,19.0,Desktop,Miami,0,1,7,Debit Card,1
1285.29,ATM Withdrawal,14.0,Tablet,San Francisco,2,105,3,Credit Card,1
4095.72,Bill Payment,21.0,Mobile,Houston,1,108,3,Debit Card,1
562.8,Bank Transfer,12.0,Desktop,Houston,1,106,12,Net Banking,1
2969.8,POS Payment,12.0,Mobile,Boston,2,19,14,Credit Card,1
3684.07,Online Purchase,13.0,Mobile,Miami,3,107,9,UPI,1
704.36,ATM Withdrawal,13.0,Mobile,Houston,3,59,6,Debit Card,1
1049.38,POS Payment,16.0,Unknown Device,Houston,2,8,10,Net Banking,1
2217.31,Bank Transfer,18.0,Mobile,Chicago,0,60,11,Credit Card,1
4161.87,Bill Payment,3.0,Desktop,Houston,2,80,3,Credit Card,1
3557.96,Online Purchase,16.0,Unknown Device,Houston,1,16,3,Net Banking,1
3863.76,Bank Transfer,7.0,Mobile,Los Angeles,2,56,9,Net Banking,1
1646.9,Bank Transfer,19.0,Tablet,New York,0,53,10,UPI,1
1416.7,Online Purchase,20.0,Tablet,Boston,4,53,7,Credit Card,1
4232.99,ATM Withdrawal,12.0,Desktop,Seattle,2,112,2,UPI,1
1053.1,POS Payment,15.0,Tablet,Houston,2,27,9,UPI,1
1721.94,Bank Transfer,14.0,Tablet,New York,4,68,4,UPI,1
1533.61,Bank Transfer,14.0,Mobile,Chicago,0,116,3,Credit Card,1
1107.02,POS Payment,5.0,Desktop,Chicago,1,102,14,Net Banking,1
1092.6,Bill Payment,9.0,Desktop,Boston,2,81,1,Debit Card,1
624.79,Bank Transfer,22.0,Tablet,Los Angeles,0,96,3,UPI,1
3160.33,ATM Withdrawal,22.0,Desktop,San Francisco,4,15,2,Credit Card,1
451.67,Online Purchase,12.0,Mobile,Boston,0,58,11,UPI,1
683.39,Bill Payment,12.0,Tablet,Los Angeles,4,107,7,Debit Card,1
4565.09,Bank Transfer,23.0,Tablet,Los Angeles,4,18,5,Debit Card,1
1462.65,ATM Withdrawal,15.0,Mobile,Boston,0,98,11,Net Banking,1
2110.42,ATM Withdrawal,21.0,Desktop,Houston,2,58,5,Credit Card,1
1134.43,Bank Transfer,11.0,Mobile,Boston,4,24,13,Debit Card,1
2990.25,ATM Withdrawal,8.0,Mobile,Boston,1,112,5,Debit Card,1
1919.5,Online Purchase,0.0,Desktop,Houston,1,90,7,Invalid Method,1
94.0,Online Purchase,1.0,Desktop,Boston,0,48,3,Credit Card,1
4997.81,Bill Payment,3.0,Tablet,New York,1,102,3,Credit Card,1
4163.16,Bill Payment,12.0,Mobile,Boston,0,79,5,Credit Card,1
4239.73,POS Payment,4.0,Tablet,Chicago,2,76,9,Debit Card,1
3504.91,Online Purchase,16.0,Tablet,Chicago,3,6,1,UPI,1
2207.46,Bill Payment,15.0,Tablet,Los Angeles,4,56,4,UPI,1
2962.64,POS Payment,16.0,Tablet,Houston,4,63,6,UPI,1
3625.52,Online Purchase,17.0,Tablet,Chicago,1,51,4,UPI,1
1835.72,POS Payment,20.0,Tablet,New York,3,95,2,Debit Card,1
976.51,Online Purchase,16.0,Desktop,Los Angeles,2,78,11,Net Banking,1
4716.89,Bank Transfer,13.0,Desktop,New York,2,115,3,Credit Card,1
3194.38,Bank Transfer,3.0,Tablet,Boston,2,77,9,Credit Card,1
4676.6,Bill Payment,19.0,Tablet,Seattle,0,85,2,Debit Card,1
384.25,POS Payment,2.0,Tablet,Houston,2,53,1,Debit Card,1
3761.94,POS Payment,11.0,Desktop,Los Angeles,3,51,3,Debit Card,1
4655.64,Bank Transfer,16.0,Tablet,Chicago,2,45,12,Net Banking,1
3004.12,ATM Withdrawal,7.0,Mobile,Chicago,2,94,14,Credit Card,1
3256.9,Bill Payment,22.0,Tablet,Miami,1,63,11,UPI,1
722.21,POS Payment,13.0,Desktop,Boston,3,62,6,Debit Card,1
4847.17,Online Purchase,4.0,Mobile,Houston,1,80,10,UPI,1
2084.48,ATM Withdrawal,13.0,Tablet,Los Angeles,1,49,3,UPI,1
4271.53,Online Purchase,22.0,Mobile,Boston,4,84,3,Debit Card,1
2714.92,Bill Payment,10.0,Desktop,Los Angeles,1,32,9,Net Banking,1
3258.89,ATM Withdrawal,22.0,Desktop,Houston,2,60,13,UPI,1
1873.11,Bank Transfer,22.0,Tablet,Los Angeles,1,114,13,Debit Card,1
1675.74,Online Purchase,16.0,Desktop,San Francisco,0,93,7,Credit Card,1
2457.71,Online Purchase,7.0,Mobile,Houston,0,25,2,Debit Card,1
734.32,Bank Transfer,10.0,Tablet,Houston,0,94,5,Net Banking,1
3524.3,Bank Transfer,16.0,Mobile,Houston,0,116,8,Debit Card,1
232.83,POS Payment,16.0,Tablet,Los Angeles,1,91,9,UPI,1
2655.12,Bill Payment,4.0,Mobile,Boston,2,108,3,UPI,1
772.84,ATM Withdrawal,21.0,Tablet,Los Angeles,0,26,5,Net Banking,1
2976.56,POS Payment,11.0,Tablet,San Francisco,2,108,6,Debit Card,1
3118.79,ATM Withdrawal,17.0,Tablet,Chicago,4,7,2,Credit Card,1
4716.89,ATM Withdrawal,12.0,Tablet,Los Angeles,4,96,6,Credit Card,1
1575.98,Bill Payment,1.0,Tablet,Los Angeles,0,116,1,Debit Card,1
751.02,Bill Payment,20.0,Tablet,Seattle,1,66,7,UPI,1
3432.06,ATM Withdrawal,18.0,Desktop,Miami,2,111,13,Net Banking,1
3985.08,ATM Withdrawal,15.0,Desktop,Chicago,1,92,7,Credit Card,1
4025.25,Online Purchase,11.0,Desktop,Miami,4,112,7,Credit Card,1
1384.34,ATM Withdrawal,16.0,Desktop,Los Angeles,2,7,10,Credit Card,1
403.45,ATM Withdrawal,2.0,Desktop,Houston,1,64,3,Credit Card,1
894.88,Online Purchase,10.0,Desktop,Houston,2,75,9,Credit Card,1
101.8,Bank Transfer,22.0,Desktop,Los Angeles,2,108,11,UPI,1
3831.24,Bill Payment,3.0,Mobile,Houston,3,73,2,Net Banking,1
3310.63,Bank Transfer,6.0,Tablet,New York,4,85,1,Debit Card,1
3248.02,Bill Payment,11.0,Tablet,Boston,2,102,12,Credit Card,1
1320.58,POS Payment,4.0,Tablet,Los Angeles,0,68,5,Net Banking,1
2334.53,Bill Payment,12.0,Tablet,Miami,1,113,1,Credit Card,1
4398.3,ATM Withdrawal,7.0,Mobile,Chicago,3,18,1,Credit Card,1
3500.03,ATM Withdrawal,12.0,Desktop,New York,4,111,1,Net Banking,1
2309.97,Online Purchase,10.0,Mobile,Miami,1,86,5,Net Banking,1
49997.8,ATM Withdrawal,20.0,Desktop,Boston,3,96,1,Debit Card,1
2276.93,ATM Withdrawal,10.0,Mobile,Boston,3,59,7,Net Banking,1
1163.66,Online Purchase,13.0,Desktop,Houston,0,118,5,Credit Card,1
2461.13,Bank Transfer,16.0,Desktop,Miami,3,8,5,Credit Card,1
3614.49,Bill Payment,22.0,Desktop,Chicago,3,28,14,UPI,1
3277.92,ATM Withdrawal,11.0,Mobile,Houston,2,49,5,UPI,1
1344.47,POS Payment,6.0,Mobile,Chicago,4,70,10,Debit Card,1
3827.95,POS Payment,9.0,Desktop,Los Angeles,2,38,2,Net Banking,1
3129.23,POS Payment,8.0,Desktop,Miami,0,92,3,Credit Card,1
3003.36,POS Payment,4.0,Tablet,New York,3,92,3,Credit Card,1
3856.19,Bank Transfer,21.0,Tablet,San Francisco,1,17,3,UPI,1
3500.23,Bank Transfer,12.0,Mobile,Seattle,4,109,4,Debit Card,1
376.7,Bank Transfer,3.0,Desktop,Houston,2,67,1,UPI,1
2606.62,POS Payment,22.0,Desktop,New York,3,60,1,Debit Card,1
3939.16,ATM Withdrawal,10.0,Tablet,New York,3,65,3,Net Banking,1
1067.71,POS Payment,2.0,Mobile,Chicago,1,100,3,UPI,1
4735.56,ATM Withdrawal,20.0,Tablet,New York,0,75,14,Debit Card,1
2083.1,ATM Withdrawal,14.0,Mobile,Chicago,1,74,9,UPI,1
4333.15,Bank Transfer,17.0,Mobile,New York,3,61,7,UPI,1
655.29,Bank Transfer,16.0,Desktop,Houston,1,2,1,Credit Card,1
3601.33,POS Payment,17.0,Tablet,Chicago,4,50,1,Credit Card,1
2103.04,POS Payment,11.0,Desktop,Boston,0,69,3,UPI,1
1513.4,POS Payment,21.0,Mobile,Chicago,4,57,8,Debit Card,1
2455.13,Bank Transfer,19.0,Mobile,Houston,3,28,9,Debit Card,1
2509.59,Bank Transfer,17.0,Tablet,Chicago,2,110,14,Credit Card,1
2293.51,Bill Payment,13.0,Unknown Device,Los Angeles,1,73,11,Net Banking,1
3795.09,Online Purchase,22.0,Tablet,Los Angeles,0,38,9,Net Banking,1
3537.51,Online Purchase,12.0,Tablet,Seattle,0,106,5,Credit Card,1
685.82,Online Purchase,17.0,Mobile,New York,1,39,6,Debit Card,1
49997.8,Bill Payment,18.0,Mobile,Houston,2,33,3,Credit Card,1
3285.37,POS Payment,20.0,Desktop,Houston,1,111,3,Net Banking,1
278.87,Bill Payment,1.0,Mobile,Chicago,4,99,3,Credit Card,1
114.12,Bank Transfer,17.0,Tablet,Chicago,4,45,14,Debit Card,1
1647.03,POS Payment,2.0,Mobile,Houston,1,55,1,Invalid Method,1
2074.33,Online Purchase,3.0,Desktop,Chicago,3,105,5,Debit Card,1
3991.69,Bill Payment,0.0,Tablet,Houston,3,112,2,UPI,1
4899.63,POS Payment,17.0,Desktop,Seattle,2,105,12,UPI,1
49997.8,Bank Transfer,22.0,Mobile,New York,0,68,10,Net Banking,1
3807.02,Bill Payment,11.0,Desktop,Boston,2,109,13,Credit Card,1
1367.08,Bill Payment,18.0,Tablet,Boston,0,1,10,Credit Card,1
4516.55,Bank Transfer,17.0,Tablet,Houston,1,4,3,Credit Card,1
2088.12,Bank Transfer,9.0,Tablet,Boston,4,80,14,Net Banking,1
2153.11,Bank Transfer,20.0,Desktop,Houston,3,119,1,Net Banking,1
2506.24,Online Purchase,18.0,Tablet,New York,2,29,7,Credit Card,1
1514.07,Bill Payment,11.0,Tablet,Boston,3,64,3,Debit Card,1
1241.06,Bank Transfer,15.0,Tablet,Chicago,3,31,12,Credit Card,1
2963.32,ATM Withdrawal,20.0,Desktop,San Francisco,2,10,2,Credit Card,1
2954.65,Bank Transfer,18.0,Tablet,New York,3,110,8,Debit Card,1
1174.93,POS Payment,20.0,Desktop,Los Angeles,4,11,12,Net Banking,1
2634.37,Bill Payment,9.0,Desktop,Chicago,4,116,8,Credit Card,1
4126.6,Bank Transfer,17.0,Desktop,Chicago,4,6,4,Credit Card,1
4746.39,Online Purchase,2.0,Tablet,Boston,4,18,2,Debit Card,1
3224.56,ATM Withdrawal,19.0,Mobile,New York,0,84,13,Credit Card,1
1597.31,Online Purchase,13.0,Desktop,Houston,0,113,14,Credit Card,1
1615.82,Bill Payment,12.0,Desktop,Boston,1,46,6,Credit Card,1
291.28,Bill Payment,9.0,Tablet,Boston,1,52,4,Net Banking,1
4714.92,Bill Payment,7.0,Desktop,San Francisco,3,107,3,Debit Card,1
1112.01,Bank Transfer,17.0,Desktop,Miami,4,12,3,Credit Card,1
2269.3,Bank Transfer,23.0,Tablet,Chicago,2,112,9,Net Banking,1
16.1,Online Purchase,17.0,Tablet,San Francisco,0,60,5,Invalid Method,1
2865.25,POS Payment,18.0,Mobile,Miami,3,56,5,Credit Card,1
3558.72,POS Payment,11.0,Desktop,Chicago,0,62,6,UPI,1
3955.87,ATM Withdrawal,15.0,Desktop,Los Angeles,4,5,5,UPI,1
2258.49,Bank Transfer,18.0,Unknown Device,Miami,1,73,1,Credit Card,1
4442.44,Bank Transfer,13.0,Desktop,Houston,1,82,12,Debit Card,1
1681.06,ATM Withdrawal,10.0,Desktop,Seattle,1,103,1,UPI,1
4337.66,Bank Transfer,16.0,Tablet,Miami,3,20,3,UPI,1
4478.37,Bank Transfer,18.0,Desktop,Chicago,3,88,11,Credit Card,1
1961.15,Online Purchase,22.0,Unknown Device,New York,0,83,2,Net Banking,1
2556.6,POS Payment,22.0,Tablet,Houston,3,59,9,Debit Card,1
3599.95,ATM Withdrawal,13.0,Desktop,Boston,0,14,8,Debit Card,1
67.75,Online Purchase,22.0,Mobile,Chicago,1,71,3,Debit Card,1
4284.16,ATM Withdrawal,0.0,Mobile,Boston,2,33,9,Debit Card,1
1224.35,ATM Withdrawal,16.0,Tablet,San Francisco,0,83,1,Net Banking,1
1972.07,Online Purchase,6.0,Mobile,Chicago,2,6,2,UPI,1
4332.14,Bill Payment,0.0,Desktop,Chicago,1,93,11,Net Banking,1
2002.4,POS Payment,23.0,Tablet,San Francisco,1,22,3,UPI,1
4874.51,Online Purchase,12.0,Tablet,Los Angeles,2,88,1,Net Banking,1
3792.87,ATM Withdrawal,4.0,Mobile,New York,0,106,5,UPI,1
49997.8,ATM Withdrawal,14.0,Mobile,San Francisco,1,58,5,Debit Card,1
2096.17,POS Payment,21.0,Tablet,Los Angeles,3,36,1,UPI,1
2894.14,ATM Withdrawal,1.0,Mobile,Chicago,3,115,12,Net Banking,1
1264.9,POS Payment,17.0,Desktop,Boston,0,58,12,Net Banking,1
4773.95,Bill Payment,22.0,Tablet,Boston,1,65,2,Credit Card,1
910.24,Online Purchase,13.0,Mobile,Miami,4,44,1,Net Banking,1
1932.88,POS Payment,15.0,Desktop,San Francisco,2,88,3,Credit Card,1
2280.97,POS Payment,18.0,Desktop,Los Angeles,0,52,6,Credit Card,1
530.03,Bank Transfer,7.0,Tablet,Houston,2,48,3,Net Banking,1
4169.77,Bill Payment,5.0,Desktop,Chicago,3,97,1,Net Banking,1
4840.35,POS Payment,16.0,Desktop,Seattle,0,33,1,Net Banking,1
153.06,Bank Transfer,1.0,Desktop,Boston,2,91,5,UPI,1
1717.05,POS Payment,13.0,Desktop,Chicago,1,111,4,UPI,1
3438.0,Online Purchase,17.0,Tablet,Seattle,1,102,3,UPI,1
488.88,Bill Payment,13.0,Tablet,Miami,0,82,7,Net Banking,1
4035.89,ATM Withdrawal,10.0,Tablet,Boston,0,116,10,Debit Card,1
3147.53,POS Payment,18.0,Desktop,Houston,3,111,7,Credit Card,1
2950.14,ATM Withdrawal,6.0,Desktop,Boston,1,20,11,UPI,1
1273.48,POS Payment,7.0,Mobile,Boston,0,104,8,Credit Card,1
4244.19,ATM Withdrawal,17.0,Tablet,San Francisco,1,96,14,UPI,1
265.39,Online Purchase,1.0,Tablet,Boston,2,98,14,Debit Card,1
150.84,Bill Payment,21.0,Mobile,San Francisco,3,94,6,Debit Card,1
3524.86,ATM Withdrawal,3.0,Tablet,Boston,1,72,3,Credit Card,1
4367.74,Bill Payment,22.0,Mobile,New York,3,85,14,UPI,1
3446.52,Bank Transfer,15.0,Desktop,Houston,3,56,9,UPI,1
4810.77,Bill Payment,1.0,Mobile,Houston,1,75,10,UPI,1
3392.07,Bank Transfer,18.0,Mobile,Chicago,0,112,3,UPI,1
4848.68,POS Payment,10.0,Desktop,Chicago,1,58,1,UPI,1
2829.67,ATM Withdrawal,17.0,Desktop,Chicago,1,47,6,Credit Card,1
912.58,Online Purchase,7.0,Desktop,Boston,3,28,7,UPI,1
3598.58,Bill Payment,2.0,Mobile,Chicago,2,94,2,UPI,1
2688.63,POS Payment,22.0,Mobile,New York,0,81,9,Credit Card,1
1030.26,POS Payment,22.0,Mobile,Boston,2,66,6,Credit Card,1
4862.93,ATM Withdrawal,1.0,Mobile,Chicago,3,20,5,Invalid Method,1
2868.89,Online Purchase,7.0,Tablet,Chicago,1,52,9,UPI,1
4105.57,Online Purchase,20.0,Tablet,Boston,2,13,12,Credit Card,1
1869.33,Bank Transfer,12.0,Tablet,New York,3,93,9,Debit Card,1
1748.02,Bank Transfer,14.0,Mobile,Miami,4,91,5,Net Banking,1
3322.42,Bill Payment,16.0,Mobile,Chicago,0,91,7,Debit Card,1
1857.0,POS Payment,19.0,Tablet,New York,3,117,14,Debit Card,1
599.66,Online Purchase,1.0,Desktop,Houston,3,46,2,Credit Card,1
685.83,POS Payment,23.0,Tablet,Miami,1,98,9,UPI,1
3231.14,Online Purchase,7.0,Desktop,San Francisco,4,119,3,Credit Card,1
4174.49,Bank Transfer,11.0,Tablet,Miami,0,48,10,Net Banking,1
1852.41,Online Purchase,16.0,Desktop,Miami,0,86,5,Credit Card,1
2245.41,Bank Transfer,22.0,Desktop,Miami,1,41,4,Credit Card,1
2327.92,Bank Transfer,19.0,Desktop,New York,0,63,13,Credit Card,1
626.56,POS Payment,13.0,Tablet,Los Angeles,1,45,5,Debit Card,1
2413.33,POS Payment,16.0,Mobile,Miami,0,38,9,UPI,1
4330.68,POS Payment,22.0,Desktop,San Francisco,0,115,5,Debit Card,1
116.71,Bank Transfer,11.0,Mobile,Chicago,2,92,2,Debit Card,1
2031.38,POS Payment,2.0,Mobile,Boston,2,109,11,Net Banking,1
4714.96,POS Payment,9.0,Tablet,Houston,3,26,2,Debit Card,1
3996.9,Online Purchase,13.0,Tablet,New York,0,105,6,UPI,1
4805.56,Bank Transfer,15.0,Tablet,Chicago,2,2,3,Debit Card,1
2167.14,ATM Withdrawal,8.0,Tablet,Miami,1,67,6,Credit Card,1
49997.8,Bill Payment,23.0,Tablet,San Francisco,2,14,9,UPI,1
1073.42,Bank Transfer,11.0,Mobile,Miami,4,112,10,UPI,1
2770.76,ATM Withdrawal,2.0,Tablet,Boston,0,106,6,Credit Card,1
49997.8,Bank Transfer,2.0,Desktop,New York,0,9,12,Credit Card,1
3906.23,Bill Payment,14.0,Tablet,Boston,1,54,1,Net Banking,1
1646.37,Bank Transfer,3.0,Desktop,Chicago,2,100,14,Debit Card,1
3172.91,Bill Payment,5.0,Mobile,Houston,1,49,6,Net Banking,1
2113.12,Bank Transfer,20.0,Desktop,Miami,0,92,1,UPI,1
4917.79,Online Purchase,8.0,Mobile,Boston,2,109,4,UPI,1
4809.67,ATM Withdrawal,18.0,Tablet,Chicago,3,40,13,UPI,1
795.19,ATM Withdrawal,5.0,Tablet,Chicago,2,36,1,Net Banking,1
397.64,Online Purchase,23.0,Desktop,Boston,0,119,8,Net Banking,1
2457.88,ATM Withdrawal,8.0,Mobile,Chicago,0,88,2,UPI,1
153.24,ATM Withdrawal,15.0,Mobile,Chicago,2,101,1,Net Banking,1
1399.33,Bank Transfer,5.0,Tablet,Miami,4,111,8,Invalid Method,1
34.9,POS Payment,21.0,Mobile,Boston,4,58,5,Credit Card,1
1736.89,ATM Withdrawal,8.0,Mobile,Chicago,0,67,14,UPI,1
2502.69,Bill Payment,5.0,Tablet,Houston,4,56,2,Net Banking,1
966.71,Bank Transfer,17.0,Tablet,Los Angeles,3,50,7,Credit Card,1
1074.13,ATM Withdrawal,17.0,Tablet,Boston,3,111,14,Debit Card,1
3054.61,Online Purchase,5.0,Tablet,Chicago,4,54,4,Net Banking,1
4442.66,Bill Payment,6.0,Mobile,New York,0,60,3,Net Banking,1
2142.11,Bank Transfer,11.0,Mobile,Los Angeles,4,105,2,Net Banking,1
2355.33,POS Payment,1.0,Unknown Device,Houston,3,102,3,UPI,1
3225.68,Bank Transfer,17.0,Mobile,Seattle,0,72,7,Credit Card,1
2348.92,ATM Withdrawal,23.0,Desktop,Chicago,2,57,13,Credit Card,1
531.85,ATM Withdrawal,4.0,Desktop,Boston,1,118,9,Net Banking,1
969.59,Bank Transfer,17.0,Desktop,Miami,2,111,13,Net Banking,1
1557.69,Bill Payment,14.0,Tablet,Houston,2,36,2,Credit Card,1
249.35,Bill Payment,19.0,Mobile,Boston,2,101,12,Credit Card,1
4084.35,Bill Payment,18.0,Tablet,Miami,0,98,7,Credit Card,1
3364.84,Bank Transfer,11.0,Tablet,Houston,0,79,12,Net Banking,1
2050.12,Online Purchase,23.0,Mobile,New York,0,106,4,UPI,1
3052.8,Online Purchase,3.0,Desktop,Boston,2,69,3,Net Banking,1
1504.55,Bank Transfer,9.0,Mobile,Chicago,2,104,9,Net Banking,1
4498.24,Bill Payment,17.0,Tablet,Houston,2,92,2,Credit Card,1
4255.68,Bill Payment,12.0,Mobile,Boston,2,77,1,UPI,1
1668.56,Online Purchase,19.0,Desktop,San Francisco,0,58,9,Credit Card,1
4378.01,POS Payment,14.0,Mobile,Houston,1,26,8,UPI,1
1891.0,Bank Transfer,22.0,Tablet,Los Angeles,0,76,1,UPI,1
2877.88,Bill Payment,9.0,Tablet,Miami,1,89,9,Net Banking,1
4256.12,POS Payment,17.0,Desktop,New York,0,97,1,Debit Card,1
2768.04,Online Purchase,20.0,Desktop,Miami,0,49,7,Net Banking,1
951.52,POS Payment,4.0,Tablet,Boston,4,88,5,UPI,1
4819.56,ATM Withdrawal,1.0,Mobile,Boston,3,53,12,Net Banking,1
4932.64,Bank Transfer,13.0,Mobile,Chicago,2,114,10,Debit Card,1
3556.23,ATM Withdrawal,7.0,Desktop,Houston,4,75,11,Net Banking,1
665.29,POS Payment,23.0,Desktop,Boston,4,116,14,Credit Card,1
2629.43,Bank Transfer,15.0,Desktop,Houston,1,84,6,Net Banking,1
4710.41,Bank Transfer,18.0,Desktop,Miami,1,101,13,Net Banking,1
1449.4,POS Payment,19.0,Desktop,New York,2,51,9,Debit Card,1
2283.98,Online Purchase,22.0,Tablet,San Francisco,1,119,7,Credit Card,1
4676.21,Bank Transfer,16.0,Tablet,Chicago,2,60,10,Credit Card,1
4636.33,Bank Transfer,12.0,Tablet,Miami,4,115,9,UPI,1
3761.11,Bank Transfer,22.0,Desktop,Chicago,2,118,8,Net Banking,1
3938.53,ATM Withdrawal,10.0,Tablet,New York,4,102,6,UPI,1
1150.63,ATM Withdrawal,10.0,Desktop,Houston,3,36,2,UPI,1
2259.13,POS Payment,6.0,Mobile,Chicago,1,85,6,UPI,1
172.88,POS Payment,19.0,Mobile,Miami,0,5,5,UPI,1
3349.67,Bill Payment,6.0,Mobile,Miami,4,92,6,UPI,1
1379.46,POS Payment,22.0,Mobile,Chicago,4,93,6,Net Banking,1
3844.4,POS Payment,8.0,Mobile,Chicago,4,17,9,Net Banking,1
2913.03,POS Payment,19.0,Mobile,New York,3,10,5,Credit Card,1
2315.09,Bill Payment,13.0,Mobile,New York,4,117,10,Debit Card,1
2560.53,Bill Payment,22.0,Desktop,Seattle,0,49,5,Credit Card,1
2922.95,Bill Payment,20.0,Mobile,Miami,2,85,14,Credit Card,1
843.3,POS Payment,6.0,Desktop,Houston,2,81,3,Debit Card,1
4821.31,Online Purchase,21.0,Tablet,Chicago,4,6,3,Credit Card,1
3555.42,POS Payment,19.0,Tablet,Chicago,0,40,11,Invalid Method,1
456.41,ATM Withdrawal,17.0,Desktop,New York,0,47,4,Debit Card,1
3438.12,POS Payment,21.0,Mobile,New York,4,74,14,Debit Card,1
2603.97,ATM Withdrawal,13.0,Mobile,Los Angeles,2,79,2,Debit Card,1
3218.55,Online Purchase,13.0,Desktop,Chicago,3,95,2,Debit Card,1
3824.13,Online Purchase,10.0,Mobile,Houston,2,29,13,Invalid Method,1
3428.24,Online Purchase,20.0,Tablet,New York,0,13,2,Credit Card,1
1248.97,Bank Transfer,7.0,Desktop,Boston,0,11,10,Net Banking,1
3269.03,Bank Transfer,7.0,Desktop,Boston,4,70,12,Credit Card,1
4165.42,ATM Withdrawal,0.0,Desktop,Boston,0,19,10,Net Banking,1
343.34,Bank Transfer,23.0,Mobile,Seattle,1,93,6,UPI,1
2466.56,POS Payment,11.0,Desktop,Los Angeles,1,57,2,UPI,1
4670.19,POS Payment,19.0,Mobile,Boston,0,56,9,Net Banking,1
2788.24,POS Payment,5.0,Mobile,Los Angeles,1,104,4,Credit Card,1
4299.78,Bill Payment,22.0,Mobile,New York,4,106,1,Credit Card,1
364.5,Bill Payment,14.0,Mobile,Houston,3,52,5,Debit Card,1
694.38,POS Payment,20.0,Tablet,Los Angeles,3,69,1,Net Banking,1
1272.79,ATM Withdrawal,4.0,Tablet,Chicago,4,18,5,Credit Card,1
1137.16,Bank Transfer,22.0,Desktop,New York,2,81,3,Debit Card,1
650.84,POS Payment,15.0,Mobile,New York,0,78,10,UPI,1
3482.96,Online Purchase,22.0,Desktop,New York,0,35,2,Net Banking,1
704.52,Online Purchase,22.0,Desktop,Los Angeles,3,17,12,Net Banking,1
3583.74,ATM Withdrawal,17.0,Tablet,Houston,2,85,9,Credit Card,1
559.2,ATM Withdrawal,9.0,Desktop,Houston,1,67,13,Debit Card,1
2671.57,Online Purchase,12.0,Mobile,Boston,4,96,3,Credit Card,1
4129.77,Online Purchase,9.0,Desktop,Boston,3,69,3,Debit Card,1
2093.87,ATM Withdrawal,16.0,Tablet,San Francisco,3,98,4,UPI,1
2136.63,Online Purchase,18.0,Tablet,New York,2,40,8,Debit Card,1
1745.94,Bill Payment,19.0,Mobile,Houston,3,22,6,Credit Card,1
4027.48,POS Payment,14.0,Tablet,Chicago,0,57,13,Debit Card,1
1969.67,Bill Payment,20.0,Desktop,Boston,4,92,8,Debit Card,1
2087.07,Bill Payment,18.0,Mobile,Los Angeles,3,60,13,Credit Card,1
4447.53,POS Payment,6.0,Desktop,Boston,4,8,3,Debit Card,1
4056.09,ATM Withdrawal,21.0,Desktop,San Francisco,0,26,5,Invalid Method,1
3158.17,ATM Withdrawal,16.0,Tablet,Houston,0,72,6,UPI,1
154.55,Online Purchase,13.0,Desktop,Seattle,0,83,1,Debit Card,1
1015.55,Bill Payment,18.0,Mobile,New York,1,75,4,Credit Card,1
2443.76,ATM Withdrawal,15.0,Desktop,Boston,4,9,10,Debit Card,1
1827.02,Bank Transfer,14.0,Mobile,Miami,2,70,11,UPI,1
2582.55,POS Payment,23.0,Tablet,Houston,1,38,13,Debit Card,1
2191.76,ATM Withdrawal,18.0,Mobile,Chicago,0,61,8,UPI,1
3926.06,Online Purchase,7.0,Desktop,Miami,2,64,6,Net Banking,1
2331.1,POS Payment,5.0,Desktop,Houston,2,40,3,Credit Card,1
3329.59,POS Payment,16.0,Desktop,Miami,1,32,9,UPI,1
2643.81,Bank Transfer,21.0,Desktop,New York,2,76,2,Credit Card,1
4215.13,POS Payment,21.0,Tablet,Houston,2,100,5,Credit Card,1
2695.1,Bank Transfer,9.0,Mobile,Seattle,3,100,1,UPI,1
4326.48,ATM Withdrawal,19.0,Desktop,San Francisco,0,22,8,Debit Card,1
689.79,ATM Withdrawal,5.0,Mobile,Boston,2,109,12,Debit Card,1
4822.18,ATM Withdrawal,20.0,Desktop,Miami,0,38,8,Debit Card,1
613.63,Bank Transfer,18.0,Mobile,Houston,1,95,6,UPI,1
1024.36,POS Payment,16.0,Desktop,Los Angeles,4,67,4,Credit Card,1
3287.89,Online Purchase,17.0,Mobile,San Francisco,2,48,4,Credit Card,1
3644.35,Online Purchase,14.0,Mobile,Houston,4,36,13,Credit Card,1
3970.34,ATM Withdrawal,13.0,Mobile,Boston,2,90,14,Debit Card,1
4601.71,Bill Payment,13.0,Mobile,Boston,2,25,3,Debit Card,1
3570.48,Online Purchase,12.0,Mobile,Houston,4,59,12,Debit Card,1
441.89,POS Payment,23.0,Mobile,Houston,4,16,2,Credit Card,1
2420.7,Bank Transfer,19.0,Mobile,Boston,4,84,8,Debit Card,1
4022.3,Bill Payment,21.0,Mobile,Miami,2,78,1,UPI,1
4485.13,Bill Payment,21.0,Tablet,Los Angeles,4,91,13,UPI,1
2744.74,Bill Payment,3.0,Desktop,Boston,1,45,10,Debit Card,1
2360.97,Online Purchase,1.0,Tablet,Chicago,0,14,5,UPI,1
681.03,ATM Withdrawal,19.0,Mobile,Los Angeles,2,118,7,Invalid Method,1
4950.59,Online Purchase,14.0,Tablet,Miami,2,15,6,Credit Card,1
2585.63,POS Payment,18.0,Tablet,Miami,0,51,2,Credit Card,1
1706.26,Online Purchase,19.0,Mobile,Los Angeles,4,45,9,Debit Card,1
3586.61,Online Purchase,23.0,Desktop,New York,0,108,7,Debit Card,1
2134.26,Bill Payment,2.0,Tablet,Boston,2,20,8,Net Banking,1
4508.03,POS Payment,7.0,Tablet,Miami,1,62,6,Credit Card,1
618.38,POS Payment,16.0,Mobile,Chicago,3,102,13,Net Banking,1
2749.51,Bank Transfer,12.0,Desktop,Houston,1,49,11,UPI,1
2666.18,ATM Withdrawal,6.0,Tablet,Boston,0,100,11,UPI,1
1144.35,Bill Payment,5.0,Mobile,Boston,2,68,1,Net Banking,1
2678.17,Bill Payment,20.0,Tablet,Boston,1,43,5,UPI,1
741.73,ATM Withdrawal,2.0,Tablet,Boston,2,89,1,Net Banking,1
3081.23,Online Purchase,6.0,Mobile,Houston,0,94,8,Credit Card,1
3924.01,Bank Transfer,19.0,Mobile,Houston,4,105,11,Net Banking,1
1429.29,Bill Payment,9.0,Desktop,Houston,1,10,1,Net Banking,1
608.19,Bill Payment,14.0,Tablet,Los Angeles,0,25,7,Credit Card,1
2788.35,ATM Withdrawal,12.0,Unknown Device,Chicago,4,83,5,UPI,1
2863.41,Bill Payment,19.0,Mobile,Houston,4,23,2,UPI,1
1661.08,Bill Payment,1.0,Unknown Device,Houston,0,99,12,Net Banking,1
2978.33,Bill Payment,14.0,Unknown Device,Miami,0,118,3,Debit Card,1
1071.06,ATM Withdrawal,11.0,Mobile,Chicago,2,66,9,Credit Card,1
1877.43,Online Purchase,20.0,Mobile,New York,0,75,9,UPI,1
1995.35,POS Payment,17.0,Mobile,Boston,0,41,12,Net Banking,1
1447.43,Bill Payment,12.0,Tablet,Miami,2,109,5,Debit Card,1
4338.54,POS Payment,8.0,Mobile,Chicago,0,4,6,UPI,1
2996.42,Bill Payment,6.0,Tablet,New York,3,55,1,Net Banking,1
4315.87,Online Purchase,3.0,Tablet,Houston,4,96,5,Debit Card,1
2259.19,Online Purchase,15.0,Desktop,Los Angeles,2,14,1,Credit Card,1
3693.34,Online Purchase,15.0,Mobile,New York,0,44,10,Credit Card,1
4058.17,POS Payment,17.0,Mobile,Chicago,0,34,13,UPI,1
3765.03,POS Payment,19.0,Mobile,Los Angeles,3,70,4,Credit Card,1
242.63,POS Payment,17.0,Tablet,Boston,0,72,11,Debit Card,1
1287.81,Online Purchase,6.0,Desktop,Boston,2,78,13,Credit Card,1
4526.9,POS Payment,18.0,Tablet,Miami,0,36,11,UPI,1
3697.11,Bank Transfer,11.0,Mobile,Chicago,0,37,4,Debit Card,1
49997.8,Online Purchase,3.0,Tablet,Chicago,1,94,1,Credit Card,1
2959.09,POS Payment,18.0,Mobile,Houston,0,72,7,Debit Card,1
3145.88,POS Payment,6.0,Desktop,New York,4,109,3,UPI,1
3994.05,Bill Payment,20.0,Tablet,Boston,4,74,9,UPI,1
3833.22,Online Purchase,22.0,Mobile,Houston,2,70,2,Credit Card,1
2809.62,ATM Withdrawal,0.0,Tablet,Houston,0,108,10,UPI,1
4203.56,Online Purchase,19.0,Desktop,Chicago,3,69,4,Net Banking,1
1051.36,Bank Transfer,6.0,Unknown Device,Boston,4,101,11,Net Banking,1
3183.45,POS Payment,1.0,Mobile,Chicago,2,59,1,Debit Card,1
635.9,Online Purchase,19.0,Tablet,San Francisco,3,29,1,Net Banking,1
2745.19,Online Purchase,14.0,Desktop,Miami,1,102,10,UPI,1
4233.96,Bill Payment,22.0,Tablet,Boston,2,100,8,Net Banking,1
246.25,Bank Transfer,22.0,Desktop,San Francisco,2,38,2,Debit Card,1
3559.85,Online Purchase,18.0,Desktop,San Francisco,0,56,4,Debit Card,1
1241.49,ATM Withdrawal,23.0,Mobile,Los Angeles,3,80,7,Net Banking,1
570.61,ATM Withdrawal,17.0,Desktop,Miami,0,82,4,Credit Card,1
1187.86,Online Purchase,7.0,Tablet,Boston,2,2,10,Credit Card,1
2249.36,ATM Withdrawal,17.0,Mobile,Chicago,2,63,4,UPI,1
384.77,Bank Transfer,5.0,Tablet,Boston,1,19,8,Credit Card,1
4615.62,Bank Transfer,0.0,Desktop,Boston,4,14,5,Credit Card,1
4879.55,POS Payment,9.0,Desktop,Los Angeles,3,114,3,Invalid Method,1
4647.34,ATM Withdrawal,21.0,Mobile,Chicago,0,40,8,Debit Card,1
2736.12,POS Payment,19.0,Desktop,Los Angeles,0,77,2,Credit Card,1
3689.22,POS Payment,11.0,Desktop,Los Angeles,0,88,4,Debit Card,1
983.53,Bill Payment,7.0,Unknown Device,Boston,2,89,11,Credit Card,1
747.92,Online Purchase,18.0,Desktop,Los Angeles,0,44,1,Credit Card,1
3680.42,ATM Withdrawal,7.0,Tablet,Los Angeles,3,107,14,Net Banking,1
4037.87,Bank Transfer,14.0,Tablet,Boston,0,54,4,UPI,1
4045.55,Online Purchase,11.0,Tablet,Houston,3,60,8,Credit Card,1
1397.27,Bank Transfer,20.0,Tablet,Houston,4,62,8,Invalid Method,1
4879.55,Bill Payment,15.0,Mobile,New York,1,108,13,Credit Card,1
3849.99,POS Payment,18.0,Mobile,New York,0,43,9,Net Banking,1
2929.95,Bill Payment,15.0,Desktop,Chicago,0,34,8,Debit Card,1
1676.85,Bill Payment,20.0,Tablet,Los Angeles,2,71,1,UPI,1
4080.0,ATM Withdrawal,17.0,Tablet,New York,2,87,2,Debit Card,1
2468.99,ATM Withdrawal,19.0,Desktop,Chicago,0,17,3,Net Banking,1
2929.22,Bank Transfer,22.0,Mobile,Chicago,1,13,8,Debit Card,1
4392.53,POS Payment,8.0,Unknown Device,Houston,4,45,4,UPI,1
3322.22,Bill Payment,8.0,Tablet,Boston,0,107,10,Credit Card,1
1445.59,POS Payment,23.0,Tablet,Houston,2,68,10,Credit Card,1
3483.51,POS Payment,18.0,Tablet,Chicago,1,46,13,Debit Card,1
1896.65,ATM Withdrawal,10.0,Tablet,Boston,3,65,7,Invalid Method,1
3248.97,Online Purchase,9.0,Desktop,Houston,3,51,10,UPI,1
599.12,Bill Payment,23.0,Mobile,Chicago,3,67,8,UPI,1
3051.25,Bank Transfer,4.0,Desktop,Chicago,1,94,5,UPI,1
4455.96,Bank Transfer,0.0,Mobile,Boston,0,1,6,UPI,1
2769.85,Bill Payment,20.0,Desktop,Miami,2,111,1,UPI,1
1012.54,Bill Payment,18.0,Mobile,Chicago,0,28,8,Net Banking,1
3581.11,ATM Withdrawal,21.0,Desktop,Chicago,3,18,3,Net Banking,1
1146.35,Bank Transfer,14.0,Desktop,Boston,2,58,3,Net Banking,1
3406.29,Online Purchase,17.0,Desktop,Miami,4,17,8,Debit Card,1
1699.16,ATM Withdrawal,0.0,Desktop,Chicago,3,112,10,UPI,1
2358.63,POS Payment,20.0,Tablet,Seattle,4,73,7,Debit Card,1
1090.7,Bill Payment,21.0,Tablet,Houston,4,94,1,Net Banking,1
1336.24,Bill Payment,19.0,Desktop,Boston,0,2,10,Debit Card,1
2887.66,Online Purchase,6.0,Desktop,Chicago,1,10,4,Credit Card,1
569.57,Bill Payment,10.0,Desktop,Los Angeles,4,103,1,UPI,1
4364.61,Bank Transfer,9.0,Mobile,Los Angeles,1,119,4,UPI,1
3362.94,Online Purchase,23.0,Desktop,Chicago,4,14,13,Net Banking,1
2832.95,Bill Payment,8.0,Mobile,Los Angeles,4,34,4,Net Banking,1
755.15,Online Purchase,23.0,Mobile,Los Angeles,1,107,12,Credit Card,1
3150.86,Online Purchase,23.0,Tablet,Boston,2,81,1,Credit Card,1
257.57,Bill Payment,18.0,Desktop,Boston,3,118,7,UPI,1
749.61,Online Purchase,14.0,Desktop,Houston,2,82,3,Net Banking,1
419.72,POS Payment,22.0,Desktop,Miami,2,72,14,UPI,1
4031.24,POS Payment,15.0,Tablet,Houston,1,75,1,Credit Card,1
4342.36,POS Payment,22.0,Tablet,Miami,1,16,6,UPI,1
4824.08,POS Payment,11.0,Desktop,Boston,2,29,8,UPI,1
1509.28,Bank Transfer,12.0,Mobile,Chicago,1,37,6,UPI,1
1067.74,POS Payment,14.0,Mobile,Chicago,2,29,2,Net Banking,1
680.53,Bill Payment,7.0,Tablet,Los Angeles,4,106,5,UPI,1
2436.08,POS Payment,19.0,Tablet,New York,1,53,13,Credit Card,1
3390.01,Bank Transfer,15.0,Tablet,Los Angeles,3,79,2,Credit Card,1
4770.57,Online Purchase,5.0,Mobile,Boston,3,33,2,Net Banking,1
3226.4,Bill Payment,23.0,Tablet,San Francisco,4,84,9,Debit Card,1
351.09,POS Payment,15.0,Mobile,Houston,1,77,13,UPI,1
2636.58,Online Purchase,12.0,Tablet,Boston,0,5,14,Debit Card,1
4114.06,Online Purchase,13.0,Tablet,Chicago,2,86,11,Net Banking,1
3831.24,Bank Transfer,0.0,Tablet,New York,0,111,4,Net Banking,1
1104.84,Bill Payment,10.0,Mobile,New York,2,99,3,UPI,1
3261.14,Bank Transfer,20.0,Mobile,Seattle,4,47,4,Invalid Method,1
1851.18,Bank Transfer,9.0,Tablet,San Francisco,2,114,7,Credit Card,1
1076.35,Online Purchase,3.0,Mobile,Chicago,0,90,1,UPI,1
147.49,Online Purchase,1.0,Desktop,Chicago,2,90,3,Net Banking,1
2734.71,Bill Payment,19.0,Mobile,Boston,4,59,14,Net Banking,1
2169.12,ATM Withdrawal,23.0,Mobile,Houston,0,19,13,UPI,1
1816.6,ATM Withdrawal,6.0,Desktop,Miami,3,62,1,Credit Card,1
3639.69,Bill Payment,15.0,Mobile,Chicago,0,112,6,Debit Card,1
2173.86,Bank Transfer,22.0,Tablet,Seattle,2,79,11,Credit Card,1
4323.31,ATM Withdrawal,16.0,Mobile,Chicago,2,68,11,Net Banking,1
3009.12,POS Payment,17.0,Desktop,Seattle,2,83,3,Net Banking,1
2411.9,Bill Payment,5.0,Tablet,Houston,3,69,10,Credit Card,1
483.71,Online Purchase,3.0,Mobile,Miami,2,108,5,Net Banking,1
4441.25,POS Payment,11.0,Tablet,New York,0,90,11,Invalid Method,1
4131.06,ATM Withdrawal,7.0,Desktop,Chicago,1,57,14,Credit Card,1
4734.15,Online Purchase,23.0,Mobile,San Francisco,4,46,2,Debit Card,1
3699.14,ATM Withdrawal,13.0,Tablet,Houston,2,93,2,Debit Card,1
3352.62,POS Payment,21.0,Desktop,Miami,0,94,3,Credit Card,1
390.98,Online Purchase,10.0,Tablet,Chicago,1,73,2,UPI,1
2433.61,POS Payment,18.0,Desktop,Chicago,1,77,5,UPI,1
2408.6,Bill Payment,21.0,Tablet,New York,0,100,3,Net Banking,1
4961.41,Bank Transfer,14.0,Desktop,Boston,1,97,9,Credit Card,1
4912.77,Online Purchase,6.0,Tablet,Chicago,2,40,10,UPI,1
3067.04,Bill Payment,6.0,Desktop,Los Angeles,1,62,9,Net Banking,1
49997.8,POS Payment,3.0,Desktop,Seattle,2,51,7,Debit Card,1
1264.55,POS Payment,21.0,Tablet,Los Angeles,3,57,2,Debit Card,1
3495.67,Bank Transfer,12.0,Desktop,Houston,2,92,8,Net Banking,1
625.92,ATM Withdrawal,1.0,Mobile,Chicago,2,119,7,Debit Card,1
2449.62,Bill Payment,0.0,Mobile,Houston,0,107,4,UPI,1
1598.65,Online Purchase,16.0,Tablet,New York,1,49,2,UPI,1
1177.48,Online Purchase,11.0,Desktop,Chicago,4,35,11,UPI,1
2568.14,Bank Transfer,20.0,Mobile,New York,3,99,1,Net Banking,1
2569.58,ATM Withdrawal,4.0,Mobile,Houston,4,44,7,Credit Card,1
2776.72,Bank Transfer,18.0,Desktop,Chicago,1,71,8,Debit Card,1
1214.97,Online Purchase,9.0,Mobile,Chicago,1,75,13,UPI,1
2647.53,ATM Withdrawal,23.0,Desktop,Los Angeles,2,51,14,Net Banking,1
4025.46,Online Purchase,21.0,Mobile,Chicago,1,72,5,Net Banking,1
1763.19,Bill Payment,2.0,Mobile,Miami,2,111,4,UPI,1
2833.67,Bill Payment,15.0,Desktop,Boston,3,20,8,Net Banking,1
2050.82,Online Purchase,19.0,Desktop,Boston,2,6,2,Debit Card,1
2655.03,ATM Withdrawal,15.0,Unknown Device,Chicago,0,67,9,UPI,1
2857.83,ATM Withdrawal,5.0,Mobile,Chicago,4,113,5,UPI,1
65.19,ATM Withdrawal,1.0,Tablet,Boston,4,115,2,UPI,1
4112.38,Bank Transfer,7.0,Desktop,Miami,3,106,6,Debit Card,1
1816.54,POS Payment,21.0,Desktop,Miami,0,98,8,Net Banking,1
941.77,ATM Withdrawal,13.0,Tablet,Boston,4,72,13,UPI,1
1490.92,ATM Withdrawal,3.0,Mobile,Boston,0,116,5,Credit Card,1
2842.85,Online Purchase,16.0,Mobile,Los Angeles,4,17,8,UPI,1
3828.39,ATM Withdrawal,4.0,Desktop,Houston,2,37,4,Debit Card,1
3617.1,Bill Payment,8.0,Unknown Device,Miami,3,109,8,UPI,1
17.78,ATM Withdrawal,11.0,Mobile,Chicago,4,54,10,UPI,1
2982.83,Bank Transfer,15.0,Mobile,San Francisco,0,30,2,UPI,1
4674.59,Bill Payment,15.0,Desktop,Miami,4,93,12,Debit Card,1
3473.98,ATM Withdrawal,17.0,Mobile,New York,2,96,11,Debit Card,1
4787.87,ATM Withdrawal,15.0,Desktop,San Francisco,3,89,10,Debit Card,1
4444.53,Online Purchase,5.0,Desktop,Chicago,3,31,6,UPI,1
2742.85,POS Payment,20.0,Mobile,Chicago,2,117,11,UPI,1
216.99,POS Payment,6.0,Mobile,Chicago,3,102,12,Debit Card,1
2414.51,Online Purchase,15.0,Desktop,Chicago,0,21,11,Net Banking,1
3875.71,Bill Payment,22.0,Mobile,San Francisco,4,29,4,Credit Card,1
1484.53,ATM Withdrawal,20.0,Tablet,Miami,1,17,1,Credit Card,1
1055.23,Online Purchase,6.0,Tablet,Chicago,4,110,10,UPI,1
1970.52,POS Payment,0.0,Mobile,Boston,3,109,6,Credit Card,1
4964.31,Online Purchase,23.0,Desktop,Houston,0,18,1,Net Banking,1
2029.37,ATM Withdrawal,23.0,Desktop,New York,1,12,1,Net Banking,1
605.09,POS Payment,8.0,Tablet,Boston,0,43,6,UPI,1
4962.1,Bank Transfer,22.0,Mobile,Boston,1,94,8,Debit Card,1
3075.07,Bank Transfer,20.0,Desktop,Houston,1,78,8,Credit Card,1
2251.09,Bank Transfer,8.0,Desktop,Los Angeles,0,60,7,Debit Card,1
4748.17,POS Payment,18.0,Desktop,Houston,1,100,5,Credit Card,1
1582.4,Online Purchase,10.0,Tablet,Chicago,0,42,13,Net Banking,1
4341.65,POS Payment,19.0,Tablet,Los Angeles,1,115,10,Net Banking,1
2225.18,Online Purchase,4.0,Tablet,Miami,3,95,3,Credit Card,1
3229.74,POS Payment,8.0,Desktop,Boston,2,96,2,Debit Card,1
3546.04,POS Payment,20.0,Mobile,New York,4,58,7,Credit Card,1
2468.5,Bank Transfer,11.0,Mobile,Los Angeles,2,101,2,Credit Card,1
4349.07,Online Purchase,21.0,Tablet,New York,0,67,10,Debit Card,1
694.23,Bill Payment,2.0,Mobile,Houston,0,90,6,Credit Card,1
2786.88,POS Payment,10.0,Desktop,Houston,0,55,5,Credit Card,1
4062.26,Online Purchase,17.0,Desktop,Boston,2,17,5,Debit Card,1
1180.04,Online Purchase,23.0,Desktop,Chicago,3,11,5,Credit Card,1
4911.07,POS Payment,20.0,Tablet,Miami,1,25,8,Debit Card,1
3992.64,Bank Transfer,9.0,Desktop,Chicago,3,36,6,Net Banking,1
3928.47,Online Purchase,9.0,Tablet,Houston,2,53,14,Debit Card,1
3087.98,POS Payment,16.0,Tablet,Chicago,3,96,13,Credit Card,1
1639.75,Bill Payment,14.0,Mobile,Los Angeles,1,4,3,Debit Card,1
1209.34,POS Payment,6.0,Tablet,Houston,4,75,5,UPI,1
579.11,Online Purchase,16.0,Mobile,Boston,3,100,10,Credit Card,1
2497.24,POS Payment,8.0,Mobile,Chicago,3,5,5,Debit Card,1
3442.69,POS Payment,14.0,Mobile,San Francisco,1,65,7,UPI,1
612.2,Online Purchase,9.0,Desktop,Boston,0,60,9,Debit Card,1
1134.65,POS Payment,11.0,Mobile,Chicago,2,35,13,UPI,1
4842.1,Bank Transfer,10.0,Mobile,Seattle,4,119,7,Net Banking,1
3036.95,ATM Withdrawal,1.0,Mobile,Los Angeles,0,118,5,Credit Card,1
3783.88,Bank Transfer,2.0,Mobile,Chicago,3,117,4,Net Banking,1
268.43,Bank Transfer,17.0,Mobile,Boston,2,51,5,Debit Card,1
1701.91,ATM Withdrawal,10.0,Tablet,Miami,2,80,4,Credit Card,1
4366.66,ATM Withdrawal,11.0,Tablet,Miami,4,96,11,Debit Card,1
1505.48,Bill Payment,16.0,Tablet,Miami,3,50,3,Debit Card,1
1714.72,ATM Withdrawal,22.0,Mobile,Miami,0,15,11,Credit Card,1
1702.31,Bank Transfer,18.0,Tablet,San Francisco,4,57,1,Credit Card,1
2728.42,POS Payment,4.0,Tablet,Houston,2,65,3,UPI,1
4972.35,Bank Transfer,13.0,Tablet,Chicago,2,69,6,Net Banking,1
1197.95,ATM Withdrawal,23.0,Mobile,Boston,3,98,6,Net Banking,1
4213.14,POS Payment,10.0,Tablet,New York,0,41,2,Credit Card,1
2247.93,POS Payment,16.0,Mobile,Seattle,4,82,2,UPI,1
567.89,Online Purchase,17.0,Desktop,Boston,2,100,5,Debit Card,1
460.68,POS Payment,4.0,Desktop,Houston,4,94,7,Net Banking,1
1554.65,Bank Transfer,3.0,Mobile,Chicago,4,78,4,Credit Card,1
4579.45,Bank Transfer,19.0,Desktop,Seattle,0,85,3,Credit Card,1
2832.74,Bill Payment,14.0,Desktop,Boston,1,55,12,Net Banking,1
562.7,POS Payment,16.0,Tablet,Boston,2,46,11,Net Banking,1
2339.63,POS Payment,12.0,Tablet,New York,1,92,7,Debit Card,1
3132.05,POS Payment,15.0,Tablet,Chicago,0,56,13,Credit Card,1
1787.33,Bank Transfer,22.0,Desktop,Seattle,3,99,1,Debit Card,1
1002.89,ATM Withdrawal,9.0,Mobile,Los Angeles,1,52,1,Debit Card,1
884.76,Online Purchase,10.0,Mobile,Houston,0,45,4,Net Banking,1
122.59,Online Purchase,10.0,Mobile,Miami,1,81,2,UPI,1
1062.52,Online Purchase,1.0,Tablet,Los Angeles,4,90,3,Net Banking,1
776.18,POS Payment,17.0,Mobile,Seattle,0,102,7,Net Banking,1
3893.44,Online Purchase,19.0,Mobile,Chicago,4,32,6,Net Banking,1
3145.44,Bank Transfer,7.0,Desktop,Los Angeles,2,95,13,UPI,1
3588.79,ATM Withdrawal,16.0,Tablet,Boston,0,105,6,Credit Card,1
1568.54,Bank Transfer,13.0,Desktop,New York,4,90,10,Net Banking,1
1326.97,Bill Payment,23.0,Tablet,Boston,1,48,2,Debit Card,1
1986.25,Bill Payment,7.0,Mobile,San Francisco,4,111,1,Credit Card,1
3632.76,Bill Payment,16.0,Desktop,Houston,3,101,1,UPI,1
3627.02,ATM Withdrawal,17.0,Desktop,Miami,4,85,7,Credit Card,1
268.23,Bank Transfer,11.0,Tablet,Houston,4,91,12,Debit Card,1
850.6,POS Payment,2.0,Mobile,Houston,0,78,2,Net Banking,1
4225.02,Online Purchase,10.0,Mobile,Miami,1,38,7,UPI,1
1404.88,ATM Withdrawal,22.0,Tablet,Houston,4,36,6,Net Banking,1
2651.28,Bank Transfer,15.0,Desktop,Boston,1,103,3,Credit Card,1
3927.07,Online Purchase,8.0,Unknown Device,Houston,0,108,7,Net Banking,1
3850.69,Bill Payment,12.0,Tablet,Boston,4,79,8,Credit Card,1
774.84,Bill Payment,18.0,Desktop,Los Angeles,3,54,4,UPI,1
1837.8,POS Payment,9.0,Tablet,Houston,1,5,7,Debit Card,1
1019.22,Bank Transfer,7.0,Mobile,Boston,2,93,11,Credit Card,1
4331.26,Bill Payment,5.0,Desktop,Chicago,2,88,5,Net Banking,1
2856.81,Bill Payment,1.0,Tablet,Boston,0,67,9,UPI,1
2709.08,Bill Payment,17.0,Mobile,Chicago,4,40,6,Debit Card,1
2810.01,ATM Withdrawal,22.0,Mobile,Miami,2,6,5,UPI,1
457.63,POS Payment,17.0,Desktop,Houston,3,103,12,Debit Card,1
4164.21,Bank Transfer,11.0,Tablet,Los Angeles,3,12,7,Net Banking,1
4245.84,Bill Payment,7.0,Tablet,New York,4,111,3,Debit Card,1
1929.01,ATM Withdrawal,13.0,Mobile,Houston,0,1,3,Debit Card,1
3542.87,ATM Withdrawal,13.0,Tablet,Los Angeles,0,105,1,UPI,1
4307.88,POS Payment,3.0,Mobile,Boston,3,2,10,Debit Card,1
4914.6,POS Payment,23.0,Mobile,Houston,3,93,12,Credit Card,1
2328.3,POS Payment,15.0,Tablet,Houston,2,86,7,Net Banking,1
1670.61,Bill Payment,21.0,Desktop,San Francisco,0,114,8,UPI,1
3632.5,POS Payment,7.0,Mobile,Chicago,1,102,9,Net Banking,1
4659.2,Bank Transfer,12.0,Mobile,San Francisco,0,106,1,Net Banking,1
4771.13,Online Purchase,15.0,Tablet,Miami,2,65,14,Debit Card,1
2572.64,Bank Transfer,22.0,Mobile,Los Angeles,0,48,11,UPI,1
2953.32,ATM Withdrawal,5.0,Desktop,Boston,3,114,3,Debit Card,1
2430.8,Online Purchase,12.0,Tablet,San Francisco,0,73,3,Net Banking,1
2152.91,Bill Payment,7.0,Mobile,Boston,2,87,6,UPI,1
1541.0,ATM Withdrawal,21.0,Tablet,Chicago,1,45,10,Credit Card,1
1748.5,POS Payment,11.0,Tablet,New York,0,84,3,Net Banking,1
444.62,ATM Withdrawal,17.0,Desktop,Houston,1,27,14,Net Banking,1
1576.22,ATM Withdrawal,19.0,Desktop,San Francisco,3,44,2,UPI,1
4303.94,POS Payment,22.0,Mobile,Miami,0,113,3,Invalid Method,1
4867.98,ATM Withdrawal,13.0,Mobile,Houston,0,65,4,UPI,1
1268.0,POS Payment,17.0,Tablet,Chicago,2,20,13,UPI,1
453.63,Bill Payment,19.0,Tablet,Los Angeles,4,87,13,Net Banking,1
2922.68,ATM Withdrawal,19.0,Tablet,Los Angeles,0,105,2,Debit Card,1
4754.05,Bank Transfer,9.0,Mobile,Los Angeles,2,16,5,Debit Card,1
1651.87,Bank Transfer,20.0,Desktop,Los Angeles,4,31,1,Net Banking,1
4371.23,ATM Withdrawal,23.0,Desktop,San Francisco,4,28,11,UPI,1
4099.46,POS Payment,19.0,Desktop,Boston,2,116,1,Net Banking,1
1600.49,Bill Payment,8.0,Desktop,Los Angeles,0,107,11,Debit Card,1
721.86,POS Payment,16.0,Desktop,Houston,3,99,7,Debit Card,1
4147.01,Online Purchase,1.0,Mobile,Chicago,3,47,5,Credit Card,1
4183.2,Bank Transfer,6.0,Mobile,Houston,0,47,8,Net Banking,1
1274.75,POS Payment,16.0,Mobile,Los Angeles,1,6,6,Invalid Method,1
2890.5,Online Purchase,23.0,Desktop,Houston,4,85,6,Credit Card,1
1141.62,POS Payment,22.0,Tablet,Los Angeles,1,4,13,Credit Card,1
4219.99,Bank Transfer,10.0,Desktop,Chicago,0,95,14,UPI,1
4036.26,POS Payment,21.0,Desktop,Houston,0,60,11,Net Banking,1
2704.12,Bank Transfer,17.0,Tablet,Houston,0,112,7,Net Banking,1
2111.68,Bank Transfer,1.0,Tablet,Boston,2,119,7,Net Banking,1
4039.78,ATM Withdrawal,8.0,Tablet,Chicago,3,44,3,UPI,1
941.31,Bank Transfer,14.0,Mobile,Boston,4,115,7,Invalid Method,1
189.81,ATM Withdrawal,6.0,Mobile,Chicago,3,55,9,Net Banking,1
4471.91,ATM Withdrawal,12.0,Desktop,Chicago,3,71,4,Net Banking,1
4241.86,Bank Transfer,11.0,Desktop,Los Angeles,0,31,10,Credit Card,1
2378.04,Bank Transfer,18.0,Tablet,Houston,3,30,5,Net Banking,1
1167.79,ATM Withdrawal,10.0,Desktop,Houston,1,102,5,Debit Card,1
2848.61,ATM Withdrawal,22.0,Tablet,Seattle,0,106,2,Debit Card,1
3722.13,POS Payment,19.0,Mobile,Seattle,3,26,3,Debit Card,1
3056.63,Bill Payment,19.0,Tablet,Boston,0,45,10,Credit Card,1
1180.28,Bank Transfer,23.0,Tablet,Houston,0,80,3,Credit Card,1
3553.51,Bank Transfer,11.0,Desktop,New York,3,111,3,Credit Card,1
1858.39,Bank Transfer,21.0,Mobile,Los Angeles,1,101,2,Debit Card,1
3877.94,Bank Transfer,21.0,Tablet,Seattle,3,110,10,Debit Card,1
2713.21,POS Payment,20.0,Tablet,New York,2,69,7,Credit Card,1
4300.75,Bank Transfer,9.0,Mobile,Miami,3,109,6,Net Banking,1
4678.69,POS Payment,4.0,Desktop,Chicago,1,100,7,UPI,1
2964.16,Bank Transfer,18.0,Mobile,New York,3,71,3,UPI,1
987.91,POS Payment,20.0,Tablet,Boston,2,112,7,UPI,1
4519.19,ATM Withdrawal,16.0,Mobile,Los Angeles,4,80,2,UPI,1
769.77,Online Purchase,14.0,Tablet,Miami,1,112,5,Invalid Method,1
810.62,Bank Transfer,8.0,Mobile,Los Angeles,2,97,10,Credit Card,1
3118.61,POS Payment,14.0,Tablet,Miami,0,79,5,Credit Card,1
1077.95,Online Purchase,17.0,Mobile,Chicago,1,111,6,Credit Card,1
3133.15,ATM Withdrawal,19.0,Tablet,Miami,2,68,13,Credit Card,1
4802.79,POS Payment,17.0,Mobile,Los Angeles,3,20,5,Net Banking,1
1860.9,ATM Withdrawal,23.0,Mobile,Los Angeles,1,13,6,Net Banking,1
1478.88,ATM Withdrawal,9.0,Mobile,Los Angeles,0,59,6,UPI,1
3247.7,Bill Payment,6.0,Desktop,Chicago,0,76,10,Net Banking,1
4175.34,Online Purchase,23.0,Tablet,Miami,3,54,1,UPI,1
3680.2,Bill Payment,10.0,Tablet,Boston,4,16,9,UPI,1
3987.92,Bill Payment,15.0,Mobile,Los Angeles,2,98,2,UPI,1
4477.79,ATM Withdrawal,22.0,Mobile,Chicago,1,10,6,Net Banking,1
2896.66,ATM Withdrawal,18.0,Desktop,San Francisco,1,57,6,Debit Card,1
2660.74,ATM Withdrawal,13.0,Desktop,San Francisco,1,113,1,UPI,1
3503.61,ATM Withdrawal,16.0,Tablet,New York,3,92,5,Net Banking,1
4894.62,POS Payment,18.0,Mobile,Chicago,3,18,4,UPI,1
2345.97,ATM Withdrawal,18.0,Mobile,Boston,0,40,9,UPI,1
4785.02,POS Payment,9.0,Tablet,Los Angeles,4,82,1,Debit Card,1
3293.66,Online Purchase,15.0,Desktop,Los Angeles,4,102,6,UPI,1
63.39,Bank Transfer,5.0,Tablet,Los Angeles,4,103,2,Credit Card,1
49997.8,Bank Transfer,3.0,Desktop,Miami,0,54,12,Credit Card,1
552.39,Bill Payment,14.0,Tablet,San Francisco,2,100,1,Debit Card,1
1844.42,Bill Payment,22.0,Tablet,Los Angeles,2,96,10,UPI,1
4665.48,ATM Withdrawal,23.0,Desktop,Miami,4,110,10,Net Banking,1
4279.2,ATM Withdrawal,17.0,Mobile,San Francisco,1,86,6,Net Banking,1
3102.81,POS Payment,6.0,Tablet,Miami,3,103,1,Debit Card,1
2553.7,Bank Transfer,21.0,Mobile,San Francisco,0,2,4,UPI,1
3295.6,POS Payment,6.0,Mobile,Chicago,2,44,2,Credit Card,1
1583.07,Bill Payment,5.0,Mobile,Los Angeles,2,100,10,Debit Card,1
1989.91,Online Purchase,0.0,Mobile,Houston,1,70,5,Credit Card,1
4060.84,Bill Payment,14.0,Desktop,Chicago,0,66,2,Invalid Method,1
3744.93,Online Purchase,5.0,Tablet,Houston,3,89,12,Net Banking,1
3843.2,Bill Payment,17.0,Tablet,Los Angeles,2,70,5,UPI,1
4171.2,Bill Payment,10.0,Mobile,Miami,2,42,6,UPI,1
1938.96,Bill Payment,23.0,Mobile,Houston,1,117,12,UPI,1
4275.32,POS Payment,7.0,Desktop,Boston,3,26,11,UPI,1
4033.26,POS Payment,20.0,Tablet,Boston,4,38,5,Credit Card,1
1485.13,POS Payment,8.0,Mobile,Houston,1,84,11,Net Banking,1
4319.17,POS Payment,19.0,Desktop,Chicago,0,59,6,Debit Card,1
2834.32,POS Payment,17.0,Tablet,Houston,0,29,10,UPI,1
2388.84,Bill Payment,16.0,Tablet,Miami,2,7,2,Debit Card,1
4901.0,Bank Transfer,22.0,Tablet,Houston,4,15,6,Debit Card,1
394.84,Bank Transfer,9.0,Mobile,Houston,0,22,8,Credit Card,1
361.23,ATM Withdrawal,20.0,Desktop,Miami,3,40,3,Net Banking,1
2040.47,Online Purchase,23.0,Mobile,New York,3,24,3,Credit Card,1
3580.33,Bill Payment,22.0,Desktop,Miami,4,45,12,Net Banking,1
2211.17,POS Payment,15.0,Mobile,Miami,4,68,13,Debit Card,1
3533.84,Bank Transfer,23.0,Mobile,Miami,0,90,3,Net Banking,1
267.01,Bank Transfer,14.0,Tablet,Boston,2,87,6,Credit Card,1
4600.05,Bank Transfer,2.0,Tablet,Boston,3,73,10,UPI,1
4537.0,Bill Payment,10.0,Desktop,Boston,1,8,14,Debit Card,1
1069.11,Online Purchase,2.0,Tablet,Los Angeles,2,62,2,UPI,1
1025.68,Bank Transfer,20.0,Mobile,Boston,1,53,3,UPI,1
3538.57,ATM Withdrawal,9.0,Tablet,Los Angeles,4,47,2,UPI,1
1351.11,Bank Transfer,23.0,Desktop,Houston,3,86,13,Debit Card,1
543.07,POS Payment,14.0,Tablet,Boston,0,83,3,Debit Card,1
4596.62,Bank Transfer,18.0,Mobile,Miami,2,108,14,Debit Card,1
49997.8,POS Payment,14.0,Desktop,San Francisco,2,32,6,UPI,1
2395.21,ATM Withdrawal,22.0,Mobile,Boston,2,21,2,Debit Card,1
2815.57,POS Payment,18.0,Tablet,Miami,2,115,14,Net Banking,1
1270.02,Bank Transfer,12.0,Mobile,Boston,4,3,4,Net Banking,1
1150.05,POS Payment,20.0,Desktop,Chicago,4,60,9,Net Banking,1
4363.07,Online Purchase,9.0,Mobile,Miami,3,12,1,Debit Card,1
3599.43,POS Payment,10.0,Mobile,Boston,2,80,5,Credit Card,1
1081.39,ATM Withdrawal,15.0,Desktop,Chicago,1,81,3,UPI,1
4958.82,Online Purchase,12.0,Tablet,Houston,3,15,13,UPI,1
1436.52,Bank Transfer,22.0,Tablet,San Francisco,0,52,7,Debit Card,1
268.15,POS Payment,16.0,Mobile,Miami,1,73,7,UPI,1
4962.26,Bill Payment,12.0,Desktop,Miami,3,68,5,UPI,1
1426.1,POS Payment,22.0,Tablet,Los Angeles,1,113,1,Net Banking,1
3314.83,POS Payment,6.0,Tablet,Houston,0,71,10,UPI,1
919.7,POS Payment,14.0,Desktop,New York,2,42,3,Net Banking,1
774.98,Bank Transfer,16.0,Desktop,Houston,1,48,5,Debit Card,1
2813.77,Bank Transfer,18.0,Tablet,Houston,1,45,11,Debit Card,1
1904.42,Bill Payment,23.0,Desktop,Boston,4,4,7,UPI,1
2362.32,Bank Transfer,16.0,Mobile,Miami,2,48,6,UPI,1
933.64,Online Purchase,16.0,Mobile,Los Angeles,1,10,2,Debit Card,1
1150.97,ATM Withdrawal,10.0,Unknown Device,Houston,3,36,4,Net Banking,1
1105.77,Online Purchase,20.0,Desktop,Los Angeles,3,53,3,Credit Card,1
2468.5,Bank Transfer,16.0,Desktop,Miami,3,105,10,UPI,1
4026.92,Bill Payment,19.0,Desktop,Miami,1,95,8,Debit Card,1
282.52,Bill Payment,19.0,Desktop,Los Angeles,0,75,1,Debit Card,1
2860.52,Online Purchase,5.0,Tablet,Los Angeles,2,102,7,UPI,1
343.34,Bank Transfer,15.0,Desktop,Seattle,0,101,2,UPI,1
4326.91,ATM Withdrawal,14.0,Tablet,San Francisco,3,48,3,Credit Card,1
1674.91,Bill Payment,22.0,Tablet,Miami,3,50,4,UPI,1
637.05,ATM Withdrawal,23.0,Desktop,Miami,3,27,3,UPI,1
4877.74,POS Payment,7.0,Desktop,Chicago,0,89,4,Credit Card,1
1304.77,ATM Withdrawal,11.0,Mobile,Houston,1,84,9,Credit Card,1
415.66,Online Purchase,20.0,Tablet,Boston,1,24,1,Credit Card,1
2195.74,ATM Withdrawal,7.0,Mobile,Houston,0,100,10,Net Banking,1
2942.88,Online Purchase,13.0,Tablet,Los Angeles,2,21,8,UPI,1
3665.4,Bank Transfer,4.0,Unknown Device,Boston,4,88,7,Net Banking,1
4136.92,Bill Payment,11.0,Tablet,Boston,4,36,3,UPI,1
4596.61,Bill Payment,2.0,Mobile,Houston,4,21,1,UPI,1
3526.43,ATM Withdrawal,6.0,Desktop,Boston,4,47,2,UPI,1
136.09,Bank Transfer,21.0,Mobile,Boston,4,106,10,Credit Card,1
1768.97,ATM Withdrawal,10.0,Desktop,Los Angeles,4,56,3,Net Banking,1
2040.31,Online Purchase,15.0,Desktop,Miami,1,83,2,Credit Card,1
1141.62,Bill Payment,20.0,Tablet,Chicago,1,73,4,Net Banking,1
2304.74,ATM Withdrawal,19.0,Mobile,Seattle,3,76,2,Debit Card,1
2902.56,Bill Payment,19.0,Mobile,New York,2,49,12,Debit Card,1
1363.89,Bank Transfer,13.0,Mobile,Boston,2,25,3,Net Banking,1
1869.76,Bank Transfer,21.0,Tablet,Chicago,2,57,11,Debit Card,1
3561.28,Bill Payment,6.0,Tablet,Boston,2,28,13,Net Banking,1
1736.91,Bank Transfer,2.0,Desktop,Boston,2,31,8,Net Banking,1
3460.61,Bank Transfer,6.0,Tablet,Los Angeles,3,16,2,UPI,1
2233.98,ATM Withdrawal,16.0,Tablet,Los Angeles,2,96,3,Debit Card,1
4643.55,Bill Payment,15.0,Tablet,New York,4,75,2,Credit Card,1
705.9,Bank Transfer,20.0,Desktop,Houston,3,72,13,Net Banking,1
901.15,Bill Payment,19.0,Mobile,Miami,4,90,5,UPI,1
3035.44,Online Purchase,13.0,Mobile,Miami,4,113,13,UPI,1
436.5,POS Payment,2.0,Desktop,Boston,3,21,2,UPI,1
3869.75,Bill Payment,6.0,Desktop,Chicago,2,43,3,Debit Card,1
4969.09,ATM Withdrawal,20.0,Mobile,Los Angeles,1,90,8,Debit Card,1
2499.64,Online Purchase,12.0,Mobile,Boston,4,41,8,Net Banking,1
2623.45,POS Payment,23.0,Desktop,New York,3,105,6,Invalid Method,1
3799.33,Bill Payment,0.0,Mobile,Chicago,2,101,9,Debit Card,1
258.91,Bank Transfer,19.0,Tablet,Seattle,4,107,5,UPI,1
3015.62,ATM Withdrawal,23.0,Mobile,Chicago,4,55,12,Credit Card,1
3852.92,Online Purchase,9.0,Mobile,Chicago,0,46,10,UPI,1
3528.29,Bill Payment,18.0,Tablet,Houston,3,66,14,Net Banking,1
3276.22,Online Purchase,15.0,Mobile,Houston,4,114,11,Invalid Method,1
1360.95,Bill Payment,6.0,Mobile,Houston,3,4,2,Credit Card,1
4401.58,Bank Transfer,19.0,Desktop,Houston,3,78,8,Debit Card,1
3899.31,ATM Withdrawal,1.0,Desktop,Los Angeles,1,98,10,Debit Card,1
2504.6,ATM Withdrawal,15.0,Desktop,Houston,0,12,7,Credit Card,1
3674.37,POS Payment,3.0,Mobile,Chicago,0,76,4,Debit Card,1
888.07,ATM Withdrawal,6.0,Mobile,Chicago,1,72,7,Credit Card,1
3142.4,Bank Transfer,11.0,Tablet,Boston,4,101,8,Net Banking,1
1245.69,Bank Transfer,10.0,Mobile,Los Angeles,3,47,3,Net Banking,1
3701.76,Bill Payment,13.0,Desktop,Chicago,2,5,13,Credit Card,1
1745.69,POS Payment,18.0,Desktop,Houston,3,8,3,UPI,1
172.26,POS Payment,2.0,Tablet,Boston,4,109,13,UPI,1
1882.28,Bill Payment,23.0,Mobile,Miami,3,91,13,UPI,1
1562.49,Online Purchase,17.0,Tablet,New York,0,57,1,Credit Card,1
3684.07,Bill Payment,13.0,Desktop,Chicago,2,65,5,Debit Card,1
130.46,Bank Transfer,20.0,Mobile,New York,4,77,12,Credit Card,1
774.97,ATM Withdrawal,18.0,Tablet,Chicago,3,18,8,Net Banking,1
4899.55,POS Payment,6.0,Mobile,Los Angeles,4,101,10,UPI,1
2539.58,ATM Withdrawal,15.0,Tablet,Boston,1,12,14,Net Banking,1
686.67,ATM Withdrawal,12.0,Mobile,Houston,1,113,6,Net Banking,1
2944.35,ATM Withdrawal,0.0,Mobile,Boston,3,105,10,Debit Card,1
2797.96,Online Purchase,0.0,Desktop,Houston,0,86,8,Net Banking,1
2597.65,ATM Withdrawal,8.0,Desktop,Los Angeles,2,84,7,Credit Card,1
4707.2,POS Payment,18.0,Mobile,Houston,4,46,2,Debit Card,1
4768.46,Online Purchase,2.0,Tablet,Boston,3,14,7,Credit Card,1
4822.82,ATM Withdrawal,21.0,Mobile,Chicago,3,45,14,Net Banking,1
4519.94,POS Payment,17.0,Desktop,Chicago,3,12,5,Invalid Method,1
4419.94,Online Purchase,22.0,Desktop,Seattle,3,42,2,Net Banking,1
1523.33,Online Purchase,4.0,Tablet,Chicago,4,55,5,Credit Card,1
878.04,Bill Payment,10.0,Desktop,Los Angeles,0,106,5,Debit Card,1
2485.84,Online Purchase,13.0,Desktop,New York,3,107,13,Debit Card,1
4450.38,Online Purchase,19.0,Mobile,New York,2,26,7,Net Banking,1
3817.63,Bank Transfer,6.0,Desktop,Chicago,1,106,9,Debit Card,1
704.52,Online Purchase,19.0,Mobile,Chicago,2,99,11,Debit Card,1
2786.42,ATM Withdrawal,5.0,Desktop,New York,3,91,2,Credit Card,1
64.62,POS Payment,23.0,Tablet,Boston,1,119,4,Debit Card,1
3704.98,POS Payment,5.0,Mobile,Chicago,3,70,13,Debit Card,1
2579.28,ATM Withdrawal,16.0,Tablet,Miami,3,4,2,Credit Card,1
2316.4,Online Purchase,8.0,Desktop,Chicago,1,57,14,UPI,1
1579.47,ATM Withdrawal,11.0,Tablet,Miami,4,85,10,Debit Card,1
3158.17,ATM Withdrawal,10.0,Desktop,New York,3,100,7,UPI,1
2714.81,POS Payment,12.0,Mobile,Houston,0,85,7,Net Banking,1
4624.73,Bank Transfer,21.0,Desktop,Los Angeles,0,114,10,Net Banking,1
2513.98,Bank Transfer,22.0,Tablet,Boston,0,22,1,Net Banking,1
3904.91,Bill Payment,18.0,Tablet,New York,2,72,8,Net Banking,1
4847.26,Online Purchase,9.0,Tablet,Houston,3,114,8,Credit Card,1
49997.8,Bill Payment,22.0,Desktop,Boston,4,2,12,Credit Card,1
3805.22,POS Payment,11.0,Mobile,Chicago,0,59,2,Debit Card,1
205.24,POS Payment,16.0,Tablet,Boston,1,39,3,Debit Card,1
952.66,POS Payment,15.0,Desktop,Houston,0,73,9,Net Banking,1
3010.34,Online Purchase,10.0,Mobile,Los Angeles,1,118,12,Debit Card,1
4313.71,Bill Payment,20.0,Desktop,San Francisco,4,59,1,Debit Card,1
2153.82,ATM Withdrawal,18.0,Desktop,Houston,2,35,3,Invalid Method,1
3768.73,Bill Payment,16.0,Mobile,Miami,0,92,11,UPI,1
3547.81,POS Payment,17.0,Mobile,Miami,2,106,10,UPI,1
2790.81,Bank Transfer,16.0,Tablet,Chicago,3,98,4,Credit Card,1
1597.31,Bill Payment,16.0,Mobile,New York,3,53,8,Net Banking,1
1666.36,POS Payment,3.0,Tablet,Los Angeles,1,119,11,Credit Card,1
1387.18,Bank Transfer,17.0,Mobile,Chicago,1,101,11,Credit Card,1
4960.31,Bank Transfer,19.0,Tablet,Boston,0,96,9,Credit Card,1
531.45,POS Payment,20.0,Desktop,Chicago,1,76,3,Credit Card,1
3344.63,Bill Payment,18.0,Desktop,Houston,2,118,12,Debit Card,1
1459.32,POS Payment,10.0,Desktop,Los Angeles,1,15,5,Credit Card,1
4216.28,Bill Payment,3.0,Desktop,Los Angeles,1,87,11,UPI,1
3514.44,Online Purchase,22.0,Desktop,Seattle,3,42,8,Net Banking,1
2621.56,Bank Transfer,19.0,Mobile,Chicago,4,104,5,Debit Card,1
3003.4,POS Payment,22.0,Tablet,New York,4,49,2,Debit Card,1
520.18,Bill Payment,14.0,Tablet,Chicago,1,113,5,Credit Card,1
1798.97,ATM Withdrawal,4.0,Mobile,Chicago,1,55,9,UPI,1
3419.96,Bill Payment,16.0,Tablet,Los Angeles,1,36,11,Invalid Method,1
3889.32,Bank Transfer,20.0,Mobile,Seattle,1,110,9,Debit Card,1
2702.09,Bill Payment,17.0,Tablet,Chicago,0,19,5,UPI,1
2662.54,ATM Withdrawal,23.0,Tablet,Seattle,3,91,10,Credit Card,1
1622.38,ATM Withdrawal,15.0,Desktop,Boston,0,37,4,Credit Card,1
4166.63,Bill Payment,22.0,Mobile,Chicago,3,10,8,Net Banking,1
340.65,Bank Transfer,23.0,Desktop,Los Angeles,1,5,11,Net Banking,1
683.36,POS Payment,5.0,Mobile,Chicago,4,102,1,Net Banking,1
54.21,Bank Transfer,11.0,Tablet,Chicago,4,109,14,Net Banking,1
2051.22,POS Payment,20.0,Desktop,Los Angeles,3,112,4,Debit Card,1
3738.97,Bank Transfer,23.0,Mobile,Houston,4,79,5,UPI,1
1922.42,ATM Withdrawal,9.0,Mobile,Boston,0,69,10,Credit Card,1
259.06,Bill Payment,23.0,Tablet,Miami,2,97,8,Debit Card,1
1783.67,Bill Payment,11.0,Desktop,Los Angeles,4,64,1,Net Banking,1
3242.6,Online Purchase,18.0,Desktop,Chicago,3,61,1,Debit Card,1
4676.21,Online Purchase,21.0,Desktop,Houston,3,25,9,Net Banking,1
3162.49,ATM Withdrawal,9.0,Mobile,Houston,3,118,13,Debit Card,1
3888.85,ATM Withdrawal,23.0,Tablet,Miami,2,16,7,Debit Card,1
1496.04,POS Payment,16.0,Desktop,Houston,0,106,1,Net Banking,1
4360.73,ATM Withdrawal,23.0,Desktop,New York,2,65,5,Net Banking,1
3780.33,POS Payment,3.0,Tablet,Houston,0,31,1,Debit Card,1
1144.85,Online Purchase,7.0,Tablet,New York,3,95,3,Net Banking,1
1783.01,POS Payment,18.0,Desktop,Boston,1,11,11,UPI,1
3171.29,ATM Withdrawal,23.0,Desktop,New York,2,75,5,UPI,1
589.55,ATM Withdrawal,15.0,Mobile,New York,1,115,3,Net Banking,1
343.46,ATM Withdrawal,12.0,Mobile,Boston,1,67,9,UPI,1
2654.32,Bill Payment,22.0,Desktop,Chicago,2,41,10,Net Banking,1
1988.34,Online Purchase,16.0,Tablet,Houston,0,31,14,Debit Card,1
4115.85,Bank Transfer,18.0,Tablet,Boston,2,17,12,Net Banking,1
4233.97,ATM Withdrawal,12.0,Mobile,Boston,4,6,14,Net Banking,1
4624.61,Bank Transfer,10.0,Desktop,Chicago,3,4,7,Credit Card,1
1868.45,Bill Payment,23.0,Tablet,Miami,4,50,10,Credit Card,1
2300.82,POS Payment,17.0,Mobile,Los Angeles,1,64,8,UPI,1
2989.43,Online Purchase,1.0,Desktop,Boston,4,67,2,Credit Card,1
4286.18,Bank Transfer,20.0,Tablet,San Francisco,2,57,3,Net Banking,1
2732.82,Bank Transfer,16.0,Desktop,Houston,3,29,4,Debit Card,1
2682.9,POS Payment,15.0,Desktop,Houston,1,2,5,Net Banking,1
1275.77,Bill Payment,14.0,Tablet,Boston,4,64,2,UPI,1
2693.65,Online Purchase,4.0,Desktop,Houston,2,51,5,Credit Card,1
1468.3,ATM Withdrawal,20.0,Tablet,San Francisco,4,118,2,UPI,1
3974.07,Online Purchase,2.0,Mobile,Boston,4,26,4,UPI,1
288.15,Online Purchase,22.0,Mobile,San Francisco,1,33,6,Debit Card,1
2840.01,Bill Payment,16.0,Tablet,New York,2,34,7,UPI,1
4462.18,ATM Withdrawal,17.0,Desktop,Boston,2,34,6,Credit Card,1
4819.2,ATM Withdrawal,3.0,Tablet,Boston,2,19,5,UPI,1
1794.37,ATM Withdrawal,22.0,Mobile,Seattle,2,43,3,Net Banking,1
742.29,Bill Payment,10.0,Tablet,Boston,3,98,10,Net Banking,1
907.38,POS Payment,17.0,Tablet,Los Angeles,4,83,13,Debit Card,1
2802.11,Bill Payment,13.0,Mobile,Los Angeles,0,66,7,Credit Card,1
2798.49,Bill Payment,13.0,Desktop,Boston,2,33,7,Invalid Method,1
49997.8,POS Payment,1.0,Mobile,Los Angeles,0,70,4,Debit Card,1
2966.24,POS Payment,8.0,Tablet,Miami,1,109,6,Credit Card,1
4766.1,Bill Payment,22.0,Desktop,New York,2,67,8,Net Banking,1
2904.5,Online Purchase,15.0,Mobile,San Francisco,0,115,4,Credit Card,1
4125.74,POS Payment,10.0,Tablet,Houston,3,18,10,Credit Card,1
646.74,Bank Transfer,23.0,Mobile,San Francisco,1,20,4,Net Banking,1
1627.37,Bank Transfer,9.0,Tablet,Chicago,4,113,6,UPI,1
1861.62,Online Purchase,1.0,Mobile,Chicago,1,86,13,UPI,1
1562.52,Bank Transfer,15.0,Mobile,Boston,3,106,13,Credit Card,1
49997.8,Bill Payment,14.0,Unknown Device,New York,3,98,14,Debit Card,1
3642.71,ATM Withdrawal,5.0,Mobile,Houston,4,78,8,Debit Card,1
1235.69,Bill Payment,20.0,Mobile,Chicago,4,85,8,UPI,1
3956.86,POS Payment,22.0,Mobile,Houston,1,105,4,UPI,1
4869.24,POS Payment,17.0,Desktop,Miami,2,67,13,UPI,1
2527.24,POS Payment,21.0,Desktop,Chicago,1,68,2,Credit Card,1
1928.47,Bill Payment,12.0,Tablet,Houston,2,78,5,UPI,1
49997.8,Bank Transfer,19.0,Mobile,New York,3,69,3,Credit Card,1
1311.93,POS Payment,10.0,Mobile,Chicago,4,20,4,UPI,1
3216.84,Online Purchase,4.0,Desktop,Miami,1,84,3,UPI,1
1256.44,POS Payment,23.0,Tablet,Miami,1,30,14,Debit Card,1
1339.59,Online Purchase,19.0,Mobile,New York,1,37,5,Credit Card,1
4048.9,Bill Payment,21.0,Mobile,Los Angeles,4,7,7,Net Banking,1
3716.42,Bill Payment,13.0,Tablet,New York,2,100,13,Credit Card,1
4054.91,Bank Transfer,12.0,Mobile,Chicago,1,25,7,UPI,1
1905.86,Bank Transfer,13.0,Mobile,New York,3,112,3,Debit Card,1
1802.69,Bank Transfer,17.0,Mobile,Boston,1,78,5,Invalid Method,1
2801.46,Bank Transfer,4.0,Tablet,Chicago,4,89,11,Debit Card,1
3632.5,Bank Transfer,15.0,Tablet,Los Angeles,3,114,4,Debit Card,1
1886.23,Online Purchase,14.0,Mobile,Miami,0,100,14,UPI,1
663.6,Bank Transfer,15.0,Tablet,Chicago,4,110,4,Credit Card,1
1729.37,Bill Payment,6.0,Tablet,Boston,3,49,7,Credit Card,1
1375.81,Online Purchase,7.0,Mobile,Los Angeles,2,98,11,Debit Card,1
2248.24,Online Purchase,18.0,Tablet,Houston,0,61,10,Invalid Method,1
4136.08,Bill Payment,20.0,Mobile,Houston,1,95,14,UPI,1
1497.35,Bill Payment,12.0,Mobile,Miami,1,86,7,UPI,1
638.35,ATM Withdrawal,11.0,Desktop,Los Angeles,1,45,2,UPI,1
2786.42,Bill Payment,4.0,Mobile,Chicago,3,103,10,Debit Card,1
2987.68,ATM Withdrawal,10.0,Tablet,Boston,3,104,6,UPI,1
1209.79,POS Payment,6.0,Desktop,Chicago,1,40,3,Credit Card,1
1342.61,POS Payment,22.0,Tablet,Chicago,0,116,5,Credit Card,1
3662.76,ATM Withdrawal,15.0,Mobile,Los Angeles,3,63,11,UPI,1
4079.06,Bank Transfer,1.0,Mobile,Boston,2,77,11,Debit Card,1
1503.27,Bank Transfer,15.0,Tablet,Houston,3,20,10,UPI,1
3947.71,ATM Withdrawal,10.0,Mobile,New York,2,49,1,Debit Card,1
4702.77,POS Payment,5.0,Mobile,Chicago,4,21,3,Credit Card,1
1013.23,Online Purchase,16.0,Mobile,Chicago,4,100,8,UPI,1
2301.54,Online Purchase,5.0,Mobile,Los Angeles,2,118,12,Debit Card,1
1380.48,Bank Transfer,0.0,Desktop,Boston,2,116,11,Credit Card,1
3189.81,POS Payment,6.0,Mobile,Chicago,3,105,11,Debit Card,1
3800.09,ATM Withdrawal,5.0,Tablet,Houston,2,19,4,Debit Card,1
2117.51,Bill Payment,1.0,Mobile,Boston,3,29,5,Net Banking,1
939.56,POS Payment,14.0,Desktop,New York,2,38,4,Net Banking,1
4143.89,Bill Payment,1.0,Desktop,Los Angeles,1,82,4,Credit Card,1
4887.57,POS Payment,10.0,Desktop,San Francisco,4,116,4,Net Banking,1
1627.28,Online Purchase,11.0,Desktop,Houston,0,77,6,Invalid Method,1
1638.13,POS Payment,9.0,Mobile,Los Angeles,4,101,9,Credit Card,1
928.04,Online Purchase,15.0,Mobile,Chicago,2,79,14,Credit Card,1
2484.34,Bank Transfer,6.0,Mobile,Houston,4,105,3,Debit Card,1
1125.17,Bill Payment,21.0,Desktop,Seattle,4,118,2,UPI,1
3904.22,Online Purchase,4.0,Desktop,Houston,1,58,5,Debit Card,1
3348.16,POS Payment,19.0,Tablet,Miami,2,103,1,Net Banking,1
1096.06,Online Purchase,12.0,Mobile,Boston,1,42,1,Credit Card,1
4455.17,Bill Payment,10.0,Desktop,Los Angeles,3,87,10,Debit Card,1
796.37,ATM Withdrawal,18.0,Mobile,Boston,2,73,6,Net Banking,1
2689.1,Bill Payment,6.0,Mobile,Los Angeles,3,38,2,UPI,1
2024.83,Bank Transfer,20.0,Tablet,Los Angeles,1,40,7,Debit Card,1
4612.72,Bill Payment,19.0,Mobile,Miami,0,100,12,Net Banking,1
2154.04,Bank Transfer,2.0,Mobile,Boston,1,80,5,UPI,1
2784.7,Online Purchase,15.0,Mobile,Houston,4,94,7,Net Banking,1
4426.63,POS Payment,13.0,Mobile,Miami,2,108,8,Net Banking,1
3599.53,Online Purchase,19.0,Mobile,San Francisco,1,72,5,Net Banking,1
1374.6,ATM Withdrawal,13.0,Tablet,Los Angeles,2,73,2,Debit Card,1
1661.6,POS Payment,2.0,Mobile,Miami,2,116,1,UPI,1
1824.44,Online Purchase,18.0,Desktop,Miami,1,97,11,Credit Card,1
1075.66,Bank Transfer,15.0,Mobile,Chicago,3,18,12,Debit Card,1
2947.97,ATM Withdrawal,23.0,Mobile,Miami,0,41,7,Net Banking,1
2486.83,Bank Transfer,13.0,Desktop,Los Angeles,4,108,5,Net Banking,1
4735.67,POS Payment,5.0,Mobile,Houston,0,60,9,Credit Card,1
4900.01,Bank Transfer,8.0,Desktop,Miami,3,64,2,UPI,1
1941.18,Online Purchase,12.0,Desktop,New York,1,76,4,Credit Card,1
3720.49,Bill Payment,23.0,Desktop,Seattle,1,39,6,UPI,1
2373.61,Bank Transfer,9.0,Desktop,Miami,1,27,1,UPI,1
2425.42,POS Payment,2.0,Tablet,Boston,3,102,14,UPI,1
705.95,Online Purchase,16.0,Mobile,San Francisco,3,117,6,Credit Card,1
4748.67,Bank Transfer,19.0,Tablet,Boston,3,111,9,Debit Card,1
655.19,POS Payment,19.0,Desktop,Houston,0,54,5,Invalid Method,1
3489.42,ATM Withdrawal,20.0,Mobile,Miami,3,18,8,Credit Card,1
315.89,POS Payment,14.0,Tablet,Houston,2,69,4,Credit Card,1
3372.97,Bank Transfer,14.0,Unknown Device,Miami,3,11,6,Credit Card,1
2230.91,Bill Payment,8.0,Desktop,Boston,4,94,1,Debit Card,1
892.41,POS Payment,17.0,Mobile,Miami,1,44,3,Invalid Method,1
808.82,Bank Transfer,16.0,Desktop,Boston,2,96,13,Net Banking,1
1809.74,Bill Payment,19.0,Mobile,Boston,0,28,4,Credit Card,1
897.08,ATM Withdrawal,8.0,Desktop,Chicago,4,67,12,Debit Card,1
146.71,ATM Withdrawal,23.0,Tablet,Houston,0,102,2,Debit Card,1
484.08,Bank Transfer,20.0,Desktop,Chicago,2,47,3,Invalid Method,1
49997.8,Bill Payment,0.0,Tablet,Chicago,4,24,4,UPI,1
4842.9,ATM Withdrawal,9.0,Mobile,Chicago,3,35,7,UPI,1
1555.86,POS Payment,23.0,Desktop,Boston,1,41,3,UPI,1
2097.11,Online Purchase,21.0,Tablet,San Francisco,4,76,4,Debit Card,1
4602.82,Bill Payment,10.0,Desktop,Miami,1,18,2,UPI,1
3450.96,Online Purchase,9.0,Desktop,Houston,3,35,1,Credit Card,1
3989.27,Bank Transfer,17.0,Mobile,Houston,2,111,2,Credit Card,1
2981.08,Bank Transfer,19.0,Desktop,Boston,1,99,5,Credit Card,1
1307.98,Bank Transfer,3.0,Desktop,Chicago,0,87,8,Credit Card,1
3398.13,Online Purchase,16.0,Tablet,San Francisco,2,96,6,Net Banking,1
1314.04,POS Payment,15.0,Tablet,Miami,3,70,3,UPI,1
391.23,ATM Withdrawal,20.0,Mobile,Miami,0,31,13,Credit Card,1
2236.58,POS Payment,6.0,Tablet,Los Angeles,0,102,2,UPI,1
670.48,ATM Withdrawal,5.0,Unknown Device,Los Angeles,1,87,3,Net Banking,1
2097.46,Online Purchase,9.0,Tablet,Los Angeles,1,109,8,Debit Card,1
1222.34,Bill Payment,11.0,Mobile,Houston,0,23,9,UPI,1
2320.23,POS Payment,14.0,Tablet,San Francisco,4,117,8,UPI,1
304.18,Bill Payment,0.0,Tablet,Boston,4,45,4,Net Banking,1
2574.7,ATM Withdrawal,21.0,Tablet,Miami,1,64,4,UPI,1
3756.3,Bill Payment,7.0,Tablet,Houston,4,106,9,Net Banking,1
4179.28,Online Purchase,19.0,Desktop,San Francisco,4,92,8,Net Banking,1
1617.88,Online Purchase,17.0,Tablet,Chicago,3,15,4,Debit Card,1
2576.57,Bank Transfer,21.0,Mobile,Los Angeles,1,85,9,Debit Card,1
2788.0,POS Payment,21.0,Tablet,Chicago,0,5,10,Debit Card,1
3415.73,Bank Transfer,5.0,Tablet,Chicago,3,111,7,Net Banking,1
3798.19,Bank Transfer,17.0,Desktop,Chicago,0,11,7,UPI,1
1796.62,ATM Withdrawal,15.0,Desktop,Chicago,0,74,6,UPI,1
1335.5,ATM Withdrawal,10.0,Tablet,Seattle,1,117,3,Debit Card,1
4924.36,Bank Transfer,12.0,Desktop,Los Angeles,3,73,6,Net Banking,1
260.63,Online Purchase,22.0,Tablet,Boston,2,66,7,Net Banking,1
3946.3,Bill Payment,22.0,Tablet,Los Angeles,0,96,13,Net Banking,1
3162.93,Bank Transfer,19.0,Desktop,Houston,4,3,1,Debit Card,1
4675.87,ATM Withdrawal,22.0,Mobile,Los Angeles,2,117,13,Invalid Method,1
3759.1,POS Payment,8.0,Tablet,Houston,3,71,1,Credit Card,1
4095.12,POS Payment,8.0,Tablet,Boston,1,60,8,UPI,1
2967.08,Online Purchase,16.0,Desktop,New York,0,72,7,Net Banking,1
2829.66,POS Payment,14.0,Mobile,Miami,1,94,4,Debit Card,1
1167.86,Bill Payment,5.0,Mobile,Houston,2,80,11,Credit Card,1
4139.61,POS Payment,18.0,Tablet,Houston,2,51,1,Debit Card,1
2898.35,Bill Payment,16.0,Tablet,Chicago,4,17,7,Credit Card,1
4936.64,ATM Withdrawal,14.0,Mobile,Boston,4,17,6,Debit Card,1
625.05,Bill Payment,20.0,Desktop,New York,2,52,9,Credit Card,1
158.75,Bank Transfer,14.0,Tablet,Los Angeles,3,46,1,Net Banking,1
1526.67,Online Purchase,3.0,Desktop,Chicago,0,45,10,Net Banking,1
938.02,Bill Payment,13.0,Desktop,Los Angeles,0,115,6,Invalid Method,1
2596.09,Online Purchase,19.0,Mobile,San Francisco,1,75,7,Debit Card,1
940.63,Bank Transfer,23.0,Mobile,Houston,3,29,11,Net Banking,1
1760.51,Bill Payment,21.0,Desktop,New York,2,68,13,Credit Card,1
2874.05,POS Payment,21.0,Desktop,Seattle,4,71,5,UPI,1
887.29,Online Purchase,19.0,Mobile,Los Angeles,0,27,13,Debit Card,1
2492.36,Bill Payment,16.0,Tablet,Los Angeles,3,1,3,Credit Card,1
2288.57,Bank Transfer,21.0,Tablet,New York,1,74,11,Credit Card,1
1782.91,Bank Transfer,22.0,Tablet,Los Angeles,0,26,7,Debit Card,1
778.72,Online Purchase,11.0,Desktop,Los Angeles,2,101,7,Net Banking,1
4195.36,Bank Transfer,8.0,Mobile,Houston,4,90,12,UPI,1
327.96,Online Purchase,17.0,Desktop,Miami,4,115,1,Credit Card,1
4012.2,POS Payment,23.0,Mobile,New York,2,29,5,Debit Card,1
3261.19,Bank Transfer,12.0,Desktop,Boston,3,65,12,Net Banking,1
1545.68,Online Purchase,12.0,Tablet,Seattle,2,97,1,Credit Card,1
1517.63,POS Payment,4.0,Desktop,Miami,1,107,5,Debit Card,1
792.34,ATM Withdrawal,12.0,Tablet,New York,2,57,3,UPI,1
1774.41,ATM Withdrawal,17.0,Desktop,Los Angeles,3,50,7,Debit Card,1
1991.64,Online Purchase,19.0,Mobile,New York,0,105,8,Credit Card,1
4842.1,POS Payment,22.0,Mobile,Seattle,2,119,9,Net Banking,1
4879.07,POS Payment,10.0,Mobile,Chicago,1,17,7,Credit Card,1
4896.78,ATM Withdrawal,22.0,Mobile,Houston,0,58,13,Credit Card,1
2331.11,Online Purchase,23.0,Desktop,Seattle,3,44,2,Credit Card,1
221.54,Online Purchase,10.0,Mobile,Boston,1,90,6,Credit Card,1
1080.28,Bank Transfer,12.0,Tablet,Miami,2,91,10,Debit Card,1
4752.79,ATM Withdrawal,8.0,Tablet,Los Angeles,3,1,3,Debit Card,1
2979.33,Bank Transfer,14.0,Tablet,Chicago,1,21,12,UPI,1
4800.12,ATM Withdrawal,23.0,Desktop,Houston,2,96,13,UPI,1
1551.44,ATM Withdrawal,10.0,Desktop,Los Angeles,2,67,11,Net Banking,1
2331.91,ATM Withdrawal,21.0,Tablet,Miami,3,20,11,Credit Card,1
1587.38,Bill Payment,7.0,Tablet,Los Angeles,3,61,6,Net Banking,1
3504.82,Bank Transfer,0.0,Mobile,Chicago,1,109,11,UPI,1
1533.25,POS Payment,17.0,Desktop,Miami,0,81,10,UPI,1
1416.16,Bank Transfer,20.0,Tablet,Houston,2,91,6,UPI,1
364.05,Online Purchase,9.0,Desktop,Chicago,3,60,9,Net Banking,1
120.95,Bill Payment,8.0,Desktop,New York,1,74,1,UPI,1
532.28,Bank Transfer,15.0,Desktop,Los Angeles,1,84,12,UPI,1
4905.5,Bill Payment,20.0,Mobile,Houston,0,82,8,UPI,1
4868.54,Bank Transfer,15.0,Desktop,New York,0,68,3,UPI,1
1354.0,ATM Withdrawal,12.0,Tablet,Chicago,3,29,5,UPI,1
4369.75,POS Payment,11.0,Unknown Device,Houston,1,78,3,Credit Card,1
4164.0,Bank Transfer,7.0,Tablet,Chicago,4,78,4,UPI,1
3474.83,ATM Withdrawal,0.0,Desktop,Chicago,4,63,2,Debit Card,1
1591.78,Bill Payment,4.0,Unknown Device,Boston,2,90,12,UPI,1
137.27,Bill Payment,4.0,Tablet,Los Angeles,0,111,6,Net Banking,1
2117.07,Bill Payment,21.0,Desktop,New York,4,115,1,Debit Card,1
2391.08,POS Payment,18.0,Tablet,Seattle,4,112,2,UPI,1
4825.27,Bill Payment,21.0,Tablet,Houston,1,21,10,Debit Card,1
2179.68,ATM Withdrawal,23.0,Desktop,Houston,0,65,10,Debit Card,1
1739.09,ATM Withdrawal,9.0,Mobile,Boston,4,108,1,Credit Card,1
3112.37,POS Payment,23.0,Tablet,Houston,1,12,9,Credit Card,1
3469.03,ATM Withdrawal,19.0,Desktop,New York,2,31,11,UPI,1
1971.66,Bill Payment,18.0,Tablet,Boston,4,51,6,Net Banking,1
776.49,POS Payment,21.0,Mobile,Houston,4,40,14,Debit Card,1
635.74,Bill Payment,19.0,Mobile,Miami,2,106,2,UPI,1
2265.56,ATM Withdrawal,4.0,Tablet,Chicago,2,7,5,Invalid Method,1
4766.13,Online Purchase,22.0,Desktop,Los Angeles,3,103,6,Debit Card,1
2641.13,POS Payment,15.0,Mobile,Los Angeles,2,8,1,Net Banking,1
1688.93,Bill Payment,6.0,Tablet,Boston,1,2,9,Credit Card,1
1775.41,Bank Transfer,12.0,Tablet,Houston,1,82,5,Net Banking,1
3042.56,Bill Payment,0.0,Desktop,Los Angeles,3,106,3,Net Banking,1
2693.99,POS Payment,21.0,Mobile,Chicago,3,23,9,Net Banking,1
1624.5,POS Payment,11.0,Mobile,Houston,3,84,13,Net Banking,1
1065.78,POS Payment,16.0,Desktop,San Francisco,0,97,1,Debit Card,1
2433.43,Online Purchase,10.0,Desktop,Chicago,4,10,11,Net Banking,1
3904.91,Bank Transfer,7.0,Mobile,Houston,1,66,3,UPI,1
3691.33,ATM Withdrawal,15.0,Desktop,New York,2,94,5,UPI,1
4005.53,POS Payment,18.0,Desktop,Seattle,2,78,7,Credit Card,1
1674.82,Bank Transfer,15.0,Tablet,New York,1,109,8,UPI,1
1251.48,Online Purchase,7.0,Tablet,Boston,3,32,1,UPI,1
953.63,ATM Withdrawal,12.0,Tablet,Miami,1,105,1,Debit Card,1
3418.18,POS Payment,12.0,Mobile,Houston,3,94,3,Invalid Method,1
736.76,Online Purchase,22.0,Mobile,Los Angeles,2,32,1,Net Banking,1
4093.73,Online Purchase,13.0,Tablet,Chicago,2,83,12,Net Banking,1
2296.79,POS Payment,2.0,Unknown Device,Chicago,0,69,11,Net Banking,1
3548.72,Online Purchase,13.0,Tablet,San Francisco,1,42,2,UPI,1
4831.79,Bank Transfer,13.0,Tablet,New York,2,92,11,Credit Card,1
3906.23,POS Payment,13.0,Desktop,Houston,1,58,4,Debit Card,1
2051.31,Online Purchase,17.0,Tablet,Miami,3,118,12,UPI,1
4138.66,POS Payment,7.0,Desktop,New York,2,95,5,Credit Card,1
3466.98,Online Purchase,23.0,Mobile,Los Angeles,4,88,1,Debit Card,1
3590.69,ATM Withdrawal,14.0,Tablet,Los Angeles,4,27,9,Debit Card,1
4246.04,Online Purchase,10.0,Tablet,Boston,2,113,11,Net Banking,1
3237.06,POS Payment,21.0,Mobile,Houston,2,102,9,UPI,1
3361.15,POS Payment,17.0,Mobile,Chicago,4,79,13,Debit Card,1
430.34,POS Payment,21.0,Mobile,San Francisco,0,91,2,UPI,1
1379.18,Bank Transfer,13.0,Tablet,Boston,2,25,13,UPI,1
4917.42,Online Purchase,3.0,Desktop,Chicago,1,119,10,Credit Card,1
2900.45,Online Purchase,4.0,Mobile,Houston,3,65,2,UPI,1
2214.16,ATM Withdrawal,19.0,Desktop,Miami,4,95,9,Credit Card,1
49997.8,POS Payment,10.0,Tablet,Seattle,1,59,2,UPI,1
67.85,POS Payment,7.0,Desktop,Chicago,3,90,7,UPI,1
945.81,ATM Withdrawal,15.0,Mobile,Miami,0,54,7,Debit Card,1
4707.49,Online Purchase,1.0,Tablet,Houston,0,109,13,Net Banking,1
937.82,Bill Payment,1.0,Mobile,Boston,2,114,2,UPI,1
3339.33,Online Purchase,5.0,Desktop,Houston,3,88,6,UPI,1
1847.95,Online Purchase,12.0,Tablet,Houston,0,58,13,Net Banking,1
3310.72,Bill Payment,10.0,Tablet,Miami,4,36,3,UPI,1
2362.68,Bill Payment,18.0,Mobile,Seattle,4,35,1,Credit Card,1
3340.44,POS Payment,2.0,Desktop,Chicago,1,105,12,Credit Card,1
1932.88,Bill Payment,22.0,Mobile,Chicago,0,1,3,Net Banking,1
4037.8,POS Payment,22.0,Desktop,Miami,2,40,1,UPI,1
1061.98,ATM Withdrawal,17.0,Mobile,Los Angeles,2,113,12,Credit Card,1
331.54,ATM Withdrawal,21.0,Mobile,Seattle,0,54,1,Credit Card,1
3285.7,Online Purchase,8.0,Desktop,Los Angeles,0,75,8,Net Banking,1
2467.94,Online Purchase,14.0,Desktop,Miami,3,59,3,Debit Card,1
3591.79,Online Purchase,3.0,Desktop,Los Angeles,4,104,7,Credit Card,1
865.41,POS Payment,19.0,Mobile,San Francisco,4,69,3,Debit Card,1
1998.48,Bill Payment,0.0,Desktop,Miami,2,104,4,UPI,1
3686.1,POS Payment,17.0,Tablet,Boston,4,53,11,Net Banking,1
2338.45,POS Payment,11.0,Tablet,Boston,0,76,5,Net Banking,1
4519.1,Online Purchase,22.0,Mobile,Chicago,1,65,9,Net Banking,1
1179.87,Online Purchase,18.0,Unknown Device,Houston,2,82,1,Credit Card,1
2086.51,Online Purchase,1.0,Desktop,Boston,0,55,9,Net Banking,1
900.13,Bill Payment,23.0,Mobile,Houston,1,98,3,Debit Card,1
4284.99,POS Payment,7.0,Desktop,Houston,1,117,3,Debit Card,1
49997.8,ATM Withdrawal,5.0,Mobile,Seattle,4,1,9,Credit Card,1
3637.9,POS Payment,11.0,Tablet,Chicago,0,71,11,Debit Card,1
4531.61,Online Purchase,12.0,Tablet,Los Angeles,0,72,5,Net Banking,1
3573.41,Online Purchase,21.0,Tablet,Miami,0,94,5,Net Banking,1
3779.11,Bank Transfer,4.0,Desktop,Boston,1,100,5,Credit Card,1
3042.88,Bank Transfer,11.0,Mobile,Houston,3,38,11,Invalid Method,1
2225.51,Bank Transfer,18.0,Desktop,Houston,3,113,14,Debit Card,1
4755.85,Online Purchase,1.0,Desktop,Chicago,0,110,1,Invalid Method,1
2575.32,ATM Withdrawal,20.0,Desktop,Miami,3,29,5,Credit Card,1
4874.61,Bank Transfer,18.0,Tablet,Los Angeles,3,86,3,Credit Card,1
2782.08,ATM Withdrawal,11.0,Desktop,Boston,2,11,1,Credit Card,1
957.63,ATM Withdrawal,2.0,Mobile,Boston,0,79,13,Credit Card,1
2231.22,Bill Payment,17.0,Tablet,Houston,1,9,1,UPI,1
4141.04,Bank Transfer,6.0,Tablet,Houston,1,60,11,UPI,1
4027.8,Bill Payment,19.0,Tablet,Chicago,3,25,4,Net Banking,1
2511.29,Bill Payment,9.0,Tablet,Chicago,4,74,6,Credit Card,1
3114.24,Bill Payment,13.0,Desktop,Chicago,2,115,12,Debit Card,1
4657.36,Bank Transfer,4.0,Tablet,New York,1,110,2,Debit Card,1
3973.58,POS Payment,19.0,Mobile,Miami,1,118,4,Debit Card,1
655.32,Bill Payment,14.0,Tablet,Boston,2,14,12,UPI,1
3704.98,Bank Transfer,7.0,Mobile,Boston,4,84,3,Debit Card,1
2035.06,ATM Withdrawal,11.0,Mobile,Miami,1,66,3,Credit Card,1
2401.7,Bill Payment,16.0,Mobile,Miami,3,95,3,Debit Card,1
4416.24,ATM Withdrawal,7.0,Mobile,New York,1,55,1,Credit Card,1
254.77,Bill Payment,19.0,Tablet,Houston,0,47,12,Net Banking,1
3365.72,Bill Payment,8.0,Tablet,Los Angeles,3,112,9,Net Banking,1
4651.76,Bank Transfer,15.0,Unknown Device,Seattle,3,94,8,Net Banking,1
4576.68,Bill Payment,16.0,Tablet,Miami,4,71,2,UPI,1
2222.31,ATM Withdrawal,10.0,Tablet,San Francisco,2,105,2,Credit Card,1
3448.46,Online Purchase,17.0,Mobile,Houston,1,107,7,UPI,1
4103.42,Online Purchase,7.0,Tablet,Chicago,4,76,10,Credit Card,1
3308.13,POS Payment,10.0,Desktop,Miami,0,101,14,Credit Card,1
2745.54,POS Payment,17.0,Mobile,Los Angeles,2,114,10,UPI,1
1487.85,Bill Payment,7.0,Tablet,Boston,4,81,8,Invalid Method,1
4018.33,POS Payment,22.0,Desktop,Seattle,2,109,7,Net Banking,1
1646.93,ATM Withdrawal,23.0,Mobile,San Francisco,2,104,3,Net Banking,1
4544.7,POS Payment,4.0,Desktop,New York,3,89,3,Debit Card,1
35.01,ATM Withdrawal,22.0,Mobile,Chicago,3,60,12,UPI,1
3812.74,ATM Withdrawal,20.0,Desktop,Boston,2,37,11,UPI,1
1324.3,ATM Withdrawal,22.0,Unknown Device,Miami,2,21,3,Debit Card,1
3316.12,POS Payment,11.0,Desktop,Boston,4,49,9,Credit Card,1
3399.26,Online Purchase,16.0,Tablet,New York,3,15,2,Net Banking,1
4958.39,Bank Transfer,8.0,Mobile,New York,4,88,1,Credit Card,1
1626.66,Online Purchase,20.0,Desktop,Chicago,2,4,3,UPI,1
1507.87,Bank Transfer,23.0,Tablet,Houston,4,55,2,UPI,1
2275.61,Bank Transfer,11.0,Desktop,Chicago,2,6,3,Debit Card,1
3421.38,POS Payment,3.0,Tablet,Houston,2,47,6,Credit Card,1
2204.43,Bank Transfer,22.0,Mobile,Los Angeles,3,105,13,Debit Card,1
2917.13,Bill Payment,10.0,Mobile,Houston,3,61,1,Net Banking,1
976.45,POS Payment,15.0,Tablet,Los Angeles,1,25,6,Net Banking,1
361.77,Bank Transfer,12.0,Tablet,Boston,0,38,13,UPI,1
1819.0,POS Payment,21.0,Tablet,Miami,4,96,11,UPI,1
1831.67,POS Payment,16.0,Desktop,Los Angeles,4,116,14,UPI,1
786.9,POS Payment,2.0,Tablet,Chicago,4,75,8,Debit Card,1
4915.15,Online Purchase,6.0,Desktop,Miami,3,69,4,UPI,1
4780.89,ATM Withdrawal,0.0,Desktop,Houston,1,100,9,Net Banking,1
3884.69,Bill Payment,18.0,Desktop,New York,2,73,12,Credit Card,1
3265.81,Bank Transfer,5.0,Tablet,Chicago,3,95,2,Net Banking,1
3453.3,ATM Withdrawal,0.0,Tablet,Boston,2,118,3,Debit Card,1
941.88,Bill Payment,8.0,Mobile,Miami,1,66,5,Debit Card,1
1872.38,POS Payment,11.0,Mobile,Boston,3,112,7,Debit Card,1
4255.09,POS Payment,20.0,Mobile,Chicago,4,18,1,Net Banking,1
1025.29,POS Payment,12.0,Mobile,Chicago,1,100,7,Debit Card,1
2241.43,Online Purchase,15.0,Desktop,Miami,4,110,10,UPI,1
3593.75,ATM Withdrawal,20.0,Desktop,Los Angeles,1,26,11,Net Banking,1
3794.91,Bank Transfer,0.0,Desktop,Chicago,4,91,14,Debit Card,1
4031.11,POS Payment,9.0,Unknown Device,Los Angeles,4,27,4,Debit Card,1
2273.82,Bill Payment,20.0,Tablet,New York,1,63,1,Debit Card,1
2903.72,Bill Payment,19.0,Tablet,Chicago,3,16,7,UPI,1
4973.08,Online Purchase,22.0,Mobile,Houston,2,19,5,Net Banking,1
946.48,Bank Transfer,16.0,Mobile,Miami,0,71,8,UPI,1
3731.48,POS Payment,13.0,Tablet,Los Angeles,3,118,10,Net Banking,1
3619.25,Bank Transfer,21.0,Mobile,Seattle,0,47,1,Credit Card,1
3984.11,Bill Payment,11.0,Mobile,San Francisco,1,81,5,Debit Card,1
2466.21,Bill Payment,9.0,Desktop,Houston,4,21,5,Credit Card,1
3253.07,Bank Transfer,12.0,Mobile,Houston,4,113,7,UPI,1
920.1,Bank Transfer,11.0,Tablet,Houston,0,88,10,Net Banking,1
3990.84,POS Payment,19.0,Desktop,Chicago,4,80,8,UPI,1
3639.21,Bill Payment,19.0,Desktop,Miami,2,116,14,Credit Card,1
2012.44,Online Purchase,4.0,Mobile,Chicago,0,27,4,Debit Card,1
4889.63,POS Payment,21.0,Mobile,Miami,3,60,7,Credit Card,1
4801.47,Bank Transfer,2.0,Mobile,Chicago,0,69,5,Net Banking,1
1888.57,ATM Withdrawal,5.0,Desktop,Chicago,2,69,11,Debit Card,1
4026.81,POS Payment,7.0,Tablet,San Francisco,3,100,1,UPI,1
3446.23,POS Payment,19.0,Desktop,San Francisco,3,66,6,Credit Card,1
3374.28,POS Payment,14.0,Desktop,Chicago,3,1,1,Debit Card,1
2625.61,ATM Withdrawal,11.0,Desktop,Boston,2,27,10,Debit Card,1
3717.94,POS Payment,22.0,Mobile,Houston,4,2,12,UPI,1
2331.33,Online Purchase,14.0,Mobile,Los Angeles,4,36,2,UPI,1
1994.04,Bill Payment,16.0,Mobile,Miami,0,63,2,Net Banking,1
49997.8,POS Payment,19.0,Tablet,Boston,0,112,3,Net Banking,1
2260.95,POS Payment,20.0,Desktop,Miami,3,93,6,Net Banking,1
3171.63,Bill Payment,22.0,Tablet,Houston,1,54,13,UPI,1
1533.2,ATM Withdrawal,11.0,Tablet,Houston,2,74,6,Net Banking,1
895.2,POS Payment,9.0,Desktop,New York,4,82,1,Debit Card,1
1494.28,Bank Transfer,19.0,Tablet,Houston,1,16,8,Debit Card,1
3344.72,POS Payment,9.0,Desktop,Houston,3,18,6,Net Banking,1
3742.67,Bill Payment,23.0,Tablet,Chicago,1,26,8,UPI,1
4442.42,Bill Payment,6.0,Desktop,Houston,0,9,7,UPI,1
1296.29,Bank Transfer,11.0,Unknown Device,Houston,0,65,6,Debit Card,1
3487.83,POS Payment,12.0,Mobile,New York,1,97,5,Debit Card,1
2609.12,Online Purchase,1.0,Desktop,Los Angeles,4,57,2,Net Banking,1
1296.89,ATM Withdrawal,7.0,Mobile,Boston,0,66,4,UPI,1
1043.14,POS Payment,17.0,Tablet,Houston,4,10,9,UPI,1
2355.71,POS Payment,9.0,Desktop,Miami,0,95,11,UPI,1
2704.47,ATM Withdrawal,21.0,Desktop,Boston,0,116,3,Credit Card,1
2538.71,Bank Transfer,23.0,Desktop,Miami,3,113,11,UPI,1
3480.52,Bank Transfer,8.0,Mobile,Chicago,3,48,6,Credit Card,1
1885.29,Bank Transfer,23.0,Desktop,Chicago,0,67,14,Net Banking,1
4640.2,Bank Transfer,15.0,Tablet,Chicago,2,88,3,UPI,1
2144.39,Bill Payment,14.0,Desktop,Houston,4,77,3,UPI,1
4799.26,POS Payment,7.0,Tablet,Boston,3,39,2,Credit Card,1
1508.83,Bill Payment,2.0,Mobile,Boston,0,44,2,UPI,1
3933.97,Bill Payment,12.0,Mobile,Los Angeles,2,50,12,Debit Card,1
2849.74,Bill Payment,18.0,Tablet,Boston,2,80,1,UPI,1
2653.44,POS Payment,18.0,Mobile,San Francisco,2,52,6,Debit Card,1
3784.86,Bill Payment,14.0,Tablet,Miami,1,106,2,UPI,1
3270.1,Bank Transfer,11.0,Mobile,Los Angeles,1,58,3,UPI,1
3486.47,Bill Payment,9.0,Tablet,Los Angeles,1,98,10,Debit Card,1
3253.07,Online Purchase,19.0,Desktop,San Francisco,3,109,8,Credit Card,1
3781.43,POS Payment,9.0,Mobile,Boston,1,114,14,Debit Card,1
628.39,POS Payment,16.0,Mobile,Boston,0,73,1,Net Banking,1
1373.91,POS Payment,22.0,Mobile,Boston,3,89,2,Credit Card,1
4511.18,POS Payment,2.0,Mobile,Los Angeles,0,92,4,Net Banking,1
3791.88,POS Payment,5.0,Tablet,Miami,2,77,7,Net Banking,1
1030.69,POS Payment,23.0,Desktop,San Francisco,1,95,9,UPI,1
2596.45,Bill Payment,20.0,Desktop,New York,3,79,1,Debit Card,1
1614.31,Bill Payment,19.0,Desktop,Boston,4,115,2,Net Banking,1
3067.2,POS Payment,7.0,Mobile,Boston,4,70,13,Net Banking,1
55.82,Bank Transfer,23.0,Unknown Device,San Francisco,2,69,5,Debit Card,1
4899.28,ATM Withdrawal,20.0,Desktop,Seattle,1,113,10,Credit Card,1
3342.72,Bill Payment,15.0,Tablet,Chicago,1,104,10,UPI,1
3023.73,Online Purchase,4.0,Tablet,Los Angeles,0,69,6,Net Banking,1
2837.42,Bill Payment,12.0,Desktop,Houston,4,61,13,Net Banking,1
948.01,ATM Withdrawal,3.0,Mobile,Chicago,3,47,1,Net Banking,1
4441.69,ATM Withdrawal,4.0,Desktop,Chicago,0,85,9,Credit Card,1
3889.32,Bill Payment,0.0,Desktop,Chicago,1,71,11,Credit Card,1
4825.41,POS Payment,13.0,Tablet,San Francisco,0,70,6,Net Banking,1
2903.72,POS Payment,12.0,Mobile,Boston,0,75,6,Credit Card,1
4539.48,Online Purchase,4.0,Tablet,Houston,2,5,1,Net Banking,1
3976.75,ATM Withdrawal,12.0,Mobile,San Francisco,4,84,2,UPI,1
3983.34,POS Payment,6.0,Tablet,Chicago,1,51,4,Net Banking,1
2621.51,POS Payment,6.0,Mobile,Chicago,3,53,7,Net Banking,1
49997.8,ATM Withdrawal,18.0,Mobile,Los Angeles,0,63,12,Debit Card,1
4154.26,Bank Transfer,20.0,Desktop,Houston,1,16,2,UPI,1
4581.97,Online Purchase,17.0,Tablet,Seattle,0,82,10,Debit Card,1
3603.07,ATM Withdrawal,10.0,Desktop,Miami,3,8,3,UPI,1
2593.07,Bank Transfer,2.0,Tablet,Los Angeles,0,105,10,Net Banking,1
3066.76,Online Purchase,18.0,Desktop,Los Angeles,4,116,14,UPI,1
4127.94,POS Payment,8.0,Tablet,Boston,2,91,12,UPI,1
2159.76,Bill Payment,16.0,Tablet,Houston,2,86,3,Net Banking,1
3153.28,Online Purchase,6.0,Mobile,Houston,0,38,1,Debit Card,1
3007.36,POS Payment,22.0,Mobile,Boston,3,66,10,UPI,1
526.0,Bank Transfer,15.0,Desktop,Houston,1,35,1,UPI,1
4083.36,POS Payment,7.0,Tablet,Chicago,4,86,10,UPI,1
1735.14,POS Payment,16.0,Desktop,San Francisco,0,87,7,Debit Card,1
2568.74,Bank Transfer,16.0,Tablet,Chicago,4,12,2,Credit Card,1
4250.52,Bank Transfer,3.0,Tablet,San Francisco,0,101,1,Invalid Method,1
317.2,ATM Withdrawal,4.0,Tablet,Houston,1,43,2,Invalid Method,1
2886.85,Bill Payment,13.0,Mobile,New York,4,47,5,Net Banking,1
4913.18,Bill Payment,3.0,Desktop,Houston,1,88,6,Net Banking,1
3724.52,POS Payment,7.0,Desktop,Houston,2,3,1,UPI,1
2341.74,ATM Withdrawal,9.0,Desktop,Los Angeles,2,40,8,Debit Card,1
3157.62,ATM Withdrawal,23.0,Tablet,Miami,0,102,11,Credit Card,1
2474.88,Bank Transfer,12.0,Desktop,Boston,1,110,3,Net Banking,1
3838.48,Online Purchase,17.0,Desktop,Los Angeles,3,10,4,Debit Card,1
4202.26,POS Payment,15.0,Mobile,Boston,1,92,14,Net Banking,1
3218.96,Bank Transfer,23.0,Tablet,Houston,2,97,7,UPI,1
2508.08,ATM Withdrawal,22.0,Mobile,Boston,0,39,12,Net Banking,1
4281.79,POS Payment,13.0,Mobile,Houston,1,80,7,Net Banking,1
4218.98,ATM Withdrawal,16.0,Tablet,Los Angeles,0,52,11,Net Banking,1
2624.5,Online Purchase,6.0,Tablet,Los Angeles,4,81,8,Net Banking,1
642.61,POS Payment,18.0,Tablet,San Francisco,2,107,10,Debit Card,1
2050.77,POS Payment,19.0,Mobile,Chicago,2,93,11,UPI,1
3101.97,Online Purchase,22.0,Desktop,New York,1,86,11,Invalid Method,1
2826.95,Bank Transfer,16.0,Desktop,New York,4,108,11,Credit Card,1
2206.12,Online Purchase,22.0,Tablet,Houston,3,3,4,Credit Card,1
1245.91,Online Purchase,20.0,Tablet,New York,1,106,4,UPI,1
751.34,Bill Payment,17.0,Desktop,Los Angeles,2,59,13,Net Banking,1
614.91,POS Payment,19.0,Desktop,Los Angeles,3,100,4,Credit Card,1
4474.41,Bill Payment,11.0,Mobile,Chicago,4,64,1,Credit Card,1
264.09,Bill Payment,13.0,Desktop,Chicago,1,58,7,Debit Card,1
2158.51,POS Payment,20.0,Desktop,Chicago,3,72,6,Debit Card,1
1808.69,Bank Transfer,9.0,Mobile,New York,0,51,3,Debit Card,1
262.41,Bill Payment,10.0,Desktop,Chicago,2,114,12,Net Banking,1
801.17,Bank Transfer,23.0,Mobile,Chicago,4,1,8,Net Banking,1
1636.26,Bank Transfer,11.0,Mobile,Chicago,0,30,3,UPI,1
2955.95,Bank Transfer,7.0,Tablet,Los Angeles,3,20,3,UPI,1
1410.59,Online Purchase,21.0,Mobile,Houston,0,9,8,UPI,1
1497.0,POS Payment,12.0,Mobile,New York,3,88,1,Debit Card,1
4401.26,POS Payment,15.0,Mobile,Boston,0,31,1,Credit Card,1
3342.41,POS Payment,17.0,Desktop,Los Angeles,4,57,11,Net Banking,1
1051.36,Bank Transfer,10.0,Desktop,San Francisco,1,99,1,UPI,1
2197.13,Online Purchase,17.0,Tablet,Los Angeles,2,117,2,UPI,1
2773.57,POS Payment,8.0,Tablet,New York,1,110,4,Debit Card,1
3415.88,POS Payment,2.0,Tablet,Chicago,4,98,6,Net Banking,1
2148.73,Bank Transfer,11.0,Tablet,Chicago,0,10,4,Credit Card,1
4480.15,Online Purchase,12.0,Tablet,Houston,1,60,14,Debit Card,1
3608.1,ATM Withdrawal,6.0,Mobile,Boston,4,114,10,Credit Card,1
4510.98,Bank Transfer,5.0,Mobile,Boston,3,115,6,UPI,1
951.2,Bill Payment,23.0,Mobile,Chicago,4,73,5,Debit Card,1
682.76,POS Payment,8.0,Mobile,Houston,1,113,10,Debit Card,1
4028.21,Bill Payment,23.0,Tablet,Chicago,2,88,4,UPI,1
3806.02,ATM Withdrawal,17.0,Tablet,Boston,4,66,10,Credit Card,1
2909.79,Bill Payment,19.0,Tablet,Miami,2,116,14,Credit Card,1
1453.28,ATM Withdrawal,13.0,Desktop,Houston,0,87,1,Debit Card,1
3527.04,Bank Transfer,13.0,Mobile,Los Angeles,0,90,5,Net Banking,1
4814.37,Bank Transfer,21.0,Mobile,Houston,2,30,6,Net Banking,1
3595.78,Online Purchase,15.0,Desktop,New York,0,81,9,Debit Card,1
668.88,Bill Payment,23.0,Mobile,New York,1,50,11,UPI,1
4056.5,POS Payment,19.0,Mobile,Houston,4,37,13,Debit Card,1
3859.64,Online Purchase,2.0,Tablet,Chicago,2,80,6,UPI,1
1697.5,POS Payment,7.0,Desktop,Boston,3,83,7,Net Banking,1
3249.51,ATM Withdrawal,22.0,Mobile,Los Angeles,4,68,10,Net Banking,1
3252.31,Online Purchase,16.0,Tablet,Los Angeles,3,64,1,Debit Card,1
3770.34,Online Purchase,20.0,Tablet,Chicago,3,77,12,UPI,1
3969.59,Bank Transfer,16.0,Tablet,Chicago,2,109,9,UPI,1
2743.63,POS Payment,10.0,Mobile,Chicago,0,72,5,Credit Card,1
4111.59,ATM Withdrawal,3.0,Desktop,Los Angeles,2,104,9,Credit Card,1
2177.6,Bill Payment,17.0,Tablet,Houston,4,115,11,Net Banking,1
3519.6,ATM Withdrawal,21.0,Tablet,Chicago,1,41,1,Credit Card,1
4495.96,POS Payment,7.0,Tablet,Miami,4,110,7,UPI,1
75.76,Bank Transfer,11.0,Desktop,Houston,4,63,12,Net Banking,1
1632.77,Bank Transfer,21.0,Mobile,Los Angeles,4,13,12,Credit Card,1
472.68,ATM Withdrawal,15.0,Unknown Device,New York,3,92,3,Debit Card,1
2568.14,Bill Payment,1.0,Tablet,Los Angeles,4,106,7,UPI,1
2013.45,Online Purchase,14.0,Tablet,Los Angeles,2,71,4,Net Banking,1
455.77,POS Payment,10.0,Desktop,Los Angeles,3,73,5,Debit Card,1
3859.66,Bill Payment,5.0,Desktop,Miami,3,87,6,Debit Card,1
3881.07,POS Payment,12.0,Tablet,Boston,4,61,11,Net Banking,1
2492.51,Bank Transfer,20.0,Mobile,Los Angeles,0,117,4,Debit Card,1
791.53,POS Payment,8.0,Tablet,Boston,0,77,8,UPI,1
688.65,ATM Withdrawal,14.0,Mobile,Houston,3,48,3,Debit Card,1
4077.9,POS Payment,9.0,Tablet,Houston,3,78,8,Net Banking,1
2063.97,ATM Withdrawal,14.0,Mobile,New York,0,100,12,UPI,1
976.51,Bill Payment,20.0,Mobile,Chicago,4,14,10,Net Banking,1
4260.92,Online Purchase,17.0,Desktop,Boston,2,49,2,Debit Card,1
2051.73,POS Payment,10.0,Tablet,Los Angeles,3,21,2,Credit Card,1
317.47,Bank Transfer,7.0,Desktop,Chicago,0,55,7,Net Banking,1
2485.15,ATM Withdrawal,6.0,Mobile,Chicago,0,85,1,Debit Card,1
4867.66,Bill Payment,20.0,Mobile,Boston,3,110,7,Credit Card,1
4278.87,ATM Withdrawal,11.0,Mobile,Los Angeles,1,38,7,Net Banking,1
2475.05,Bill Payment,18.0,Mobile,Miami,0,55,13,Net Banking,1
4646.85,POS Payment,23.0,Desktop,San Francisco,4,104,4,Credit Card,1
2003.84,Bill Payment,18.0,Desktop,New York,2,79,10,Debit Card,1
606.53,Online Purchase,5.0,Tablet,Houston,0,53,8,Net Banking,1
2290.4,Bill Payment,8.0,Mobile,Los Angeles,0,45,6,Credit Card,1
4919.45,Bank Transfer,13.0,Mobile,Houston,4,69,3,Debit Card,1
3057.99,ATM Withdrawal,18.0,Mobile,Boston,2,100,12,Debit Card,1
1832.46,ATM Withdrawal,7.0,Mobile,Boston,1,48,2,Net Banking,1
2774.47,Bill Payment,10.0,Tablet,Houston,1,20,6,Debit Card,1
2776.49,Bank Transfer,18.0,Desktop,Chicago,4,33,6,Net Banking,1
1069.09,Online Purchase,20.0,Tablet,Los Angeles,1,33,12,Debit Card,1
2078.78,ATM Withdrawal,10.0,Mobile,Boston,2,110,13,Net Banking,1
32.86,Bank Transfer,18.0,Desktop,Miami,4,71,10,Net Banking,1
181.53,Bank Transfer,23.0,Desktop,Los Angeles,3,69,4,Credit Card,1
49997.8,ATM Withdrawal,15.0,Desktop,Boston,3,36,8,Debit Card,1
1654.43,Online Purchase,22.0,Tablet,New York,3,56,1,Credit Card,1
2143.12,Online Purchase,22.0,Desktop,Miami,2,68,6,UPI,1
2642.77,ATM Withdrawal,15.0,Mobile,New York,1,40,4,Credit Card,1
411.13,ATM Withdrawal,14.0,Mobile,New York,1,118,10,Debit Card,1
1560.21,POS Payment,22.0,Tablet,Chicago,1,73,11,Credit Card,1
282.65,ATM Withdrawal,13.0,Tablet,Chicago,3,19,13,Debit Card,1
2388.79,Bank Transfer,16.0,Desktop,Boston,3,36,10,Debit Card,1
1338.01,Online Purchase,8.0,Desktop,Boston,0,89,7,UPI,1
3796.02,ATM Withdrawal,21.0,Unknown Device,Chicago,1,51,6,Debit Card,1
3136.39,ATM Withdrawal,12.0,Mobile,Los Angeles,2,12,6,Credit Card,1
1960.33,Bill Payment,20.0,Mobile,Boston,2,24,8,Net Banking,1
3835.46,Bank Transfer,9.0,Mobile,Chicago,3,117,9,Credit Card,1
2529.85,POS Payment,14.0,Desktop,New York,1,8,1,Debit Card,1
2955.42,ATM Withdrawal,22.0,Desktop,Miami,0,57,6,UPI,1
2488.9,Online Purchase,20.0,Tablet,Chicago,0,100,12,Net Banking,1
4565.1,Bill Payment,16.0,Desktop,Miami,1,19,11,UPI,1
2996.62,POS Payment,11.0,Mobile,New York,4,77,2,Debit Card,1
1794.25,Online Purchase,13.0,Desktop,Chicago,2,117,7,Credit Card,1
443.41,Bill Payment,13.0,Mobile,Houston,0,84,11,Net Banking,1
4641.58,Bill Payment,16.0,Tablet,Houston,4,6,10,Net Banking,1
1640.5,Bill Payment,22.0,Tablet,Los Angeles,2,19,5,Debit Card,1
2534.82,POS Payment,16.0,Desktop,Miami,4,99,5,Debit Card,1
115.95,POS Payment,23.0,Mobile,Seattle,3,114,11,Debit Card,1
4545.1,Bill Payment,15.0,Tablet,Boston,4,61,7,Debit Card,1
4009.18,ATM Withdrawal,8.0,Desktop,Houston,1,107,11,Credit Card,1
4129.88,ATM Withdrawal,11.0,Tablet,Seattle,4,108,4,Credit Card,1
4390.26,ATM Withdrawal,10.0,Tablet,Miami,3,116,10,Net Banking,1
4130.21,Online Purchase,8.0,Tablet,Boston,0,20,8,Debit Card,1
735.6,Bank Transfer,11.0,Desktop,New York,0,101,3,Invalid Method,1
1681.62,POS Payment,19.0,Desktop,Houston,0,15,2,Debit Card,1
3317.22,Bank Transfer,19.0,Desktop,Chicago,1,32,12,Net Banking,1
4552.05,Bank Transfer,10.0,Tablet,Miami,3,97,10,Credit Card,1
1626.46,ATM Withdrawal,17.0,Mobile,Los Angeles,2,94,1,UPI,1
380.33,Online Purchase,19.0,Mobile,Chicago,4,112,1,Credit Card,1
2048.59,Bank Transfer,16.0,Desktop,Seattle,0,91,2,Net Banking,1
4188.42,ATM Withdrawal,17.0,Tablet,San Francisco,4,78,9,Debit Card,1
3470.12,Bill Payment,21.0,Tablet,San Francisco,3,56,9,Credit Card,1
1806.0,ATM Withdrawal,12.0,Mobile,Boston,2,21,2,Net Banking,1
3512.68,POS Payment,0.0,Desktop,Houston,2,52,6,Debit Card,1
2667.04,ATM Withdrawal,21.0,Tablet,Houston,3,49,7,Net Banking,1
3362.59,Bill Payment,17.0,Mobile,Chicago,2,98,2,Net Banking,1
4497.23,Online Purchase,21.0,Desktop,Seattle,2,111,12,Credit Card,1
810.01,Bank Transfer,20.0,Mobile,New York,3,96,14,Debit Card,1
2320.55,POS Payment,13.0,Desktop,Boston,3,10,10,UPI,1
49997.8,POS Payment,14.0,Tablet,Los Angeles,3,60,2,Net Banking,1
338.93,Online Purchase,23.0,Mobile,Los Angeles,0,41,8,Credit Card,1
3339.93,ATM Withdrawal,5.0,Desktop,Boston,2,98,10,Debit Card,1
3985.48,Bank Transfer,12.0,Tablet,Chicago,3,24,14,Debit Card,1
1092.97,POS Payment,4.0,Tablet,Chicago,1,117,11,UPI,1
1533.8,ATM Withdrawal,15.0,Desktop,Chicago,4,88,5,Credit Card,1
2273.7,Online Purchase,11.0,Tablet,Seattle,3,106,3,UPI,1
398.41,ATM Withdrawal,8.0,Mobile,Miami,0,87,1,UPI,1
2140.17,Online Purchase,11.0,Desktop,Houston,0,63,3,UPI,1
144.41,Bill Payment,16.0,Mobile,Houston,4,63,4,Credit Card,1
4167.16,ATM Withdrawal,12.0,Desktop,Chicago,0,95,12,Credit Card,1
4281.94,Online Purchase,23.0,Mobile,Houston,3,57,12,UPI,1
4716.62,Bill Payment,20.0,Mobile,Los Angeles,4,26,13,Credit Card,1
4757.52,Bank Transfer,18.0,Mobile,Miami,2,39,13,Credit Card,1
4367.8,Online Purchase,2.0,Mobile,Houston,4,91,8,Credit Card,1
4742.83,POS Payment,12.0,Mobile,San Francisco,3,99,4,Credit Card,1
4009.42,POS Payment,7.0,Desktop,Houston,3,13,5,Debit Card,1
1786.14,Bill Payment,18.0,Mobile,Houston,4,85,7,Net Banking,1
1835.26,Bank Transfer,17.0,Mobile,San Francisco,2,99,9,Debit Card,1
4211.42,Bill Payment,0.0,Tablet,Boston,3,108,9,Credit Card,1
948.32,POS Payment,21.0,Tablet,Chicago,0,111,7,Net Banking,1
3182.51,Bill Payment,23.0,Desktop,Houston,2,101,13,Net Banking,1
3664.49,POS Payment,10.0,Tablet,Chicago,3,18,14,Net Banking,1
4606.98,ATM Withdrawal,21.0,Desktop,San Francisco,4,69,5,Credit Card,1
4259.74,Bill Payment,9.0,Desktop,Chicago,1,86,5,Credit Card,1
1924.38,Bank Transfer,21.0,Tablet,Houston,4,45,1,Net Banking,1
4673.66,POS Payment,23.0,Desktop,Houston,2,34,6,Credit Card,1
4364.92,Bill Payment,9.0,Mobile,Houston,2,50,11,Debit Card,1
3138.49,Online Purchase,15.0,Mobile,Chicago,2,87,13,Net Banking,1
1554.71,POS Payment,4.0,Mobile,Boston,1,79,14,Net Banking,1
4746.39,Bill Payment,11.0,Mobile,Chicago,0,36,11,Debit Card,1
2109.19,POS Payment,22.0,Tablet,New York,0,22,10,Debit Card,1
1901.66,POS Payment,13.0,Desktop,Miami,0,21,5,Net Banking,1
2524.61,Bill Payment,6.0,Mobile,Miami,0,87,1,Debit Card,1
3720.3,Online Purchase,14.0,Mobile,Seattle,3,70,3,Net Banking,1
3329.73,Bill Payment,18.0,Mobile,Houston,4,25,14,Net Banking,1
49997.8,Bill Payment,21.0,Tablet,New York,2,35,12,Net Banking,1
1356.58,POS Payment,11.0,Tablet,Miami,0,47,7,Credit Card,1
3035.98,Bank Transfer,17.0,Tablet,Houston,4,57,14,Credit Card,1
1777.07,Bank Transfer,19.0,Desktop,Chicago,3,98,11,Net Banking,1
967.43,ATM Withdrawal,9.0,Mobile,Boston,1,93,11,UPI,1
3397.73,Bill Payment,10.0,Mobile,Boston,3,15,3,Net Banking,1
2692.62,POS Payment,14.0,Desktop,Houston,4,46,1,Credit Card,1
2867.83,Bank Transfer,19.0,Mobile,Seattle,4,84,8,UPI,1
836.03,POS Payment,5.0,Desktop,Houston,0,93,4,Net Banking,1
1324.64,Bill Payment,16.0,Mobile,Boston,0,45,13,Invalid Method,1
4963.72,Online Purchase,10.0,Desktop,New York,1,98,8,Net Banking,1
597.92,Bank Transfer,20.0,Mobile,Chicago,1,94,12,Net Banking,1
1657.96,POS Payment,13.0,Unknown Device,Boston,1,11,11,UPI,1
569.49,Bank Transfer,13.0,Tablet,Los Angeles,0,116,3,UPI,1
32.89,POS Payment,13.0,Tablet,Los Angeles,1,108,13,Net Banking,1
2467.07,ATM Withdrawal,16.0,Tablet,Chicago,2,36,5,UPI,1
1483.48,Bank Transfer,21.0,Tablet,Miami,0,45,13,Credit Card,1
3346.66,Bank Transfer,11.0,Tablet,San Francisco,3,79,2,Credit Card,1
745.42,ATM Withdrawal,4.0,Desktop,Chicago,1,20,3,Debit Card,1
2779.81,ATM Withdrawal,16.0,Desktop,Boston,4,4,1,UPI,1
1283.32,Online Purchase,10.0,Desktop,Chicago,4,14,9,Debit Card,1
4469.14,Online Purchase,17.0,Tablet,Chicago,1,16,2,Debit Card,1
2968.23,POS Payment,11.0,Mobile,Miami,4,94,5,UPI,1
4798.0,POS Payment,9.0,Desktop,Houston,3,109,2,Net Banking,1
1974.44,ATM Withdrawal,14.0,Mobile,Houston,2,41,8,Net Banking,1
3667.94,Online Purchase,11.0,Tablet,Boston,2,88,12,Debit Card,1
891.95,Online Purchase,10.0,Tablet,Los Angeles,0,103,5,UPI,1
1307.5,Online Purchase,23.0,Mobile,Miami,0,46,14,UPI,1
3494.7,Bank Transfer,4.0,Desktop,Chicago,3,87,10,Net Banking,1
2882.89,ATM Withdrawal,17.0,Tablet,Chicago,1,1,14,Net Banking,1
2145.01,Bank Transfer,14.0,Desktop,Houston,2,51,14,Debit Card,1
49997.8,ATM Withdrawal,8.0,Mobile,Miami,3,40,6,Net Banking,1
74.52,Bill Payment,7.0,Mobile,Los Angeles,2,78,1,UPI,1
998.97,POS Payment,16.0,Mobile,Houston,3,107,3,Net Banking,1
4950.94,Bank Transfer,10.0,Desktop,San Francisco,2,117,11,Net Banking,1
3228.5,POS Payment,19.0,Desktop,Seattle,0,13,2,Credit Card,1
461.05,POS Payment,20.0,Mobile,Los Angeles,4,28,10,UPI,1
1262.79,POS Payment,13.0,Tablet,Los Angeles,1,25,8,Credit Card,1
1854.56,ATM Withdrawal,12.0,Tablet,Chicago,4,118,11,Debit Card,1
3043.68,Online Purchase,4.0,Desktop,Boston,2,1,4,Credit Card,1
1798.97,Bill Payment,17.0,Mobile,Los Angeles,4,91,7,Credit Card,1
98.61,Bank Transfer,18.0,Tablet,Boston,4,97,4,Net Banking,1
2755.99,ATM Withdrawal,14.0,Mobile,Houston,3,11,7,Debit Card,1
3538.12,POS Payment,17.0,Desktop,Los Angeles,2,102,8,UPI,1
694.45,Online Purchase,10.0,Desktop,Boston,4,19,3,Debit Card,1
3853.25,Online Purchase,22.0,Mobile,San Francisco,1,103,14,Debit Card,1
3109.49,Online Purchase,13.0,Desktop,Miami,2,82,5,Net Banking,1
4583.22,Bank Transfer,22.0,Desktop,Seattle,2,4,3,Credit Card,1
3927.23,ATM Withdrawal,15.0,Tablet,Houston,4,46,5,Credit Card,1
3989.79,Bank Transfer,12.0,Tablet,Houston,1,90,3,Credit Card,1
3137.52,ATM Withdrawal,22.0,Tablet,New York,0,9,1,UPI,1
2826.76,Online Purchase,23.0,Mobile,Chicago,4,69,3,Debit Card,1
2029.37,POS Payment,22.0,Tablet,Miami,2,97,1,Credit Card,1
876.74,Bill Payment,14.0,Tablet,Chicago,1,27,13,Debit Card,1
4958.66,Bill Payment,19.0,Desktop,San Francisco,3,92,7,Credit Card,1
3450.96,Bill Payment,13.0,Mobile,Boston,4,77,2,Invalid Method,1
3799.73,Bill Payment,15.0,Tablet,San Francisco,0,110,5,Debit Card,1
4480.91,Bill Payment,19.0,Tablet,Boston,2,68,13,Net Banking,1
4246.89,ATM Withdrawal,13.0,Tablet,Houston,0,42,10,UPI,1
3147.76,Bank Transfer,6.0,Tablet,Los Angeles,1,28,2,Net Banking,1
2373.73,ATM Withdrawal,23.0,Tablet,Seattle,0,113,2,Debit Card,1
1623.44,ATM Withdrawal,19.0,Mobile,Boston,0,37,9,Credit Card,1
4761.45,Bank Transfer,4.0,Desktop,Los Angeles,3,114,1,Credit Card,1
1607.98,Online Purchase,13.0,Desktop,Houston,2,110,2,Net Banking,1
2140.8,Bank Transfer,17.0,Desktop,Chicago,0,60,13,Net Banking,1
49997.8,Bank Transfer,6.0,Mobile,Chicago,1,98,7,Net Banking,1
3663.65,Bank Transfer,15.0,Desktop,Miami,4,30,10,UPI,1
3747.12,Bank Transfer,21.0,Mobile,Miami,2,68,1,Net Banking,1
1039.85,Bill Payment,22.0,Mobile,Miami,1,22,11,Net Banking,1
4818.63,Online Purchase,15.0,Mobile,Chicago,4,17,4,Credit Card,1
3074.97,Online Purchase,5.0,Tablet,Boston,2,70,11,Credit Card,1
3982.52,Online Purchase,12.0,Unknown Device,Houston,4,65,11,Debit Card,1
2989.13,POS Payment,3.0,Tablet,Chicago,1,24,9,Debit Card,1
2659.97,Bill Payment,20.0,Tablet,Houston,2,6,13,Credit Card,1
2323.45,ATM Withdrawal,14.0,Tablet,New York,2,112,10,Net Banking,1
2817.58,Bill Payment,10.0,Tablet,New York,3,52,3,UPI,1
4356.19,Bill Payment,15.0,Tablet,Los Angeles,2,61,4,Debit Card,1
2470.71,Bank Transfer,21.0,Tablet,Los Angeles,0,102,3,UPI,1
4980.97,Bill Payment,14.0,Tablet,Houston,0,16,3,Debit Card,1
1306.19,Bill Payment,6.0,Desktop,Boston,1,65,7,Debit Card,1
592.68,Online Purchase,17.0,Mobile,Los Angeles,1,58,8,Net Banking,1
854.82,Online Purchase,22.0,Tablet,San Francisco,4,103,4,Net Banking,1
3123.42,ATM Withdrawal,20.0,Mobile,Los Angeles,4,98,9,Debit Card,1
4704.49,Online Purchase,21.0,Mobile,Boston,0,52,1,UPI,1
99.55,ATM Withdrawal,14.0,Tablet,Miami,0,51,7,Net Banking,1
2883.36,Bank Transfer,17.0,Desktop,Miami,0,94,5,Credit Card,1
2035.96,Online Purchase,2.0,Desktop,Chicago,0,115,5,Debit Card,1
4314.71,ATM Withdrawal,21.0,Mobile,San Francisco,4,28,4,UPI,1
1803.13,Online Purchase,14.0,Mobile,Houston,0,6,3,UPI,1
1952.26,Bill Payment,20.0,Tablet,Miami,4,21,7,Credit Card,1
1031.43,Bill Payment,15.0,Mobile,Los Angeles,1,90,5,Credit Card,1
4669.79,POS Payment,4.0,Mobile,Houston,1,73,10,UPI,1
1560.69,ATM Withdrawal,5.0,Mobile,Chicago,2,100,4,Net Banking,1
1353.51,Bank Transfer,13.0,Tablet,Los Angeles,1,85,9,UPI,1
3917.98,Bill Payment,7.0,Desktop,Los Angeles,3,115,12,Credit Card,1
3122.73,POS Payment,18.0,Mobile,Houston,4,111,8,Credit Card,1
2297.79,Bank Transfer,10.0,Desktop,Houston,1,51,6,Credit Card,1
144.47,Bank Transfer,1.0,Tablet,Boston,4,90,8,Debit Card,1
2820.23,Bank Transfer,14.0,Mobile,Miami,4,88,14,Debit Card,1
2284.47,ATM Withdrawal,6.0,Mobile,Los Angeles,2,115,3,Credit Card,1
4714.73,POS Payment,16.0,Desktop,New York,1,39,10,Debit Card,1
3199.41,Bank Transfer,10.0,Tablet,Los Angeles,4,106,5,Credit Card,1
908.1,Bank Transfer,8.0,Mobile,New York,0,97,1,UPI,1
3080.96,POS Payment,0.0,Tablet,New York,3,100,1,Credit Card,1
1798.12,POS Payment,14.0,Tablet,Boston,1,108,6,Net Banking,1
1388.05,POS Payment,18.0,Unknown Device,Miami,3,28,9,UPI,1
4515.38,Online Purchase,20.0,Desktop,Chicago,1,33,1,Debit Card,1
4495.72,ATM Withdrawal,0.0,Mobile,Los Angeles,0,106,3,Debit Card,1
3822.1,POS Payment,21.0,Tablet,Houston,4,79,5,Net Banking,1
4768.01,ATM Withdrawal,20.0,Tablet,New York,1,38,5,Debit Card,1
4015.57,Bank Transfer,18.0,Desktop,Boston,3,93,8,Credit Card,1
3386.21,POS Payment,5.0,Mobile,Houston,2,66,3,Net Banking,1
4090.27,Bank Transfer,6.0,Desktop,Chicago,3,59,3,UPI,1
3993.15,Online Purchase,2.0,Desktop,Boston,4,5,5,UPI,1
2320.23,Bill Payment,22.0,Mobile,Miami,2,106,11,UPI,1
2812.68,Bill Payment,6.0,Mobile,New York,1,118,4,Debit Card,1
2989.13,POS Payment,20.0,Desktop,New York,1,105,10,Debit Card,1
1610.41,Online Purchase,7.0,Desktop,Boston,1,62,8,Net Banking,1
4844.06,ATM Withdrawal,16.0,Desktop,New York,0,118,10,Net Banking,1
1736.89,Bill Payment,6.0,Unknown Device,Chicago,1,42,4,Net Banking,1
3886.14,ATM Withdrawal,6.0,Tablet,Chicago,0,32,8,Debit Card,1
4393.12,Online Purchase,19.0,Desktop,Houston,1,84,3,UPI,1
4637.51,Online Purchase,15.0,Tablet,Miami,1,87,11,UPI,1
37.35,ATM Withdrawal,17.0,Tablet,Chicago,4,38,3,UPI,1
3330.61,Online Purchase,7.0,Desktop,San Francisco,0,109,3,Credit Card,1
289.04,Online Purchase,17.0,Tablet,Houston,3,71,10,Invalid Method,1
826.23,Bank Transfer,23.0,Desktop,Miami,3,95,1,Debit Card,1
2977.42,Bill Payment,9.0,Tablet,San Francisco,0,66,2,Net Banking,1
3769.84,Online Purchase,3.0,Tablet,Boston,3,49,10,Credit Card,1
4047.71,POS Payment,16.0,Tablet,Boston,3,13,9,Net Banking,1
1149.35,Online Purchase,17.0,Desktop,Chicago,2,33,8,UPI,1
1853.19,Bank Transfer,6.0,Desktop,Houston,2,53,3,Credit Card,1
4264.82,Bill Payment,13.0,Desktop,Los Angeles,3,70,2,UPI,1
1514.9,Bank Transfer,22.0,Tablet,Los Angeles,0,94,3,Credit Card,1
3423.89,Bill Payment,14.0,Desktop,New York,3,105,9,UPI,1
2984.4,Bank Transfer,10.0,Mobile,Boston,0,32,1,Net Banking,1
4203.68,Bank Transfer,6.0,Desktop,Boston,1,9,7,Credit Card,1
501.26,ATM Withdrawal,22.0,Unknown Device,Miami,1,96,1,Debit Card,1
2925.03,Online Purchase,5.0,Mobile,Miami,1,106,9,Credit Card,1
4273.27,POS Payment,23.0,Tablet,New York,2,35,11,Credit Card,1
278.58,Bank Transfer,14.0,Unknown Device,Miami,2,85,10,UPI,1
4414.3,Online Purchase,22.0,Mobile,Houston,2,11,7,Debit Card,1
4202.44,Bill Payment,22.0,Mobile,Houston,2,47,10,Net Banking,1
2252.36,Bank Transfer,21.0,Desktop,Houston,0,76,8,Credit Card,1
4436.55,Online Purchase,9.0,Tablet,Chicago,2,19,4,UPI,1
4592.59,Bank Transfer,9.0,Tablet,Houston,4,47,8,Debit Card,1
4149.38,Online Purchase,14.0,Unknown Device,New York,4,61,9,Credit Card,1
4603.21,ATM Withdrawal,3.0,Tablet,Houston,0,25,5,Net Banking,1
569.14,POS Payment,5.0,Desktop,Boston,4,84,10,Debit Card,1
1527.7,Online Purchase,13.0,Tablet,Los Angeles,1,87,11,UPI,1
4596.19,POS Payment,18.0,Desktop,New York,1,83,13,Credit Card,1
2559.99,Bill Payment,15.0,Desktop,Chicago,4,77,12,Net Banking,1
3719.68,Bill Payment,15.0,Desktop,Chicago,0,112,9,Debit Card,1
3935.53,POS Payment,5.0,Mobile,Houston,3,99,14,Net Banking,1
4030.97,Online Purchase,19.0,Desktop,Seattle,1,43,5,Credit Card,1
291.05,Bank Transfer,12.0,Tablet,Houston,3,87,9,Debit Card,1
1007.2,ATM Withdrawal,10.0,Tablet,Boston,1,63,7,Credit Card,1
1753.77,Bill Payment,4.0,Mobile,Boston,0,95,2,UPI,1
4285.18,Bank Transfer,15.0,Desktop,Miami,4,46,10,Credit Card,1
603.16,POS Payment,15.0,Desktop,Chicago,0,56,12,Credit Card,1
3232.27,Bill Payment,16.0,Tablet,Miami,3,62,10,Credit Card,1
809.69,ATM Withdrawal,10.0,Desktop,Chicago,1,2,2,Credit Card,1
3302.5,Bill Payment,18.0,Mobile,Houston,0,100,3,Net Banking,1
2549.78,Bank Transfer,12.0,Tablet,Miami,2,104,12,Credit Card,1
715.93,POS Payment,23.0,Desktop,Houston,3,67,13,Debit Card,1
3978.9,Bill Payment,13.0,Tablet,Miami,1,74,13,Net Banking,1
3243.86,Online Purchase,14.0,Tablet,Miami,0,95,2,Net Banking,1
2795.99,Online Purchase,18.0,Desktop,Seattle,2,73,7,UPI,1
1455.05,Bill Payment,19.0,Desktop,Chicago,0,76,9,Debit Card,1
244.12,Bank Transfer,7.0,Desktop,Miami,1,106,9,Credit Card,1
3514.68,Bill Payment,20.0,Desktop,Houston,0,116,8,Debit Card,1
136.95,Bill Payment,23.0,Tablet,Miami,1,106,13,UPI,1
3412.06,ATM Withdrawal,13.0,Desktop,Chicago,1,104,9,Credit Card,1
3602.76,Online Purchase,10.0,Tablet,Boston,4,40,8,Credit Card,1
68.32,POS Payment,20.0,Tablet,Boston,4,12,14,Credit Card,1
4301.63,Bank Transfer,0.0,Mobile,Boston,1,44,2,Credit Card,1
4216.13,Online Purchase,11.0,Desktop,San Francisco,1,108,7,UPI,1
3676.01,Bill Payment,11.0,Tablet,Boston,4,44,7,Credit Card,1
178.74,Bank Transfer,6.0,Tablet,Boston,4,55,5,UPI,1
2498.2,ATM Withdrawal,11.0,Desktop,Chicago,4,74,5,UPI,1
1322.02,ATM Withdrawal,22.0,Tablet,Los Angeles,0,35,11,Debit Card,1
2542.94,ATM Withdrawal,12.0,Tablet,San Francisco,2,117,2,Net Banking,1
4608.21,POS Payment,9.0,Unknown Device,Miami,3,58,1,Net Banking,1
2174.45,POS Payment,10.0,Desktop,Boston,3,3,6,Debit Card,1
4056.5,ATM Withdrawal,9.0,Tablet,Chicago,1,109,6,Net Banking,1
2172.7,ATM Withdrawal,19.0,Tablet,Chicago,1,51,5,Net Banking,1
3835.2,Bank Transfer,9.0,Tablet,Houston,0,24,11,UPI,1
2757.98,ATM Withdrawal,12.0,Mobile,Boston,3,12,13,Credit Card,1
704.89,ATM Withdrawal,9.0,Desktop,Boston,3,108,10,Credit Card,1
555.8,Bill Payment,22.0,Mobile,Miami,2,44,4,Debit Card,1
4779.49,ATM Withdrawal,16.0,Desktop,Boston,4,104,2,Debit Card,1
2089.76,POS Payment,20.0,Mobile,Houston,2,101,8,UPI,1
1734.59,ATM Withdrawal,14.0,Mobile,Miami,0,99,6,UPI,1
3623.39,Bank Transfer,13.0,Mobile,Los Angeles,4,96,1,Credit Card,1
3834.52,ATM Withdrawal,8.0,Mobile,Chicago,3,118,1,Debit Card,1
4529.5,Online Purchase,19.0,Tablet,Miami,2,45,6,Credit Card,1
2038.39,POS Payment,11.0,Desktop,New York,0,115,13,Debit Card,1
1624.14,POS Payment,23.0,Tablet,Seattle,2,109,10,UPI,1
1199.35,ATM Withdrawal,11.0,Tablet,Chicago,1,117,7,Credit Card,1
70.83,Bank Transfer,4.0,Tablet,Houston,4,119,11,UPI,1
2940.9,Online Purchase,1.0,Tablet,Boston,2,29,1,Credit Card,1
3011.12,ATM Withdrawal,12.0,Mobile,Houston,0,50,11,Debit Card,1
2933.53,Online Purchase,18.0,Tablet,New York,0,78,10,UPI,1
4704.59,Bill Payment,17.0,Tablet,Chicago,2,113,12,UPI,1
856.99,POS Payment,19.0,Mobile,Miami,3,64,14,UPI,1
3068.35,Bill Payment,22.0,Desktop,Boston,2,96,1,Debit Card,1
4886.07,Bank Transfer,22.0,Tablet,New York,1,2,3,UPI,1
482.57,Bank Transfer,6.0,Desktop,Boston,0,47,13,Credit Card,1
4377.25,ATM Withdrawal,6.0,Tablet,Houston,0,111,7,UPI,1
489.91,Bill Payment,17.0,Mobile,Seattle,1,92,2,Net Banking,1
3335.89,POS Payment,12.0,Desktop,Houston,3,99,7,Net Banking,1
3579.57,ATM Withdrawal,21.0,Tablet,Houston,1,48,9,Credit Card,1
1256.08,Online Purchase,1.0,Tablet,Chicago,4,73,3,Net Banking,1
4916.69,ATM Withdrawal,10.0,Mobile,Los Angeles,3,99,5,UPI,1
969.1,POS Payment,2.0,Mobile,Miami,0,118,6,Net Banking,1
3956.39,Bank Transfer,4.0,Tablet,Houston,0,100,5,UPI,1
3384.7,POS Payment,2.0,Tablet,Boston,3,97,14,Net Banking,1
2725.72,POS Payment,20.0,Tablet,Los Angeles,4,49,9,Debit Card,1
2566.98,Online Purchase,10.0,Desktop,Houston,3,85,7,Debit Card,1
3391.18,Bill Payment,2.0,Tablet,Miami,0,118,6,Net Banking,1
1327.98,ATM Withdrawal,0.0,Mobile,Houston,4,76,5,Credit Card,1
983.34,POS Payment,13.0,Tablet,Houston,3,58,7,Debit Card,1
1603.66,Bill Payment,19.0,Mobile,Miami,0,36,5,Debit Card,1
850.21,ATM Withdrawal,1.0,Desktop,Chicago,4,113,5,Net Banking,1
2694.6,Online Purchase,5.0,Desktop,Chicago,4,19,4,Credit Card,1
4333.6,ATM Withdrawal,21.0,Tablet,Chicago,3,45,6,UPI,1
3938.19,Online Purchase,15.0,Tablet,Houston,0,15,13,UPI,1
142.89,Bill Payment,17.0,Desktop,Chicago,3,92,6,Net Banking,1
3375.97,ATM Withdrawal,1.0,Desktop,Boston,1,72,10,Debit Card,1
1060.25,ATM Withdrawal,15.0,Mobile,Chicago,2,100,13,Debit Card,1
4741.69,POS Payment,12.0,Tablet,Chicago,3,7,14,Debit Card,1
1061.86,Bank Transfer,5.0,Tablet,Chicago,0,81,7,Debit Card,1
3205.24,Online Purchase,4.0,Mobile,Houston,1,35,3,Debit Card,1
3940.6,ATM Withdrawal,10.0,Mobile,Houston,1,42,9,Credit Card,1
4621.78,Online Purchase,11.0,Tablet,Boston,1,55,12,Net Banking,1
336.86,Bank Transfer,4.0,Desktop,Chicago,2,59,11,Debit Card,1
2389.39,Online Purchase,12.0,Desktop,Boston,1,60,5,Debit Card,1
49997.8,POS Payment,4.0,Desktop,San Francisco,3,89,12,Debit Card,1
3483.19,Bill Payment,18.0,Desktop,Miami,3,76,8,Credit Card,1
1748.55,Bill Payment,17.0,Mobile,San Francisco,2,35,4,Credit Card,1
1658.72,Bill Payment,5.0,Tablet,Los Angeles,2,105,11,UPI,1
303.07,Bank Transfer,5.0,Mobile,Houston,2,107,12,Net Banking,1
2990.25,ATM Withdrawal,12.0,Desktop,Seattle,4,117,7,UPI,1
1055.43,ATM Withdrawal,15.0,Mobile,Boston,1,32,8,UPI,1
2125.63,ATM Withdrawal,18.0,Desktop,Seattle,2,104,7,Credit Card,1
2545.05,Bank Transfer,11.0,Mobile,Houston,4,8,3,Debit Card,1
3608.85,POS Payment,8.0,Desktop,Los Angeles,0,116,3,Debit Card,1
4748.79,Bank Transfer,17.0,Desktop,Chicago,0,92,12,Credit Card,1
3925.69,POS Payment,23.0,Desktop,New York,4,91,14,Net Banking,1
2339.14,Bank Transfer,17.0,Desktop,Los Angeles,0,33,6,Credit Card,1
4160.51,Online Purchase,17.0,Tablet,Seattle,0,37,1,Credit Card,1
3934.2,Bill Payment,9.0,Mobile,San Francisco,1,76,3,Debit Card,1
4510.16,Bank Transfer,3.0,Tablet,Houston,2,80,9,Net Banking,1
4156.04,POS Payment,17.0,Desktop,San Francisco,0,57,7,Credit Card,1
3108.05,Bill Payment,4.0,Mobile,Houston,2,72,3,Net Banking,1
2785.02,Bill Payment,3.0,Desktop,Houston,0,45,2,Debit Card,1
3239.3,Bank Transfer,15.0,Desktop,Miami,2,12,1,UPI,1
1951.79,Online Purchase,10.0,Mobile,Miami,3,115,8,Net Banking,1
1933.75,ATM Withdrawal,17.0,Tablet,Boston,1,81,8,Debit Card,1
4324.93,Online Purchase,12.0,Mobile,Boston,4,62,1,Debit Card,1
1301.03,Bill Payment,20.0,Desktop,Houston,4,12,13,UPI,1
4232.79,Bank Transfer,19.0,Tablet,Miami,1,74,12,Net Banking,1
1739.09,Bank Transfer,15.0,Mobile,San Francisco,4,110,9,Debit Card,1
4756.66,Bank Transfer,8.0,Desktop,Chicago,4,90,14,UPI,1
2799.56,Bank Transfer,13.0,Desktop,Houston,4,62,1,Debit Card,1
2092.15,Bill Payment,15.0,Desktop,Miami,3,66,10,UPI,1
2835.66,Bill Payment,5.0,Desktop,Boston,0,24,5,Debit Card,1
547.29,POS Payment,14.0,Desktop,New York,0,72,5,Net Banking,1
3618.95,Bill Payment,21.0,Tablet,Miami,0,84,4,Debit Card,1
1392.68,POS Payment,7.0,Tablet,Houston,1,75,5,Debit Card,1
4116.99,Bank Transfer,16.0,Desktop,New York,0,112,9,Debit Card,1
4057.93,Bill Payment,1.0,Tablet,Chicago,4,56,2,Net Banking,1
2823.89,Bank Transfer,15.0,Desktop,New York,3,115,3,UPI,1
4477.28,Bill Payment,1.0,Mobile,Boston,4,106,12,UPI,1
1741.71,Bank Transfer,17.0,Desktop,Los Angeles,4,45,9,Credit Card,1
2280.81,ATM Withdrawal,23.0,Mobile,San Francisco,4,112,1,Credit Card,1
1626.09,Bill Payment,22.0,Tablet,San Francisco,4,92,6,Debit Card,1
2317.72,Bill Payment,20.0,Mobile,Houston,0,101,2,Credit Card,1
4374.29,Online Purchase,12.0,Mobile,Los Angeles,1,33,8,Credit Card,1
3817.36,ATM Withdrawal,15.0,Mobile,Miami,1,47,6,UPI,1
2527.24,Online Purchase,4.0,Unknown Device,Houston,1,49,7,UPI,1
1555.39,Bank Transfer,3.0,Tablet,Houston,1,117,9,Credit Card,1
1770.54,POS Payment,9.0,Mobile,Los Angeles,4,84,10,Net Banking,1
2789.35,Bill Payment,23.0,Desktop,Los Angeles,0,50,7,Debit Card,1
2607.41,ATM Withdrawal,22.0,Mobile,Chicago,3,101,2,Credit Card,1
1823.33,Online Purchase,14.0,Mobile,Chicago,4,84,3,UPI,1
1010.36,Bank Transfer,20.0,Mobile,New York,0,20,7,Debit Card,1
4439.77,ATM Withdrawal,15.0,Desktop,Los Angeles,4,65,4,Net Banking,1
4076.69,Online Purchase,18.0,Desktop,Miami,1,68,12,Net Banking,1
2672.76,Bill Payment,18.0,Tablet,Boston,0,19,1,Credit Card,1
1591.4,POS Payment,23.0,Tablet,San Francisco,2,14,2,Debit Card,1
4145.94,Bank Transfer,10.0,Mobile,New York,2,87,5,Debit Card,1
1824.64,Bill Payment,9.0,Mobile,Chicago,4,48,8,Debit Card,1
4148.25,ATM Withdrawal,11.0,Mobile,Chicago,2,1,8,UPI,1
872.63,Bill Payment,15.0,Mobile,New York,0,43,1,Net Banking,1
2993.96,Bill Payment,16.0,Mobile,Chicago,1,100,14,Credit Card,1
2496.1,ATM Withdrawal,18.0,Mobile,San Francisco,2,27,2,Credit Card,1
4040.73,Bank Transfer,16.0,Mobile,Seattle,4,113,8,Net Banking,1
4496.12,Bill Payment,8.0,Tablet,Boston,0,37,7,UPI,1
4504.85,Bill Payment,12.0,Mobile,New York,1,68,8,UPI,1
4574.37,Online Purchase,12.0,Mobile,Miami,2,31,5,UPI,1
2734.36,ATM Withdrawal,17.0,Mobile,Chicago,3,114,8,Net Banking,1
2269.46,Bill Payment,10.0,Tablet,Chicago,2,107,14,Debit Card,1
3607.87,POS Payment,5.0,Mobile,Miami,0,76,4,Debit Card,1
4237.81,Online Purchase,23.0,Mobile,Los Angeles,1,51,1,Debit Card,1
4375.32,Online Purchase,7.0,Mobile,Los Angeles,2,52,4,Debit Card,1
4177.61,ATM Withdrawal,8.0,Mobile,Miami,4,104,4,UPI,1
3337.81,Bill Payment,18.0,Mobile,Boston,0,94,1,Debit Card,1
2807.35,ATM Withdrawal,19.0,Tablet,Miami,2,113,2,Credit Card,1
1371.48,Bank Transfer,21.0,Desktop,Los Angeles,0,77,5,Credit Card,1
4489.79,ATM Withdrawal,16.0,Mobile,Houston,3,85,4,UPI,1
2962.91,ATM Withdrawal,6.0,Desktop,Chicago,0,76,6,UPI,1
4039.08,POS Payment,5.0,Tablet,Chicago,2,117,7,Credit Card,1
2586.05,Online Purchase,0.0,Tablet,Chicago,1,113,9,Debit Card,1
1310.6,POS Payment,15.0,Tablet,Boston,1,20,10,Debit Card,1
4563.32,Bank Transfer,4.0,Desktop,Boston,4,92,1,Debit Card,1
3884.85,Online Purchase,19.0,Desktop,New York,3,80,7,Credit Card,1
1298.4,POS Payment,7.0,Mobile,Houston,4,106,10,UPI,1
3234.29,Online Purchase,17.0,Mobile,Houston,3,94,8,UPI,1
4173.12,POS Payment,11.0,Tablet,Chicago,0,113,5,Net Banking,1
1352.8,POS Payment,5.0,Mobile,Houston,4,87,9,Net Banking,1
2437.52,POS Payment,5.0,Desktop,Los Angeles,2,55,6,Credit Card,1
2987.32,Bill Payment,20.0,Mobile,San Francisco,2,26,2,UPI,1
2993.47,Bank Transfer,12.0,Unknown Device,Miami,1,96,4,UPI,1
824.57,POS Payment,13.0,Mobile,Los Angeles,2,15,7,Debit Card,1
252.84,POS Payment,7.0,Tablet,Chicago,0,64,12,Debit Card,1
3364.73,POS Payment,22.0,Mobile,Seattle,2,88,8,Credit Card,1
2313.83,Bill Payment,18.0,Mobile,New York,1,77,4,UPI,1
49997.8,Online Purchase,21.0,Tablet,Los Angeles,4,95,9,Debit Card,1
2589.61,ATM Withdrawal,16.0,Mobile,Los Angeles,0,114,1,Net Banking,1
1794.76,Bank Transfer,21.0,Desktop,Boston,4,55,1,Net Banking,1
2036.71,ATM Withdrawal,14.0,Tablet,Boston,1,103,9,Debit Card,1
4726.11,Bank Transfer,22.0,Tablet,San Francisco,2,89,12,Credit Card,1
4270.74,Bank Transfer,19.0,Desktop,Chicago,0,83,10,Credit Card,1
46.01,Online Purchase,16.0,Tablet,Chicago,3,66,1,Net Banking,1
4916.69,Bank Transfer,16.0,Desktop,Chicago,3,113,13,UPI,1
3716.33,Online Purchase,0.0,Desktop,Miami,2,107,6,Debit Card,1
4869.32,ATM Withdrawal,0.0,Desktop,Chicago,1,70,6,Net Banking,1
431.49,Online Purchase,17.0,Tablet,Boston,4,66,2,Debit Card,1
3097.81,Online Purchase,20.0,Desktop,Boston,0,66,7,Debit Card,1
396.05,POS Payment,23.0,Mobile,San Francisco,3,110,7,Debit Card,1
874.85,POS Payment,10.0,Desktop,Boston,0,56,1,Net Banking,1
2865.75,Bank Transfer,23.0,Desktop,Seattle,2,48,8,UPI,1
2040.11,POS Payment,10.0,Mobile,Houston,4,83,13,UPI,1
4884.4,Bank Transfer,16.0,Desktop,Boston,3,106,13,Credit Card,1
1483.4,Bill Payment,23.0,Mobile,Miami,0,112,10,UPI,1
4288.51,Online Purchase,8.0,Tablet,Los Angeles,2,70,2,Net Banking,1
3947.46,POS Payment,16.0,Tablet,Houston,4,55,12,Invalid Method,1
11.84,POS Payment,1.0,Mobile,Chicago,2,68,2,Credit Card,1
574.3,ATM Withdrawal,5.0,Desktop,Boston,4,104,2,UPI,1
1847.95,Bill Payment,16.0,Mobile,Houston,2,50,7,Net Banking,1
49997.8,Bill Payment,16.0,Tablet,Houston,4,1,5,Debit Card,1
2583.48,Bank Transfer,6.0,Mobile,Houston,3,23,1,Credit Card,1
1738.26,Online Purchase,12.0,Mobile,Chicago,4,119,3,Credit Card,1
3957.75,ATM Withdrawal,9.0,Tablet,Houston,0,61,9,UPI,1
2798.99,POS Payment,17.0,Tablet,San Francisco,2,72,1,Credit Card,1
3719.68,Bill Payment,13.0,Desktop,Chicago,2,115,8,Invalid Method,1
4583.39,Bank Transfer,20.0,Unknown Device,Chicago,2,25,5,Invalid Method,1
2178.37,POS Payment,5.0,Desktop,Chicago,1,44,10,Credit Card,1
4426.58,ATM Withdrawal,21.0,Mobile,Seattle,4,69,1,Credit Card,1
3529.16,ATM Withdrawal,22.0,Mobile,San Francisco,1,28,3,Credit Card,1
2802.75,Bill Payment,7.0,Desktop,Houston,4,96,6,Debit Card,1
3036.82,Online Purchase,6.0,Mobile,New York,0,77,2,Debit Card,1
1274.95,POS Payment,19.0,Desktop,Boston,2,6,8,Credit Card,1
2749.95,Bank Transfer,17.0,Desktop,New York,3,114,4,UPI,1
2799.23,Bill Payment,12.0,Unknown Device,New York,2,95,4,Credit Card,1
4060.27,Bank Transfer,23.0,Desktop,Chicago,1,95,10,Net Banking,1
4022.5,Bill Payment,19.0,Mobile,Boston,1,62,7,Debit Card,1
1223.98,Online Purchase,7.0,Desktop,Chicago,1,86,8,UPI,1
950.28,Bank Transfer,15.0,Mobile,Miami,0,56,2,UPI,1
2707.49,Online Purchase,17.0,Tablet,Houston,0,26,13,UPI,1
2614.21,Online Purchase,3.0,Mobile,Houston,1,24,5,Debit Card,1
4264.14,POS Payment,23.0,Mobile,Seattle,1,23,8,Debit Card,1
3502.55,ATM Withdrawal,15.0,Mobile,San Francisco,1,111,4,Credit Card,1
2641.32,Bill Payment,22.0,Desktop,Seattle,4,52,8,Debit Card,1
2390.66,Online Purchase,19.0,Desktop,San Francisco,0,35,6,Credit Card,1
1125.89,ATM Withdrawal,21.0,Desktop,Houston,0,98,2,UPI,1
1056.78,Bank Transfer,23.0,Desktop,Chicago,4,110,7,Net Banking,1
3534.49,Online Purchase,7.0,Tablet,Miami,1,102,4,Credit Card,1
3966.11,ATM Withdrawal,20.0,Mobile,New York,4,34,5,Debit Card,1
913.66,Bill Payment,10.0,Desktop,Chicago,3,112,9,Net Banking,1
4621.35,Online Purchase,13.0,Mobile,Boston,2,26,13,Credit Card,1
2105.96,Bill Payment,4.0,Unknown Device,Chicago,4,51,8,Debit Card,1
268.23,ATM Withdrawal,21.0,Mobile,New York,1,87,9,Net Banking,1
2912.92,POS Payment,20.0,Mobile,Miami,2,75,11,Credit Card,1
3457.5,Online Purchase,9.0,Mobile,Houston,1,77,9,UPI,1
4194.37,Online Purchase,14.0,Desktop,San Francisco,1,51,1,Invalid Method,1
2016.76,ATM Withdrawal,22.0,Tablet,New York,2,105,7,UPI,1
3833.19,Online Purchase,3.0,Mobile,Boston,3,84,12,Net Banking,1
3981.56,Bill Payment,17.0,Mobile,New York,1,76,6,UPI,1
3855.74,POS Payment,10.0,Mobile,Los Angeles,2,49,10,Invalid Method,1
4309.3,POS Payment,4.0,Mobile,Chicago,0,36,11,Net Banking,1
2190.01,Bank Transfer,21.0,Tablet,New York,4,25,3,Invalid Method,1
1010.57,ATM Withdrawal,21.0,Tablet,Chicago,0,19,7,Credit Card,1
3061.17,Online Purchase,18.0,Unknown Device,Seattle,2,31,1,Credit Card,1
4554.25,Bank Transfer,12.0,Mobile,Chicago,4,49,10,Net Banking,1
1932.32,POS Payment,3.0,Mobile,Miami,1,105,4,UPI,1
2790.4,Online Purchase,19.0,Tablet,Houston,4,86,12,Debit Card,1
44.63,POS Payment,23.0,Mobile,Miami,0,54,3,Invalid Method,1
4503.33,Bank Transfer,15.0,Tablet,Chicago,4,41,5,UPI,1
3985.86,Bill Payment,20.0,Mobile,Miami,2,22,3,Credit Card,1
2461.32,ATM Withdrawal,17.0,Desktop,New York,0,107,11,Debit Card,1
2250.44,ATM Withdrawal,6.0,Desktop,Boston,4,76,7,Net Banking,1
2003.13,Bill Payment,20.0,Tablet,Chicago,2,70,3,Net Banking,1
4365.2,POS Payment,0.0,Mobile,Los Angeles,0,91,5,Debit Card,1
1073.84,ATM Withdrawal,21.0,Mobile,New York,2,111,11,Credit Card,1
4094.23,POS Payment,13.0,Desktop,Houston,2,15,8,Credit Card,1
2187.59,ATM Withdrawal,22.0,Mobile,New York,4,101,3,Debit Card,1
2074.23,Online Purchase,23.0,Desktop,Miami,2,115,8,UPI,1
3183.61,POS Payment,6.0,Mobile,Los Angeles,1,119,14,Invalid Method,1
4460.94,Bill Payment,18.0,Mobile,Boston,1,118,12,Credit Card,1
4236.34,ATM Withdrawal,17.0,Tablet,Miami,1,30,4,Net Banking,1
2739.95,POS Payment,18.0,Mobile,San Francisco,3,100,4,Credit Card,1
2804.31,Online Purchase,12.0,Mobile,Boston,3,41,6,Credit Card,1
3828.07,Online Purchase,16.0,Desktop,New York,0,69,11,Net Banking,1
4136.04,Bill Payment,18.0,Mobile,New York,2,48,13,UPI,1
3833.66,Online Purchase,15.0,Tablet,Seattle,2,73,3,UPI,1
49997.8,POS Payment,19.0,Mobile,Chicago,2,78,10,Debit Card,1
2789.27,Bank Transfer,22.0,Tablet,Boston,2,115,3,Credit Card,1
311.89,Bank Transfer,19.0,Desktop,San Francisco,3,64,3,UPI,1
1107.47,Bill Payment,16.0,Desktop,Boston,0,82,5,Debit Card,1
1910.55,Bill Payment,11.0,Tablet,Houston,2,43,7,Net Banking,1
4781.87,Bill Payment,17.0,Mobile,New York,3,39,9,Net Banking,1
3768.82,Bank Transfer,6.0,Tablet,Boston,0,96,9,Credit Card,1
2401.49,Online Purchase,18.0,Tablet,Houston,3,72,2,Credit Card,1
4305.52,Bill Payment,15.0,Desktop,Houston,3,43,13,UPI,1
3234.14,Bill Payment,16.0,Mobile,San Francisco,1,27,3,Credit Card,1
4255.26,Bill Payment,17.0,Mobile,New York,4,5,5,Net Banking,1
49997.8,POS Payment,14.0,Mobile,Miami,4,39,10,Credit Card,1
2373.68,ATM Withdrawal,17.0,Desktop,Los Angeles,0,78,4,UPI,1
4689.76,Online Purchase,22.0,Mobile,New York,4,62,10,Debit Card,1
4545.7,Bill Payment,3.0,Mobile,Boston,3,3,7,Debit Card,1
3711.57,Bank Transfer,4.0,Tablet,Los Angeles,2,76,5,Credit Card,1
2745.99,Bank Transfer,6.0,Mobile,Los Angeles,2,68,1,Credit Card,1
834.07,ATM Withdrawal,19.0,Tablet,Boston,4,63,4,UPI,1
3678.27,Online Purchase,21.0,Mobile,Chicago,2,18,12,Credit Card,1
4106.57,ATM Withdrawal,2.0,Mobile,Miami,2,68,2,UPI,1
4722.84,ATM Withdrawal,8.0,Tablet,Boston,3,18,12,UPI,1
1026.89,POS Payment,22.0,Tablet,New York,1,12,4,UPI,1
1687.93,POS Payment,4.0,Mobile,Boston,1,25,4,Debit Card,1
1291.47,POS Payment,2.0,Tablet,Houston,2,70,5,Credit Card,1
3629.89,POS Payment,16.0,Mobile,Boston,4,101,8,Net Banking,1
3625.98,Bank Transfer,12.0,Mobile,Miami,0,28,2,Credit Card,1
663.6,POS Payment,7.0,Tablet,Boston,0,23,3,Invalid Method,1
4849.51,POS Payment,16.0,Mobile,Los Angeles,0,66,9,Debit Card,1
2051.2,Online Purchase,4.0,Tablet,Houston,3,64,6,Debit Card,1
1275.3,Online Purchase,18.0,Desktop,San Francisco,1,76,2,Debit Card,1
3002.08,Online Purchase,16.0,Tablet,Los Angeles,4,7,9,Debit Card,1
616.86,Bill Payment,18.0,Mobile,Chicago,1,76,8,Debit Card,1
312.07,ATM Withdrawal,19.0,Tablet,San Francisco,3,79,9,Debit Card,1
307.55,Bank Transfer,0.0,Mobile,Houston,3,88,7,Debit Card,1
4046.65,Online Purchase,9.0,Tablet,Boston,1,55,11,Debit Card,1
2602.19,POS Payment,17.0,Tablet,New York,0,45,3,UPI,1
2804.46,POS Payment,21.0,Mobile,New York,2,52,6,Credit Card,1
1007.67,Online Purchase,5.0,Mobile,Houston,1,55,4,Credit Card,1
4182.31,Bank Transfer,20.0,Desktop,Miami,1,69,5,UPI,1
15.85,POS Payment,5.0,Tablet,Boston,2,79,6,Credit Card,1
4453.8,ATM Withdrawal,21.0,Tablet,New York,0,43,4,Debit Card,1
1774.49,Bank Transfer,21.0,Desktop,New York,2,92,1,Debit Card,1
2607.67,Bill Payment,12.0,Desktop,Chicago,3,109,14,Debit Card,1
149.24,ATM Withdrawal,19.0,Desktop,Boston,1,14,8,Credit Card,1
4706.27,Bank Transfer,19.0,Tablet,Boston,1,50,14,UPI,1
747.15,Bank Transfer,18.0,Mobile,Seattle,1,102,1,UPI,1
4741.69,Online Purchase,7.0,Tablet,Houston,0,60,7,Net Banking,1
2283.63,Bill Payment,10.0,Desktop,Boston,2,102,7,UPI,1
425.22,Online Purchase,7.0,Tablet,Los Angeles,1,60,5,Net Banking,1
1635.63,Online Purchase,14.0,Desktop,New York,2,104,4,UPI,1
300.46,ATM Withdrawal,12.0,Unknown Device,Chicago,3,24,6,Debit Card,1
1365.38,Bank Transfer,10.0,Desktop,Chicago,1,66,5,UPI,1
4738.98,Bill Payment,23.0,Tablet,Chicago,1,110,9,Net Banking,1
4649.0,Bank Transfer,23.0,Mobile,San Francisco,1,12,2,UPI,1
3303.01,Online Purchase,21.0,Tablet,Boston,0,56,5,UPI,1
2113.15,ATM Withdrawal,10.0,Mobile,Chicago,0,100,1,Credit Card,1
3232.29,Bill Payment,5.0,Tablet,Houston,2,76,9,Net Banking,1
894.8,ATM Withdrawal,15.0,Tablet,New York,1,62,2,Credit Card,1
1639.5,Online Purchase,19.0,Tablet,Houston,4,23,3,Credit Card,1
183.07,POS Payment,18.0,Desktop,Chicago,2,22,6,Debit Card,1
1787.96,Online Purchase,12.0,Tablet,Houston,1,46,14,Credit Card,1
228.32,ATM Withdrawal,21.0,Desktop,New York,4,16,4,UPI,1
529.87,POS Payment,3.0,Tablet,Boston,2,94,4,Net Banking,1
49997.8,ATM Withdrawal,7.0,Tablet,San Francisco,2,29,8,Debit Card,1
3130.2,Online Purchase,15.0,Mobile,Seattle,0,116,7,UPI,1
3455.8,POS Payment,18.0,Tablet,New York,0,60,3,UPI,1
4207.96,POS Payment,9.0,Tablet,Los Angeles,4,37,1,UPI,1
2075.44,POS Payment,5.0,Desktop,Boston,2,29,3,UPI,1
49997.8,POS Payment,6.0,Mobile,Los Angeles,1,53,12,Net Banking,1
3886.7,Bill Payment,20.0,Tablet,Houston,1,91,2,Debit Card,1
2499.98,ATM Withdrawal,10.0,Desktop,Houston,0,78,5,Debit Card,1
2431.34,POS Payment,12.0,Mobile,Boston,4,64,1,Credit Card,1
999.17,Online Purchase,1.0,Mobile,Miami,3,93,2,UPI,1
4070.45,Bank Transfer,19.0,Desktop,Boston,4,32,10,Debit Card,1
2124.21,POS Payment,6.0,Desktop,Boston,2,67,8,Invalid Method,1
1264.22,Online Purchase,19.0,Tablet,Boston,1,79,8,Net Banking,1
1935.2,Bank Transfer,17.0,Tablet,San Francisco,3,114,13,Net Banking,1
3101.51,Online Purchase,21.0,Mobile,Los Angeles,1,47,10,Debit Card,1
2799.57,Online Purchase,20.0,Mobile,Miami,4,106,1,Debit Card,1
319.18,Bill Payment,11.0,Mobile,Chicago,1,2,3,Net Banking,1
2080.9,Bank Transfer,15.0,Tablet,Miami,3,68,12,UPI,1
4239.31,POS Payment,0.0,Tablet,Miami,4,85,1,Credit Card,1
2218.35,POS Payment,20.0,Desktop,Los Angeles,1,87,5,UPI,1
2118.76,POS Payment,20.0,Tablet,Houston,1,106,1,Net Banking,1
784.67,ATM Withdrawal,9.0,Mobile,Chicago,0,41,3,Debit Card,1
4235.73,POS Payment,10.0,Tablet,Chicago,1,34,5,Net Banking,1
4223.51,POS Payment,22.0,Tablet,Seattle,2,56,1,Debit Card,1
2930.97,Bill Payment,17.0,Mobile,Boston,2,9,7,Net Banking,1
3693.34,Online Purchase,5.0,Tablet,Los Angeles,2,106,13,UPI,1
2089.09,Online Purchase,17.0,Tablet,Chicago,0,26,3,Net Banking,1
4267.35,Online Purchase,18.0,Mobile,Seattle,1,93,8,Net Banking,1
3685.86,ATM Withdrawal,3.0,Tablet,Miami,3,86,1,Debit Card,1
1592.47,Online Purchase,20.0,Mobile,New York,2,108,2,Credit Card,1
1722.93,ATM Withdrawal,8.0,Tablet,Los Angeles,2,108,14,Net Banking,1
840.68,POS Payment,9.0,Desktop,Chicago,3,104,13,Credit Card,1
1723.29,POS Payment,17.0,Tablet,Boston,3,55,14,Credit Card,1
2870.56,Bank Transfer,12.0,Tablet,Houston,4,106,11,Net Banking,1
4925.13,Bank Transfer,14.0,Tablet,Houston,1,86,13,Debit Card,1
2438.68,ATM Withdrawal,16.0,Tablet,Los Angeles,2,119,13,UPI,1
1618.0,ATM Withdrawal,21.0,Mobile,Chicago,1,6,11,Credit Card,1
4962.1,POS Payment,23.0,Tablet,Houston,4,23,11,Credit Card,1
3814.28,POS Payment,14.0,Tablet,Houston,3,23,6,Credit Card,1
129.91,Bill Payment,10.0,Mobile,Boston,4,117,13,Credit Card,1
2198.65,Bank Transfer,6.0,Mobile,Houston,2,103,5,UPI,1
830.98,ATM Withdrawal,16.0,Tablet,Houston,3,70,10,UPI,1
1606.66,Bank Transfer,22.0,Tablet,Seattle,2,108,13,Credit Card,1
3093.55,ATM Withdrawal,0.0,Tablet,Boston,0,55,9,Net Banking,1
56.84,Bill Payment,3.0,Mobile,Boston,4,91,4,Net Banking,1
3570.91,Bank Transfer,17.0,Mobile,Houston,1,56,12,Net Banking,1
4085.19,ATM Withdrawal,3.0,Desktop,Houston,1,27,2,Net Banking,1
352.61,Bank Transfer,4.0,Tablet,Houston,3,119,5,Net Banking,1
1046.75,Bill Payment,1.0,Desktop,Los Angeles,3,92,2,Credit Card,1
3740.04,POS Payment,4.0,Tablet,Boston,3,101,7,UPI,1
1990.51,ATM Withdrawal,22.0,Mobile,New York,3,56,10,UPI,1
1909.28,Online Purchase,22.0,Tablet,New York,1,111,9,Net Banking,1
2397.71,ATM Withdrawal,23.0,Desktop,Los Angeles,2,102,14,Net Banking,1
4174.26,Bank Transfer,8.0,Tablet,Chicago,2,104,4,Invalid Method,1
2802.16,Online Purchase,22.0,Tablet,San Francisco,4,103,4,Credit Card,1
2425.01,Bill Payment,18.0,Tablet,Miami,4,12,3,Net Banking,1
4873.51,ATM Withdrawal,22.0,Desktop,Seattle,1,105,9,Debit Card,1
1355.71,ATM Withdrawal,21.0,Tablet,New York,0,52,1,Credit Card,1
577.97,Bill Payment,18.0,Tablet,New York,4,98,7,UPI,1
37.86,POS Payment,22.0,Tablet,New York,2,72,14,Credit Card,1
2509.11,ATM Withdrawal,23.0,Tablet,Miami,0,28,8,Net Banking,1
2504.6,ATM Withdrawal,12.0,Desktop,Chicago,2,51,13,UPI,1
2855.98,Online Purchase,18.0,Mobile,San Francisco,0,17,2,Net Banking,1
1834.73,Bill Payment,12.0,Tablet,New York,3,73,1,Credit Card,1
2495.17,Bank Transfer,16.0,Desktop,Miami,4,39,5,Debit Card,1
3045.54,Bank Transfer,21.0,Tablet,Boston,1,45,3,Credit Card,1
2808.68,ATM Withdrawal,23.0,Desktop,Chicago,4,54,1,UPI,1
1092.47,ATM Withdrawal,14.0,Mobile,New York,0,63,6,Net Banking,1
2010.49,Bank Transfer,9.0,Mobile,Miami,0,23,2,Credit Card,1
2527.71,Bill Payment,5.0,Desktop,Chicago,1,42,8,Credit Card,1
147.76,Bill Payment,19.0,Tablet,Houston,0,117,8,UPI,1
3551.44,Bank Transfer,23.0,Desktop,Houston,0,70,11,UPI,1
811.52,POS Payment,22.0,Tablet,Seattle,0,51,3,Net Banking,1
660.16,Online Purchase,21.0,Mobile,New York,3,85,10,Credit Card,1
1055.09,Bank Transfer,19.0,Mobile,New York,0,51,5,UPI,1
2412.11,Bill Payment,4.0,Desktop,Houston,4,84,2,Debit Card,1
2061.32,Bill Payment,22.0,Mobile,San Francisco,2,73,3,Net Banking,1
2456.41,Bank Transfer,20.0,Mobile,San Francisco,2,66,4,Credit Card,1
648.04,Bill Payment,16.0,Mobile,Boston,2,11,1,UPI,1
29.76,Online Purchase,11.0,Desktop,Chicago,1,109,9,Debit Card,1
2828.03,Bank Transfer,14.0,Desktop,Houston,2,7,7,Net Banking,1
2521.49,POS Payment,22.0,Desktop,Houston,0,25,10,Debit Card,1
1576.7,Online Purchase,16.0,Desktop,Los Angeles,2,10,10,Credit Card,1
51.29,Bank Transfer,15.0,Tablet,Houston,3,115,8,UPI,1
3677.88,Online Purchase,23.0,Mobile,Chicago,1,116,4,Net Banking,1
3688.28,Bill Payment,1.0,Tablet,Boston,3,32,3,UPI,1
497.87,Online Purchase,12.0,Mobile,Houston,2,19,8,Net Banking,1
1453.26,Online Purchase,9.0,Mobile,Chicago,2,100,9,Credit Card,1
2781.56,Online Purchase,7.0,Desktop,Los Angeles,3,77,9,Debit Card,1
4088.02,Bank Transfer,8.0,Desktop,Chicago,2,44,11,Debit Card,1
4589.58,Bank Transfer,10.0,Unknown Device,Chicago,2,60,13,Credit Card,1
3257.68,Online Purchase,23.0,Desktop,Seattle,0,113,3,UPI,1
1999.95,Online Purchase,11.0,Mobile,Chicago,4,109,9,Debit Card,1
1689.83,ATM Withdrawal,23.0,Mobile,Chicago,3,85,4,UPI,1
4220.81,ATM Withdrawal,9.0,Tablet,Los Angeles,0,50,12,UPI,1
4348.22,POS Payment,19.0,Tablet,Los Angeles,3,44,6,UPI,1
4435.35,Bank Transfer,0.0,Desktop,Chicago,3,93,9,UPI,1
2083.22,Bank Transfer,14.0,Desktop,San Francisco,4,110,2,Credit Card,1
4587.93,Bill Payment,12.0,Unknown Device,New York,1,33,3,Debit Card,1
2954.51,Online Purchase,13.0,Tablet,Miami,3,72,4,UPI,1
4621.35,Online Purchase,12.0,Mobile,Chicago,0,117,11,Net Banking,1
282.53,ATM Withdrawal,18.0,Tablet,San Francisco,1,73,3,UPI,1
1010.69,POS Payment,19.0,Mobile,Houston,4,112,9,Credit Card,1
3672.1,POS Payment,16.0,Tablet,Houston,0,29,4,Net Banking,1
4205.04,Online Purchase,18.0,Mobile,San Francisco,3,67,5,Debit Card,1
633.46,Bill Payment,12.0,Tablet,Boston,2,53,4,UPI,1
1862.17,Bank Transfer,18.0,Mobile,San Francisco,3,62,1,Invalid Method,1
4611.03,POS Payment,4.0,Mobile,Houston,1,46,1,Debit Card,1
363.91,Bank Transfer,20.0,Mobile,Boston,0,32,14,Debit Card,1
2060.01,POS Payment,15.0,Mobile,Boston,3,32,4,Credit Card,1
4495.25,POS Payment,17.0,Tablet,Boston,1,15,14,Net Banking,1
910.93,Bank Transfer,19.0,Tablet,Houston,3,55,4,Invalid Method,1
402.04,Online Purchase,19.0,Tablet,San Francisco,2,43,6,Credit Card,1
369.16,ATM Withdrawal,20.0,Tablet,Houston,2,70,5,Debit Card,1
4789.34,POS Payment,17.0,Mobile,Seattle,4,90,9,Invalid Method,1
3050.47,Bank Transfer,3.0,Mobile,Los Angeles,4,75,6,UPI,1
1165.68,Bank Transfer,21.0,Tablet,San Francisco,3,68,10,Debit Card,1
1379.74,Online Purchase,12.0,Tablet,Chicago,4,84,5,UPI,1
2831.46,Bill Payment,18.0,Tablet,Houston,1,9,1,UPI,1
2120.31,ATM Withdrawal,13.0,Tablet,Los Angeles,2,38,3,Net Banking,1
1499.89,ATM Withdrawal,14.0,Tablet,Chicago,0,17,8,Net Banking,1
2331.1,Bank Transfer,9.0,Tablet,Los Angeles,3,28,5,Debit Card,1
179.39,ATM Withdrawal,6.0,Tablet,Boston,2,53,13,Net Banking,1
1583.28,Bill Payment,3.0,Tablet,Boston,1,93,1,Net Banking,1
2273.26,Online Purchase,11.0,Desktop,Chicago,1,57,3,Credit Card,1
2954.65,Online Purchase,16.0,Desktop,Chicago,1,34,1,UPI,1
2243.8,POS Payment,19.0,Tablet,Seattle,2,25,2,Credit Card,1
2460.89,ATM Withdrawal,1.0,Tablet,Boston,0,14,3,UPI,1
4837.04,ATM Withdrawal,2.0,Mobile,Boston,3,39,6,Net Banking,1
4098.92,Online Purchase,14.0,Desktop,Los Angeles,4,69,8,Net Banking,1
3416.73,ATM Withdrawal,17.0,Desktop,San Francisco,2,3,2,Net Banking,1
229.86,POS Payment,23.0,Desktop,Miami,2,77,13,Debit Card,1
1772.24,Bill Payment,14.0,Desktop,Boston,2,9,14,Debit Card,1
3214.89,Bank Transfer,22.0,Desktop,Boston,3,111,4,UPI,1
3194.81,Bill Payment,8.0,Tablet,Chicago,1,118,13,UPI,1
3102.1,Bill Payment,10.0,Tablet,New York,0,95,2,Debit Card,1
393.28,Bank Transfer,14.0,Tablet,Boston,3,112,7,Debit Card,1
4974.95,Online Purchase,3.0,Desktop,Boston,3,17,10,Credit Card,1
4184.49,POS Payment,23.0,Desktop,Boston,0,32,5,Credit Card,1
607.33,Online Purchase,22.0,Desktop,Chicago,4,65,6,Debit Card,1
3546.26,POS Payment,4.0,Mobile,Los Angeles,3,107,5,Credit Card,1
880.82,Bill Payment,17.0,Tablet,Los Angeles,2,43,4,UPI,1
4900.16,Bill Payment,20.0,Desktop,Houston,4,36,13,Credit Card,1
4152.66,Bank Transfer,7.0,Tablet,Boston,3,102,11,UPI,1
2047.06,ATM Withdrawal,22.0,Mobile,Boston,2,82,14,Debit Card,1
4397.28,POS Payment,8.0,Tablet,Chicago,4,116,7,Net Banking,1
3154.3,ATM Withdrawal,2.0,Tablet,Chicago,1,70,2,Net Banking,1
973.26,Bill Payment,23.0,Unknown Device,Chicago,0,11,11,Invalid Method,1
4685.28,POS Payment,3.0,Desktop,Boston,2,20,6,UPI,1
2208.12,Online Purchase,12.0,Tablet,San Francisco,0,91,2,Debit Card,1
460.06,Online Purchase,15.0,Mobile,Chicago,3,93,8,UPI,1
45.02,ATM Withdrawal,8.0,Mobile,Chicago,1,14,5,Net Banking,1
3815.56,POS Payment,20.0,Tablet,Miami,2,42,11,Credit Card,1
456.41,POS Payment,15.0,Unknown Device,New York,0,104,4,Debit Card,1
3950.15,Bill Payment,15.0,Tablet,San Francisco,4,71,1,Debit Card,1
163.2,Bill Payment,9.0,Desktop,Boston,4,23,11,Net Banking,1
1563.49,Bank Transfer,15.0,Desktop,Chicago,3,108,7,Debit Card,1
3401.02,ATM Withdrawal,12.0,Desktop,Boston,4,21,6,Debit Card,1
1327.23,Online Purchase,23.0,Tablet,San Francisco,1,104,10,UPI,1
4605.47,ATM Withdrawal,20.0,Tablet,Los Angeles,4,45,13,Invalid Method,1
2893.18,POS Payment,21.0,Desktop,New York,2,86,5,Net Banking,1
3036.46,POS Payment,7.0,Mobile,Miami,3,119,4,Debit Card,1
554.85,Bank Transfer,10.0,Desktop,Chicago,1,113,6,Debit Card,1
4721.24,Bill Payment,4.0,Tablet,Chicago,1,18,6,UPI,1
3515.6,ATM Withdrawal,9.0,Mobile,Boston,2,2,3,Credit Card,1
579.09,Online Purchase,4.0,Tablet,Boston,4,47,9,Credit Card,1
3010.22,Bank Transfer,20.0,Mobile,Houston,4,31,8,Credit Card,1
3989.27,Online Purchase,11.0,Tablet,Miami,1,69,1,Credit Card,1
1735.16,Bank Transfer,23.0,Tablet,San Francisco,0,68,6,UPI,1
366.0,ATM Withdrawal,23.0,Tablet,Chicago,1,110,10,Net Banking,1
303.93,Bill Payment,13.0,Desktop,Houston,0,27,7,Invalid Method,1
3797.44,Bill Payment,11.0,Tablet,Boston,4,60,14,UPI,1
1153.11,POS Payment,7.0,Tablet,Los Angeles,0,108,6,UPI,1
2796.75,Bank Transfer,4.0,Mobile,Chicago,4,38,4,UPI,1
4646.07,POS Payment,22.0,Desktop,New York,2,70,4,Debit Card,1
1118.58,ATM Withdrawal,2.0,Tablet,Boston,2,77,4,Net Banking,1
4840.35,Bank Transfer,16.0,Mobile,Los Angeles,4,66,5,Debit Card,1
1074.3,Online Purchase,22.0,Desktop,Boston,4,89,3,Credit Card,1
864.73,Bank Transfer,14.0,Desktop,Los Angeles,3,9,6,Debit Card,1
3218.52,Bill Payment,7.0,Mobile,Boston,3,36,13,Debit Card,1
1886.39,POS Payment,8.0,Tablet,Chicago,0,54,8,Debit Card,1
3806.24,ATM Withdrawal,20.0,Tablet,New York,4,72,1,Net Banking,1
3088.16,Bill Payment,13.0,Mobile,Boston,2,54,5,Net Banking,1
2349.46,Online Purchase,14.0,Mobile,New York,4,100,4,UPI,1
4661.41,Bill Payment,9.0,Mobile,Los Angeles,4,119,12,Net Banking,1
2378.0,ATM Withdrawal,7.0,Mobile,Chicago,4,45,11,UPI,1
1495.78,Bank Transfer,22.0,Desktop,Los Angeles,1,80,3,Credit Card,1
4344.03,Online Purchase,13.0,Tablet,Boston,2,101,4,Net Banking,1
49997.8,ATM Withdrawal,20.0,Mobile,Houston,4,56,2,UPI,1
552.01,Online Purchase,17.0,Desktop,Seattle,3,106,4,UPI,1
2430.8,Online Purchase,10.0,Mobile,New York,3,88,5,Invalid Method,1
1120.83,ATM Withdrawal,11.0,Tablet,Los Angeles,4,101,11,Credit Card,1
1850.16,Bank Transfer,8.0,Desktop,Houston,4,62,7,Net Banking,1
2489.21,ATM Withdrawal,22.0,Mobile,Boston,2,9,12,Net Banking,1
920.9,POS Payment,6.0,Desktop,Boston,4,29,10,Credit Card,1
4934.91,Bank Transfer,20.0,Mobile,Chicago,1,75,3,Credit Card,1
4897.1,ATM Withdrawal,22.0,Desktop,New York,0,99,12,Debit Card,1
2738.27,Online Purchase,4.0,Desktop,Chicago,3,55,8,Net Banking,1
9.29,ATM Withdrawal,15.0,Tablet,Los Angeles,2,66,2,Credit Card,1
49997.8,Bill Payment,21.0,Tablet,Chicago,2,113,9,Net Banking,1
4438.37,ATM Withdrawal,16.0,Desktop,Seattle,0,40,1,Credit Card,1
3756.44,Bill Payment,22.0,Mobile,New York,1,114,12,UPI,1
4012.59,Bill Payment,11.0,Mobile,Los Angeles,2,44,12,UPI,1
246.25,Online Purchase,22.0,Desktop,Miami,2,37,11,Debit Card,1
4987.14,Online Purchase,21.0,Unknown Device,Miami,3,89,13,Debit Card,1
1355.77,POS Payment,8.0,Mobile,Boston,0,38,8,Credit Card,1
299.69,POS Payment,16.0,Tablet,Miami,1,46,10,Credit Card,1
1201.34,Bank Transfer,1.0,Tablet,Boston,1,22,5,Invalid Method,1
4762.46,POS Payment,15.0,Unknown Device,Chicago,0,19,6,Credit Card,1
2635.97,ATM Withdrawal,23.0,Tablet,Miami,2,3,3,Debit Card,1
2241.59,Bill Payment,14.0,Mobile,Boston,0,89,1,UPI,1
4430.05,Online Purchase,3.0,Mobile,Boston,1,1,4,Debit Card,1
3225.97,Bank Transfer,8.0,Mobile,Boston,4,100,1,Credit Card,1
3402.59,POS Payment,13.0,Mobile,Miami,3,32,6,Credit Card,1
1237.0,Online Purchase,9.0,Mobile,Chicago,1,27,12,UPI,1
4985.7,ATM Withdrawal,21.0,Desktop,New York,2,13,8,UPI,1
2226.34,ATM Withdrawal,13.0,Tablet,Miami,2,1,4,Debit Card,1
2590.68,ATM Withdrawal,6.0,Desktop,Boston,4,10,9,UPI,1
371.07,Bill Payment,22.0,Tablet,Houston,0,14,10,Net Banking,1
2478.71,POS Payment,16.0,Desktop,Miami,1,51,5,Net Banking,1
1336.44,Bank Transfer,13.0,Desktop,Chicago,4,10,10,Credit Card,1
4388.6,POS Payment,11.0,Tablet,Chicago,0,97,8,UPI,1
2526.78,POS Payment,0.0,Tablet,Houston,4,102,9,UPI,1
2623.0,ATM Withdrawal,20.0,Desktop,New York,0,94,3,Net Banking,1
4156.82,ATM Withdrawal,21.0,Desktop,Los Angeles,0,7,13,UPI,1
3963.51,ATM Withdrawal,6.0,Tablet,Chicago,3,99,7,Net Banking,1
3295.09,ATM Withdrawal,18.0,Mobile,Chicago,1,59,13,Credit Card,1
2555.2,Bill Payment,21.0,Mobile,Boston,1,40,7,Debit Card,1
3881.04,ATM Withdrawal,22.0,Tablet,Los Angeles,4,30,5,Credit Card,1
3344.94,Bank Transfer,10.0,Tablet,San Francisco,1,105,2,Credit Card,1
4965.83,ATM Withdrawal,21.0,Desktop,Chicago,3,50,4,Net Banking,1
3828.39,Bill Payment,20.0,Tablet,Los Angeles,0,15,3,Debit Card,1
3949.07,Bill Payment,8.0,Tablet,New York,1,113,5,Credit Card,1
4413.97,Online Purchase,15.0,Mobile,New York,4,107,1,Credit Card,1
3104.81,Online Purchase,3.0,Mobile,Boston,4,82,6,Debit Card,1
2490.18,Bank Transfer,20.0,Tablet,Boston,3,108,2,Debit Card,1
1399.74,ATM Withdrawal,22.0,Tablet,Chicago,1,60,6,UPI,1
2063.62,Bank Transfer,23.0,Mobile,Houston,4,74,5,Debit Card,1
3660.87,ATM Withdrawal,12.0,Mobile,Houston,1,73,2,Net Banking,1
1916.82,ATM Withdrawal,11.0,Tablet,New York,4,116,10,Debit Card,1
3459.94,POS Payment,20.0,Tablet,Seattle,0,50,2,Net Banking,1
2333.91,Bill Payment,2.0,Mobile,Houston,1,109,13,Net Banking,1
2284.78,ATM Withdrawal,14.0,Mobile,Chicago,1,40,13,Net Banking,1
1441.9,ATM Withdrawal,16.0,Desktop,Chicago,0,49,2,Net Banking,1
49997.8,ATM Withdrawal,11.0,Tablet,Houston,3,110,2,Debit Card,1
3064.08,Bank Transfer,13.0,Desktop,Los Angeles,0,55,7,Credit Card,1
3696.38,ATM Withdrawal,11.0,Tablet,Seattle,1,102,5,Credit Card,1
720.62,ATM Withdrawal,5.0,Tablet,Los Angeles,3,83,7,UPI,1
1815.06,POS Payment,8.0,Mobile,Los Angeles,1,78,1,UPI,1
2245.04,Bank Transfer,18.0,Mobile,Los Angeles,1,97,11,Credit Card,1
3491.79,ATM Withdrawal,22.0,Tablet,Los Angeles,0,100,10,Credit Card,1
3994.05,ATM Withdrawal,18.0,Mobile,Miami,0,102,8,Credit Card,1
2729.16,ATM Withdrawal,14.0,Desktop,Miami,2,108,10,Credit Card,1
3276.26,Online Purchase,20.0,Tablet,Miami,0,119,14,Net Banking,1
973.1,POS Payment,18.0,Mobile,Boston,1,79,4,Credit Card,1
1431.77,Online Purchase,10.0,Mobile,Miami,2,77,9,UPI,1
4857.1,POS Payment,5.0,Mobile,Boston,1,55,4,Debit Card,1
1360.34,Bill Payment,22.0,Desktop,Los Angeles,0,15,1,Net Banking,1
2269.67,ATM Withdrawal,14.0,Mobile,Los Angeles,0,108,9,Debit Card,1
2277.72,Online Purchase,20.0,Desktop,San Francisco,2,118,2,Credit Card,1
3393.95,ATM Withdrawal,13.0,Mobile,Miami,0,52,12,UPI,1
2389.48,Online Purchase,20.0,Tablet,Boston,0,69,5,Debit Card,1
3427.39,Bank Transfer,1.0,Mobile,Chicago,3,92,11,Debit Card,1
2905.03,Bank Transfer,11.0,Tablet,Boston,2,117,8,UPI,1
3352.17,Bank Transfer,21.0,Mobile,San Francisco,4,94,5,Invalid Method,1
2760.06,POS Payment,15.0,Desktop,Houston,0,110,7,UPI,1
1465.55,Bank Transfer,13.0,Mobile,Miami,4,18,4,Credit Card,1
2820.48,POS Payment,22.0,Tablet,Miami,0,39,9,Net Banking,1
2621.35,ATM Withdrawal,22.0,Mobile,Los Angeles,4,111,11,UPI,1
1602.56,POS Payment,7.0,Tablet,Boston,1,42,11,Debit Card,1
4172.03,Bill Payment,21.0,Desktop,Los Angeles,1,95,6,Credit Card,1
418.43,POS Payment,8.0,Unknown Device,Boston,1,31,7,Debit Card,1
3796.82,Bank Transfer,1.0,Mobile,Boston,2,74,10,UPI,1
81.77,Bill Payment,20.0,Tablet,Chicago,3,76,2,Credit Card,1
3544.29,ATM Withdrawal,13.0,Tablet,Seattle,3,102,6,Net Banking,1
2778.74,ATM Withdrawal,19.0,Desktop,San Francisco,4,58,6,Credit Card,1
3797.15,ATM Withdrawal,10.0,Mobile,Miami,0,103,3,Invalid Method,1
3216.34,Bill Payment,23.0,Tablet,San Francisco,4,64,13,Debit Card,1
3833.32,POS Payment,17.0,Tablet,Boston,3,69,2,Debit Card,1
1947.54,ATM Withdrawal,7.0,Desktop,Boston,4,8,8,Net Banking,1
2326.97,ATM Withdrawal,23.0,Mobile,San Francisco,2,77,7,Debit Card,1
3013.94,Bill Payment,20.0,Desktop,Miami,0,55,10,Debit Card,1
2574.19,POS Payment,23.0,Desktop,Boston,2,38,5,Debit Card,1
1318.68,Online Purchase,12.0,Tablet,Houston,4,58,6,Credit Card,1
303.46,POS Payment,17.0,Tablet,Boston,1,77,5,Credit Card,1
4164.46,Bank Transfer,21.0,Desktop,Miami,3,99,14,Net Banking,1
2118.76,Online Purchase,14.0,Desktop,Los Angeles,0,86,1,Credit Card,1
3240.1,Bank Transfer,11.0,Desktop,Chicago,2,26,7,Credit Card,1
4982.94,ATM Withdrawal,10.0,Desktop,San Francisco,3,97,1,Credit Card,1
4524.4,POS Payment,21.0,Tablet,Chicago,1,96,11,Credit Card,1
4224.59,POS Payment,20.0,Mobile,Boston,1,106,3,Credit Card,1
844.28,POS Payment,16.0,Tablet,Seattle,0,107,3,Credit Card,1
4001.44,ATM Withdrawal,18.0,Desktop,Boston,0,23,9,Credit Card,1
4437.61,Bill Payment,6.0,Tablet,Chicago,3,111,13,UPI,1
395.82,Online Purchase,5.0,Mobile,Houston,2,49,2,Net Banking,1
4394.4,Bank Transfer,22.0,Mobile,New York,0,78,7,UPI,1
826.66,ATM Withdrawal,13.0,Desktop,Houston,2,74,13,Credit Card,1
436.63,Bank Transfer,9.0,Tablet,Chicago,3,35,5,UPI,1
2125.67,POS Payment,3.0,Mobile,Chicago,0,83,7,Net Banking,1
4290.42,Online Purchase,3.0,Mobile,Chicago,0,42,8,Debit Card,1
578.9,Bank Transfer,15.0,Mobile,New York,3,111,5,Credit Card,1
214.66,Online Purchase,16.0,Tablet,Seattle,0,100,6,UPI,1
441.19,ATM Withdrawal,14.0,Tablet,Miami,0,80,4,Credit Card,1
602.29,ATM Withdrawal,1.0,Unknown Device,Boston,4,99,11,Invalid Method,1
3844.03,Online Purchase,19.0,Mobile,Chicago,0,94,1,Net Banking,1
2505.31,Bank Transfer,11.0,Tablet,Boston,1,25,4,UPI,1
633.82,ATM Withdrawal,3.0,Mobile,Boston,2,39,2,Debit Card,1
4227.2,Bank Transfer,6.0,Tablet,Chicago,2,91,13,Credit Card,1
4549.97,Bill Payment,12.0,Mobile,Houston,1,57,11,Net Banking,1
1269.39,Bank Transfer,1.0,Tablet,Boston,2,31,1,Net Banking,1
2479.77,Bill Payment,0.0,Tablet,Boston,1,65,10,Debit Card,1
2415.86,Online Purchase,19.0,Desktop,Miami,0,81,9,Net Banking,1
2776.8,Online Purchase,22.0,Mobile,Miami,2,65,14,Net Banking,1
4196.85,ATM Withdrawal,16.0,Desktop,Miami,0,41,6,UPI,1
1031.92,POS Payment,16.0,Tablet,San Francisco,0,80,7,UPI,1
2169.56,Online Purchase,0.0,Desktop,Boston,4,81,9,Credit Card,1
521.84,Bill Payment,13.0,Tablet,Boston,3,109,8,Credit Card,1
1427.22,Bill Payment,14.0,Desktop,Miami,4,95,3,Debit Card,1
1940.08,Bank Transfer,21.0,Mobile,Boston,4,13,12,Debit Card,1
1007.86,ATM Withdrawal,8.0,Mobile,Houston,2,106,14,UPI,1
4318.42,Bank Transfer,22.0,Desktop,Chicago,3,29,12,Credit Card,1
3239.59,POS Payment,15.0,Tablet,Boston,0,16,1,Credit Card,1
4450.03,Bill Payment,10.0,Desktop,Los Angeles,3,22,4,Net Banking,1
1451.67,Online Purchase,11.0,Mobile,Boston,3,28,3,Debit Card,1
2357.33,Online Purchase,23.0,Tablet,New York,3,118,9,Debit Card,1
3631.17,Bank Transfer,22.0,Desktop,Miami,0,83,5,Net Banking,1
3993.36,POS Payment,6.0,Unknown Device,Boston,1,100,10,Debit Card,1
4288.64,Bank Transfer,9.0,Tablet,Chicago,3,16,1,Debit Card,1
2170.51,POS Payment,12.0,Desktop,New York,4,49,1,UPI,1
780.29,POS Payment,7.0,Mobile,Miami,4,102,5,Debit Card,1
4985.7,Bill Payment,3.0,Mobile,Los Angeles,2,61,8,Debit Card,1
4585.92,ATM Withdrawal,19.0,Tablet,New York,3,47,5,Net Banking,1
4201.97,Bank Transfer,10.0,Mobile,Houston,0,25,14,Credit Card,1
3291.51,Bill Payment,17.0,Desktop,Los Angeles,3,19,14,Net Banking,1
2354.11,Bill Payment,16.0,Desktop,Chicago,1,36,7,UPI,1
4554.07,ATM Withdrawal,17.0,Mobile,Miami,0,86,12,UPI,1
165.67,Bill Payment,19.0,Tablet,Los Angeles,3,103,7,Credit Card,1
1143.18,Online Purchase,18.0,Tablet,Miami,4,11,7,Net Banking,1
439.6,POS Payment,6.0,Tablet,Boston,3,18,10,Debit Card,1
1915.26,ATM Withdrawal,10.0,Desktop,Chicago,0,10,11,Credit Card,1
1594.31,Online Purchase,10.0,Desktop,Miami,3,113,13,UPI,1
2599.84,Bill Payment,18.0,Tablet,Miami,0,46,11,Debit Card,1
303.89,Bill Payment,8.0,Tablet,Chicago,1,44,2,Net Banking,1
3007.85,POS Payment,11.0,Desktop,Los Angeles,1,28,4,Net Banking,1
2825.57,Bill Payment,18.0,Mobile,Miami,3,23,9,Credit Card,1
2320.57,POS Payment,20.0,Desktop,Boston,2,92,13,Net Banking,1
456.88,Online Purchase,10.0,Tablet,Houston,2,50,6,Net Banking,1
2729.04,Bank Transfer,3.0,Desktop,Boston,0,108,7,Credit Card,1
2788.35,Bank Transfer,1.0,Tablet,Houston,0,100,4,Credit Card,1
4948.19,Bill Payment,17.0,Desktop,Miami,1,32,4,Net Banking,1
594.51,Bill Payment,3.0,Desktop,Houston,0,96,12,Debit Card,1
906.78,Bill Payment,20.0,Desktop,Chicago,0,69,14,Debit Card,1
1263.83,Bill Payment,0.0,Tablet,Boston,1,89,11,Debit Card,1
3479.01,ATM Withdrawal,22.0,Desktop,Los Angeles,0,74,5,UPI,1
1320.58,POS Payment,20.0,Desktop,New York,4,107,12,UPI,1
3773.93,ATM Withdrawal,11.0,Tablet,New York,2,119,10,Credit Card,1
1965.69,Bill Payment,16.0,Unknown Device,Miami,0,93,11,Credit Card,1
4343.5,Bank Transfer,2.0,Desktop,Miami,2,61,2,UPI,1
4397.66,Bank Transfer,14.0,Tablet,San Francisco,4,114,7,Net Banking,1
1131.77,Online Purchase,17.0,Mobile,Chicago,3,71,12,Net Banking,1
4931.49,Bank Transfer,5.0,Desktop,New York,0,113,3,Credit Card,1
1557.96,Bank Transfer,15.0,Mobile,Boston,0,10,13,Invalid Method,1
2996.61,ATM Withdrawal,17.0,Desktop,Miami,1,38,7,Invalid Method,1
3824.01,Bill Payment,1.0,Mobile,Boston,2,68,4,Net Banking,1
2274.8,ATM Withdrawal,15.0,Mobile,Houston,2,35,9,UPI,1
1261.06,Online Purchase,15.0,Desktop,Chicago,1,111,2,UPI,1
1167.95,Online Purchase,23.0,Tablet,San Francisco,0,18,4,Credit Card,1
4447.63,POS Payment,4.0,Desktop,Chicago,1,15,8,Debit Card,1
1180.28,Bank Transfer,15.0,Desktop,Miami,4,93,6,Net Banking,1
1674.59,POS Payment,2.0,Mobile,Boston,1,67,7,Debit Card,1
4313.28,Bank Transfer,6.0,Desktop,Los Angeles,2,48,1,Net Banking,1
2943.54,POS Payment,16.0,Mobile,Miami,2,54,5,UPI,1
2175.75,Online Purchase,16.0,Mobile,Seattle,0,88,2,Credit Card,1
4725.78,Bank Transfer,4.0,Desktop,Los Angeles,3,87,1,Credit Card,1
3304.16,Bill Payment,19.0,Tablet,Houston,1,40,6,UPI,1
1188.05,Bill Payment,17.0,Tablet,Miami,4,93,14,UPI,1
4228.56,ATM Withdrawal,8.0,Desktop,Chicago,4,22,5,Debit Card,1
116.84,Online Purchase,14.0,Desktop,New York,3,80,8,Invalid Method,1
638.02,Online Purchase,15.0,Desktop,Miami,4,47,1,Net Banking,1
2452.74,ATM Withdrawal,23.0,Desktop,Boston,0,27,14,Credit Card,1
168.57,ATM Withdrawal,18.0,Desktop,Miami,2,97,13,Credit Card,1
3171.63,Bank Transfer,7.0,Tablet,Houston,2,80,9,UPI,1
4331.91,Bill Payment,8.0,Tablet,Chicago,2,59,2,Net Banking,1
4359.56,ATM Withdrawal,10.0,Desktop,Boston,4,29,1,Net Banking,1
1900.27,ATM Withdrawal,13.0,Mobile,Seattle,1,119,1,Net Banking,1
3418.18,POS Payment,22.0,Tablet,Boston,0,52,6,Net Banking,1
962.6,Online Purchase,20.0,Mobile,New York,3,82,2,Debit Card,1
1517.63,Online Purchase,20.0,Mobile,San Francisco,2,100,13,UPI,1
4441.12,ATM Withdrawal,15.0,Mobile,Los Angeles,4,17,7,Invalid Method,1
2685.14,ATM Withdrawal,13.0,Desktop,New York,0,54,1,UPI,1
2464.51,POS Payment,14.0,Desktop,Houston,1,59,10,Debit Card,1
3115.51,Online Purchase,23.0,Desktop,Los Angeles,0,10,13,Credit Card,1
3029.8,Bill Payment,16.0,Mobile,New York,2,69,3,Credit Card,1
61.2,POS Payment,20.0,Tablet,Miami,2,77,6,Credit Card,1
2786.26,Bank Transfer,5.0,Tablet,Boston,0,98,6,Debit Card,1
990.51,POS Payment,14.0,Tablet,Los Angeles,1,118,1,Credit Card,1
1070.87,POS Payment,2.0,Desktop,Boston,1,53,13,UPI,1
4702.77,Bank Transfer,9.0,Desktop,New York,4,82,3,Credit Card,1
3106.75,Online Purchase,9.0,Mobile,Boston,0,115,1,Debit Card,1
541.21,ATM Withdrawal,18.0,Desktop,New York,2,112,3,UPI,1
4547.14,Online Purchase,23.0,Desktop,Houston,0,96,7,UPI,1
4899.47,POS Payment,6.0,Tablet,Boston,2,61,8,UPI,1
3603.45,Online Purchase,12.0,Tablet,Chicago,1,106,9,Net Banking,1
2812.13,Bank Transfer,23.0,Tablet,New York,0,101,4,Net Banking,1
441.45,ATM Withdrawal,17.0,Unknown Device,Miami,0,44,8,Net Banking,1
4744.26,Online Purchase,20.0,Desktop,Los Angeles,2,101,10,Debit Card,1
3372.44,ATM Withdrawal,18.0,Tablet,Los Angeles,0,20,3,UPI,1
2947.38,Online Purchase,6.0,Desktop,Boston,1,118,8,Net Banking,1
2382.71,Bank Transfer,17.0,Tablet,Houston,0,5,2,Net Banking,1
4121.19,Online Purchase,16.0,Tablet,Miami,3,32,5,Credit Card,1
1216.87,POS Payment,12.0,Mobile,Boston,1,98,8,Net Banking,1
3924.98,Bank Transfer,19.0,Desktop,New York,2,94,7,Credit Card,1
2805.81,Online Purchase,12.0,Tablet,Boston,3,93,12,UPI,1
1673.64,ATM Withdrawal,5.0,Desktop,Chicago,0,90,4,Debit Card,1
2899.02,ATM Withdrawal,10.0,Mobile,Miami,4,23,3,Credit Card,1
1591.42,Online Purchase,20.0,Desktop,Miami,1,87,8,Credit Card,1
263.54,Bill Payment,12.0,Tablet,Houston,2,107,13,Debit Card,1
4428.67,Bank Transfer,8.0,Tablet,Boston,0,29,6,Debit Card,1
2259.48,Bill Payment,21.0,Desktop,Los Angeles,0,13,14,Debit Card,1
3258.55,POS Payment,19.0,Desktop,Seattle,0,97,8,Credit Card,1
4597.75,Bill Payment,7.0,Tablet,Los Angeles,1,29,2,Net Banking,1
1193.52,POS Payment,18.0,Desktop,New York,4,56,9,Invalid Method,1
2811.79,ATM Withdrawal,3.0,Desktop,Chicago,3,30,7,Net Banking,1
3246.29,POS Payment,3.0,Tablet,Boston,2,37,10,Credit Card,1
4711.15,Online Purchase,7.0,Unknown Device,Houston,0,29,2,Net Banking,1
1526.41,Bank Transfer,15.0,Mobile,Boston,1,96,8,Debit Card,1
1912.21,Bill Payment,2.0,Tablet,Chicago,2,96,1,Debit Card,1
2810.26,Bank Transfer,13.0,Desktop,New York,2,59,2,Net Banking,1
3830.22,Bank Transfer,20.0,Tablet,San Francisco,1,26,4,Debit Card,1
4142.67,POS Payment,14.0,Mobile,Chicago,0,35,6,Debit Card,1
702.01,ATM Withdrawal,18.0,Mobile,Boston,2,114,13,UPI,1
1352.24,Bank Transfer,18.0,Tablet,Boston,1,96,11,Credit Card,1
4176.91,Bank Transfer,16.0,Mobile,New York,3,58,7,Debit Card,1
1441.38,Bank Transfer,20.0,Desktop,Miami,0,106,10,Net Banking,1
549.62,POS Payment,21.0,Desktop,Boston,3,111,11,Credit Card,1
49997.8,ATM Withdrawal,12.0,Desktop,Boston,0,112,7,Credit Card,1
638.27,Bank Transfer,4.0,Desktop,Boston,3,102,14,Debit Card,1
2182.49,Bill Payment,4.0,Desktop,Chicago,1,115,2,Debit Card,1
2065.8,Bill Payment,10.0,Desktop,Los Angeles,4,41,1,Net Banking,1
4556.85,Bank Transfer,20.0,Mobile,Miami,0,60,11,Debit Card,1
49997.8,Bill Payment,15.0,Mobile,Miami,3,57,5,Net Banking,1
868.8,Bill Payment,16.0,Desktop,Miami,4,31,5,UPI,1
4668.78,Online Purchase,16.0,Desktop,Miami,4,119,14,Debit Card,1
105.88,ATM Withdrawal,17.0,Tablet,New York,3,80,1,UPI,1
3258.55,Bank Transfer,22.0,Desktop,San Francisco,1,91,5,Credit Card,1
2703.57,Bill Payment,17.0,Tablet,San Francisco,1,101,2,Net Banking,1
2730.45,Bill Payment,11.0,Mobile,Houston,0,78,10,Net Banking,1
193.32,POS Payment,11.0,Mobile,Chicago,1,24,5,Credit Card,1
3863.76,Bank Transfer,11.0,Desktop,New York,4,76,3,Credit Card,1
1500.5,Bill Payment,11.0,Desktop,Chicago,2,39,4,UPI,1
3239.64,Online Purchase,15.0,Mobile,Chicago,2,95,5,Net Banking,1
1908.36,Bank Transfer,15.0,Desktop,Boston,3,16,14,Net Banking,1
1675.87,ATM Withdrawal,0.0,Mobile,Chicago,2,60,1,Net Banking,1
450.94,POS Payment,18.0,Mobile,Houston,2,53,4,Net Banking,1
756.13,Online Purchase,7.0,Mobile,Chicago,2,75,8,Debit Card,1
2850.24,Bank Transfer,16.0,Mobile,Houston,3,6,8,UPI,1
2221.2,Bill Payment,23.0,Tablet,Boston,0,37,12,Net Banking,1
407.0,Online Purchase,22.0,Tablet,San Francisco,0,119,13,Debit Card,1
1949.16,POS Payment,16.0,Tablet,Boston,1,99,8,Credit Card,1
2806.2,POS Payment,21.0,Tablet,Los Angeles,0,85,1,Debit Card,1
2190.73,Online Purchase,15.0,Desktop,New York,0,87,11,Net Banking,1
3587.34,ATM Withdrawal,16.0,Tablet,Seattle,0,100,3,Net Banking,1
2482.16,Bank Transfer,14.0,Tablet,Boston,2,16,12,Debit Card,1
3557.25,POS Payment,19.0,Unknown Device,Boston,1,89,9,Credit Card,1
1091.11,ATM Withdrawal,18.0,Desktop,Los Angeles,2,53,8,Credit Card,1
99.55,ATM Withdrawal,1.0,Mobile,Boston,2,84,7,Credit Card,1
1493.97,ATM Withdrawal,6.0,Mobile,Chicago,4,17,1,UPI,1
4252.67,Bill Payment,18.0,Tablet,New York,2,94,12,UPI,1
3253.58,ATM Withdrawal,6.0,Mobile,San Francisco,1,98,4,Debit Card,1
120.65,POS Payment,20.0,Tablet,Los Angeles,2,50,14,Credit Card,1
3266.05,POS Payment,12.0,Tablet,New York,1,106,6,Debit Card,1
134.96,Bill Payment,23.0,Mobile,Los Angeles,4,98,6,Net Banking,1
1925.23,POS Payment,1.0,Unknown Device,Boston,3,83,6,Debit Card,1
1121.85,ATM Withdrawal,23.0,Mobile,Chicago,1,48,4,UPI,1
3234.34,POS Payment,23.0,Tablet,Houston,0,51,2,Net Banking,1
2888.46,ATM Withdrawal,22.0,Desktop,New York,3,105,9,Credit Card,1
3490.14,Bank Transfer,5.0,Mobile,Boston,2,38,6,Credit Card,1
4038.54,POS Payment,23.0,Desktop,Miami,3,39,3,Net Banking,1
2246.53,Bill Payment,12.0,Mobile,Los Angeles,0,104,8,Credit Card,1
4253.21,ATM Withdrawal,9.0,Tablet,Boston,0,63,7,Credit Card,1
4885.36,Bank Transfer,21.0,Desktop,New York,1,108,10,Net Banking,1
1844.38,Bill Payment,9.0,Mobile,Los Angeles,2,75,1,UPI,1
96.04,ATM Withdrawal,23.0,Desktop,Boston,3,115,12,Debit Card,1
3784.66,POS Payment,18.0,Desktop,Chicago,4,109,13,UPI,1
49997.8,ATM Withdrawal,13.0,Mobile,Seattle,3,119,5,Net Banking,1
2712.11,POS Payment,16.0,Mobile,Boston,0,100,10,Credit Card,1
2513.25,ATM Withdrawal,18.0,Desktop,Chicago,4,48,1,Credit Card,1
4607.91,ATM Withdrawal,17.0,Tablet,San Francisco,3,43,6,Credit Card,1
4051.38,ATM Withdrawal,13.0,Mobile,Houston,0,56,5,Credit Card,1
2605.69,Online Purchase,11.0,Desktop,San Francisco,0,89,4,Net Banking,1
4148.21,Online Purchase,15.0,Mobile,Miami,4,106,3,Debit Card,1
3723.62,Bill Payment,15.0,Mobile,San Francisco,1,118,1,Debit Card,1
3608.03,Bank Transfer,22.0,Tablet,New York,0,109,7,Credit Card,1
4022.08,POS Payment,15.0,Desktop,New York,2,18,6,Net Banking,1
4524.4,Bill Payment,6.0,Mobile,San Francisco,0,78,1,Net Banking,1
746.12,Online Purchase,19.0,Mobile,Chicago,3,69,1,Net Banking,1
4267.26,ATM Withdrawal,23.0,Desktop,Chicago,1,19,8,Net Banking,1
4881.41,Online Purchase,19.0,Desktop,Seattle,4,95,12,Debit Card,1
255.62,ATM Withdrawal,20.0,Desktop,Boston,3,19,4,UPI,1
3823.77,ATM Withdrawal,10.0,Mobile,Miami,3,81,12,Net Banking,1
4790.24,ATM Withdrawal,2.0,Tablet,Chicago,0,50,10,Debit Card,1
1716.87,Bank Transfer,18.0,Desktop,Houston,1,42,1,Net Banking,1
3458.75,ATM Withdrawal,21.0,Tablet,Boston,4,48,14,UPI,1
2928.78,Bill Payment,19.0,Mobile,New York,1,115,8,Invalid Method,1
138.9,Bank Transfer,12.0,Mobile,San Francisco,0,113,2,Net Banking,1
882.37,Online Purchase,22.0,Mobile,Chicago,0,65,5,Credit Card,1
2698.37,Online Purchase,12.0,Desktop,Boston,4,83,2,UPI,1
4502.86,Bill Payment,3.0,Mobile,Chicago,3,86,1,Net Banking,1
4698.95,POS Payment,14.0,Desktop,Boston,2,37,3,Net Banking,1
2451.64,Bank Transfer,0.0,Desktop,Houston,0,92,11,Net Banking,1
2428.59,POS Payment,4.0,Desktop,Miami,0,84,1,UPI,1
212.43,Bank Transfer,16.0,Mobile,Los Angeles,4,108,5,UPI,1
3061.74,Online Purchase,17.0,Unknown Device,Los Angeles,1,71,9,Credit Card,1
740.04,Bank Transfer,5.0,Tablet,Boston,2,70,8,Credit Card,1
1145.09,Bill Payment,9.0,Desktop,Chicago,1,80,10,UPI,1
2908.53,POS Payment,6.0,Tablet,Los Angeles,2,97,11,Debit Card,1
4783.01,Bank Transfer,23.0,Tablet,San Francisco,3,45,1,Credit Card,1
1718.97,ATM Withdrawal,3.0,Mobile,Miami,1,75,1,Debit Card,1
2642.9,POS Payment,13.0,Mobile,Miami,1,115,9,Debit Card,1
956.65,ATM Withdrawal,18.0,Tablet,Houston,2,80,7,Credit Card,1
3932.56,Bill Payment,23.0,Mobile,New York,1,75,8,Credit Card,1
4052.88,Bank Transfer,16.0,Tablet,Seattle,1,66,5,UPI,1
4096.0,POS Payment,18.0,Tablet,Los Angeles,3,75,3,Debit Card,1
4362.48,Bank Transfer,18.0,Tablet,New York,1,61,2,Credit Card,1
1825.87,Bill Payment,3.0,Desktop,Chicago,0,35,7,UPI,1
491.65,Online Purchase,20.0,Desktop,Los Angeles,0,15,2,UPI,1
3354.98,POS Payment,10.0,Desktop,Los Angeles,0,108,5,Net Banking,1
751.29,POS Payment,18.0,Unknown Device,Los Angeles,0,59,1,Credit Card,1
4696.88,Bank Transfer,22.0,Tablet,Boston,3,48,13,Debit Card,1
2825.31,ATM Withdrawal,22.0,Desktop,Los Angeles,3,101,2,UPI,1
3393.28,Online Purchase,7.0,Desktop,Boston,2,79,3,Debit Card,1
4161.79,Online Purchase,18.0,Tablet,Boston,3,66,6,Net Banking,1
4543.72,Online Purchase,15.0,Tablet,Chicago,2,55,14,Credit Card,1
3258.73,Bill Payment,4.0,Tablet,Houston,1,6,4,Net Banking,1
3118.61,Bill Payment,15.0,Tablet,New York,0,95,3,Net Banking,1
3139.6,Bill Payment,23.0,Desktop,Miami,3,40,4,Debit Card,1
2795.37,Bank Transfer,0.0,Desktop,Los Angeles,1,67,2,Debit Card,1
3606.99,Bill Payment,23.0,Desktop,Boston,3,26,11,Debit Card,1
3562.11,Bill Payment,22.0,Tablet,Houston,0,83,5,Credit Card,1
3646.14,Bank Transfer,9.0,Tablet,New York,0,106,9,Credit Card,1
3761.68,Bill Payment,23.0,Desktop,Los Angeles,3,73,10,UPI,1
2305.17,Online Purchase,17.0,Tablet,San Francisco,0,74,4,UPI,1
4849.51,Online Purchase,17.0,Tablet,New York,2,80,13,Credit Card,1
3159.37,Bill Payment,13.0,Desktop,Los Angeles,3,119,6,Credit Card,1
4343.2,POS Payment,15.0,Tablet,Boston,3,41,9,Net Banking,1
3731.73,Bill Payment,19.0,Tablet,New York,0,4,3,UPI,1
3598.58,POS Payment,6.0,Desktop,New York,1,89,5,Credit Card,1
818.7,POS Payment,23.0,Mobile,Los Angeles,1,40,13,UPI,1
2545.86,Bank Transfer,18.0,Mobile,Los Angeles,2,45,5,UPI,1
3020.86,Online Purchase,22.0,Mobile,San Francisco,2,55,2,Net Banking,1
3940.38,ATM Withdrawal,17.0,Mobile,Los Angeles,1,111,3,Credit Card,1
2313.86,Bill Payment,14.0,Desktop,Chicago,2,114,2,Credit Card,1
1447.21,POS Payment,18.0,Tablet,Houston,4,100,12,UPI,1
2107.69,Bill Payment,9.0,Desktop,Boston,4,111,7,UPI,1
1367.15,ATM Withdrawal,16.0,Mobile,Houston,3,114,8,Net Banking,1
4807.14,Online Purchase,23.0,Tablet,Houston,2,22,1,Debit Card,1
4043.41,Bank Transfer,21.0,Mobile,New York,2,8,4,UPI,1
98.69,POS Payment,22.0,Mobile,Houston,2,88,7,Credit Card,1
2202.81,ATM Withdrawal,22.0,Tablet,Los Angeles,0,3,2,Credit Card,1
4077.68,Bank Transfer,2.0,Desktop,Los Angeles,3,112,5,Net Banking,1
4171.03,Bill Payment,15.0,Tablet,Miami,3,89,14,Credit Card,1
2585.88,Bank Transfer,16.0,Mobile,Miami,3,44,11,Debit Card,1
3527.95,Bank Transfer,19.0,Mobile,New York,0,86,10,UPI,1
2096.71,Bank Transfer,9.0,Desktop,Chicago,0,85,5,Net Banking,1
1332.65,POS Payment,23.0,Desktop,Los Angeles,0,7,13,Net Banking,1
4383.42,POS Payment,14.0,Tablet,Houston,2,62,13,Debit Card,1
3848.49,Bank Transfer,16.0,Mobile,Boston,1,76,2,Invalid Method,1
537.65,Online Purchase,19.0,Desktop,New York,1,71,9,UPI,1
4970.08,POS Payment,19.0,Desktop,Los Angeles,3,92,1,UPI,1
3718.46,Online Purchase,3.0,Mobile,Chicago,0,35,7,Debit Card,1
1200.9,POS Payment,22.0,Tablet,San Francisco,2,112,2,Debit Card,1
3755.36,Bank Transfer,23.0,Mobile,Houston,3,92,8,Invalid Method,1
3417.73,Bill Payment,22.0,Mobile,Boston,2,86,9,UPI,1
3563.79,ATM Withdrawal,5.0,Tablet,Chicago,2,28,3,Invalid Method,1
3102.7,Online Purchase,9.0,Tablet,San Francisco,0,84,3,UPI,1
3629.33,POS Payment,18.0,Tablet,Houston,2,104,4,Debit Card,1
1495.7,Bank Transfer,20.0,Desktop,Los Angeles,2,41,8,UPI,1
3479.81,Bill Payment,10.0,Tablet,Miami,0,76,5,Credit Card,1
851.87,Online Purchase,15.0,Desktop,Houston,4,82,3,Net Banking,1
2121.11,Online Purchase,21.0,Desktop,Chicago,2,109,9,Net Banking,1
4768.01,Bank Transfer,23.0,Mobile,Los Angeles,0,29,12,Invalid Method,1
1271.37,POS Payment,8.0,Tablet,Chicago,1,105,4,Debit Card,1
1444.59,POS Payment,14.0,Desktop,New York,0,66,2,Credit Card,1
2148.83,POS Payment,11.0,Mobile,Boston,1,58,1,Debit Card,1
338.75,Bank Transfer,23.0,Mobile,New York,0,71,13,Credit Card,1
2865.22,Online Purchase,12.0,Mobile,Chicago,2,41,8,UPI,1
2782.69,Bank Transfer,6.0,Desktop,Houston,1,75,5,Debit Card,1
4068.47,Online Purchase,23.0,Tablet,Chicago,0,90,14,Net Banking,1
3952.65,Online Purchase,11.0,Mobile,New York,0,68,1,Debit Card,1
3309.23,Bank Transfer,21.0,Tablet,Miami,1,75,8,UPI,1
634.67,ATM Withdrawal,16.0,Desktop,Miami,3,44,1,Net Banking,1
3245.16,Bill Payment,3.0,Mobile,Los Angeles,2,68,1,Net Banking,1
3858.27,Online Purchase,4.0,Desktop,Chicago,4,59,12,Credit Card,1
2708.04,ATM Withdrawal,10.0,Tablet,New York,2,69,6,Debit Card,1
4416.03,ATM Withdrawal,10.0,Mobile,San Francisco,0,113,11,Debit Card,1
4404.74,Online Purchase,19.0,Mobile,Los Angeles,1,58,5,Debit Card,1
3475.14,Online Purchase,19.0,Mobile,Houston,3,64,9,Debit Card,1
811.59,ATM Withdrawal,15.0,Mobile,Boston,0,68,10,Debit Card,1
4096.25,Bill Payment,3.0,Mobile,Houston,1,76,6,UPI,1
2538.96,ATM Withdrawal,10.0,Mobile,Miami,2,99,4,Credit Card,1
2282.32,Bank Transfer,12.0,Mobile,Boston,4,75,4,Debit Card,1
3566.37,ATM Withdrawal,8.0,Tablet,Houston,1,79,4,Net Banking,1
4843.3,Bank Transfer,14.0,Desktop,Chicago,0,54,8,Debit Card,1
1137.08,Online Purchase,12.0,Desktop,Los Angeles,1,32,8,Debit Card,1
4897.66,Online Purchase,19.0,Mobile,New York,4,59,6,Credit Card,1
856.99,POS Payment,15.0,Unknown Device,New York,0,45,7,Net Banking,1
3055.12,Bank Transfer,7.0,Tablet,Houston,1,10,5,Debit Card,1
2228.47,Online Purchase,14.0,Mobile,Seattle,4,88,3,Debit Card,1
1347.04,Bank Transfer,9.0,Mobile,Los Angeles,2,59,2,Credit Card,1
888.07,Online Purchase,20.0,Desktop,Los Angeles,3,33,1,Debit Card,1
3859.64,POS Payment,22.0,Desktop,Los Angeles,4,89,2,Net Banking,1
3646.12,Bank Transfer,0.0,Tablet,Los Angeles,4,108,7,Credit Card,1
4527.95,Online Purchase,1.0,Tablet,Chicago,2,11,1,Invalid Method,1
2182.49,Bank Transfer,12.0,Mobile,Chicago,2,10,5,Debit Card,1
2847.69,ATM Withdrawal,23.0,Desktop,Boston,3,81,7,Net Banking,1
4192.76,Online Purchase,0.0,Mobile,Boston,2,104,12,Debit Card,1
948.01,POS Payment,0.0,Mobile,Boston,2,119,10,Debit Card,1
1542.61,Bank Transfer,21.0,Mobile,Boston,4,84,13,UPI,1
2734.18,POS Payment,18.0,Tablet,Houston,3,50,4,Debit Card,1
5.52,ATM Withdrawal,16.0,Desktop,Boston,4,106,8,UPI,1
3763.43,Online Purchase,16.0,Desktop,Los Angeles,0,21,10,Net Banking,1
4354.49,Bill Payment,17.0,Mobile,Miami,3,109,7,Credit Card,1
158.11,Online Purchase,6.0,Tablet,Los Angeles,1,112,6,Net Banking,1
1616.29,Bank Transfer,16.0,Mobile,Boston,0,55,1,Debit Card,1
4600.04,POS Payment,16.0,Tablet,New York,0,109,12,Debit Card,1
2069.68,Bank Transfer,15.0,Mobile,Chicago,2,30,2,UPI,1
3758.99,Online Purchase,21.0,Mobile,Seattle,3,117,13,Net Banking,1
2582.37,Bank Transfer,13.0,Desktop,Boston,2,58,2,Credit Card,1
1539.18,Bank Transfer,16.0,Tablet,Houston,0,39,7,Credit Card,1
4576.0,Bank Transfer,19.0,Mobile,Seattle,1,44,3,Debit Card,1
4449.85,Bill Payment,23.0,Mobile,Boston,1,21,13,UPI,1
49997.8,Bank Transfer,0.0,Unknown Device,New York,3,32,6,Debit Card,1
4771.59,Bill Payment,18.0,Desktop,San Francisco,2,114,1,Debit Card,1
182.63,POS Payment,13.0,Mobile,Chicago,2,119,13,Debit Card,1
1562.9,ATM Withdrawal,4.0,Desktop,Chicago,0,84,1,Net Banking,1
49997.8,Bank Transfer,10.0,Mobile,Los Angeles,2,85,4,Net Banking,1
3013.88,POS Payment,19.0,Desktop,New York,3,30,9,Credit Card,1
4949.72,POS Payment,4.0,Tablet,Houston,1,26,4,UPI,1
3718.22,POS Payment,2.0,Desktop,Chicago,2,92,9,Net Banking,1
1539.89,POS Payment,7.0,Mobile,Chicago,4,64,11,Debit Card,1
4232.79,Bill Payment,6.0,Tablet,Chicago,0,23,3,Credit Card,1
3479.48,Bank Transfer,16.0,Tablet,Houston,3,20,13,Credit Card,1
2941.01,ATM Withdrawal,8.0,Mobile,Houston,0,118,12,Credit Card,1
2734.16,Bill Payment,17.0,Unknown Device,Chicago,2,44,11,Credit Card,1
4093.28,ATM Withdrawal,1.0,Mobile,Boston,1,17,6,Debit Card,1
2334.66,Bank Transfer,18.0,Desktop,San Francisco,4,93,1,UPI,1
412.45,Bank Transfer,1.0,Desktop,Houston,0,96,7,Credit Card,1
3474.93,Bank Transfer,21.0,Mobile,Seattle,3,6,1,Credit Card,1
4478.79,ATM Withdrawal,0.0,Mobile,Boston,1,28,2,Debit Card,1
3921.67,Online Purchase,23.0,Mobile,Seattle,3,40,4,UPI,1
4510.58,ATM Withdrawal,20.0,Mobile,New York,2,93,7,Credit Card,1
3664.49,ATM Withdrawal,1.0,Mobile,Los Angeles,3,99,2,Credit Card,1
4620.95,Bank Transfer,5.0,Tablet,Los Angeles,2,33,4,Debit Card,1
3772.24,Bank Transfer,21.0,Tablet,Los Angeles,0,15,11,Credit Card,1
4563.35,Online Purchase,4.0,Mobile,Los Angeles,3,61,1,Debit Card,1
3142.28,POS Payment,23.0,Tablet,Houston,2,11,13,Credit Card,1
4668.3,Online Purchase,19.0,Mobile,New York,0,106,6,UPI,1
284.16,Bank Transfer,15.0,Desktop,Houston,2,34,6,UPI,1
1263.17,Bill Payment,16.0,Mobile,Houston,4,52,9,UPI,1
3447.49,ATM Withdrawal,23.0,Desktop,Chicago,2,70,7,Net Banking,1
3233.78,POS Payment,14.0,Desktop,Boston,1,110,4,Debit Card,1
1932.08,ATM Withdrawal,9.0,Desktop,Houston,0,109,3,Credit Card,1
328.89,ATM Withdrawal,14.0,Mobile,Boston,0,2,13,Credit Card,1
4504.78,Online Purchase,0.0,Desktop,Boston,0,30,8,Debit Card,1
1066.37,ATM Withdrawal,2.0,Mobile,Boston,2,57,13,Net Banking,1
1240.63,Online Purchase,16.0,Tablet,Houston,1,86,7,Debit Card,1
3681.85,ATM Withdrawal,16.0,Mobile,Houston,2,64,11,Credit Card,1
2434.93,Bill Payment,14.0,Desktop,Los Angeles,1,96,11,Debit Card,1
2217.79,Bank Transfer,20.0,Mobile,Miami,2,34,6,Net Banking,1
243.45,Bill Payment,16.0,Mobile,Houston,2,101,2,UPI,1
4013.94,Bill Payment,9.0,Mobile,Miami,4,85,1,UPI,1
3855.98,Bill Payment,19.0,Mobile,Boston,1,17,8,Net Banking,1
4047.4,ATM Withdrawal,3.0,Tablet,Miami,4,116,9,Debit Card,1
2408.41,POS Payment,6.0,Tablet,Miami,0,96,4,Credit Card,1
723.36,POS Payment,14.0,Desktop,Chicago,3,94,14,Debit Card,1
1849.69,Bank Transfer,21.0,Tablet,Boston,3,103,10,Net Banking,1
838.56,POS Payment,19.0,Desktop,Seattle,4,33,1,Credit Card,1
4690.81,Online Purchase,4.0,Tablet,Houston,1,99,4,Credit Card,1
12.59,ATM Withdrawal,19.0,Desktop,Miami,4,12,6,Credit Card,1
3521.46,POS Payment,18.0,Tablet,Los Angeles,1,21,14,Debit Card,1
2471.4,ATM Withdrawal,19.0,Desktop,San Francisco,1,74,1,Net Banking,1
4593.38,POS Payment,21.0,Tablet,Miami,1,63,12,Debit Card,1
967.66,POS Payment,4.0,Tablet,Chicago,4,92,6,Debit Card,1
4175.73,Online Purchase,6.0,Tablet,Boston,4,92,5,UPI,1
2417.02,Bank Transfer,2.0,Mobile,Chicago,1,65,12,Credit Card,1
2784.96,ATM Withdrawal,8.0,Unknown Device,Los Angeles,4,75,2,Credit Card,1
1458.19,Online Purchase,18.0,Tablet,Miami,1,87,14,UPI,1
1653.38,ATM Withdrawal,15.0,Mobile,Miami,1,30,1,Credit Card,1
1451.12,ATM Withdrawal,22.0,Tablet,Boston,2,57,6,UPI,1
4901.85,Online Purchase,17.0,Tablet,New York,2,16,7,Invalid Method,1
850.72,ATM Withdrawal,21.0,Desktop,Chicago,2,100,9,Invalid Method,1
4503.2,Bill Payment,18.0,Desktop,Miami,3,107,10,UPI,1
2112.71,Online Purchase,17.0,Desktop,Chicago,4,25,6,Credit Card,1
2305.58,ATM Withdrawal,11.0,Desktop,Boston,4,37,1,Credit Card,1
2816.38,ATM Withdrawal,14.0,Tablet,Chicago,3,13,9,Net Banking,1
2004.5,Online Purchase,11.0,Mobile,Houston,3,38,2,UPI,1
3864.07,POS Payment,8.0,Mobile,Houston,2,40,10,Net Banking,1
3300.79,POS Payment,20.0,Tablet,Miami,3,66,13,Credit Card,1
2621.51,Online Purchase,12.0,Desktop,Chicago,1,62,12,Net Banking,1
492.68,Bank Transfer,16.0,Tablet,Los Angeles,1,84,11,Debit Card,1
4891.59,POS Payment,6.0,Desktop,Houston,2,40,9,Net Banking,1
2123.13,ATM Withdrawal,18.0,Desktop,Miami,3,19,8,Credit Card,1
3200.29,Online Purchase,16.0,Mobile,Houston,2,53,6,Net Banking,1
1671.3,Online Purchase,14.0,Desktop,San Francisco,3,94,7,Debit Card,1
1031.43,Online Purchase,15.0,Tablet,Miami,1,107,6,Debit Card,1
1618.35,POS Payment,2.0,Tablet,Chicago,1,91,11,Net Banking,1
2731.28,POS Payment,14.0,Desktop,Los Angeles,1,57,9,Net Banking,1
2249.08,ATM Withdrawal,8.0,Mobile,Boston,3,50,14,UPI,1
3661.49,Bank Transfer,11.0,Desktop,Miami,4,9,3,Debit Card,1
3361.83,ATM Withdrawal,5.0,Mobile,Chicago,3,11,6,Net Banking,1
2922.57,ATM Withdrawal,18.0,Desktop,Seattle,2,116,2,UPI,1
3147.72,Bill Payment,10.0,Desktop,Miami,2,116,7,Debit Card,1
2047.92,Bill Payment,0.0,Mobile,Boston,3,102,12,Credit Card,1
212.77,Online Purchase,17.0,Desktop,Los Angeles,3,113,11,Net Banking,1
4926.1,Bank Transfer,5.0,Mobile,Boston,1,3,8,Credit Card,1
2998.19,ATM Withdrawal,21.0,Desktop,Seattle,0,78,1,Debit Card,1
744.44,Bill Payment,8.0,Tablet,Boston,4,30,4,Debit Card,1
4247.35,Bill Payment,2.0,Tablet,Boston,4,36,5,Credit Card,1
4004.29,Bill Payment,19.0,Mobile,San Francisco,4,74,3,UPI,1
4732.8,Online Purchase,21.0,Tablet,Seattle,2,49,7,UPI,1
2170.96,POS Payment,18.0,Desktop,Chicago,1,12,14,Credit Card,1
2824.61,Bill Payment,18.0,Desktop,New York,2,72,4,UPI,1
937.44,Online Purchase,22.0,Desktop,Seattle,3,96,10,UPI,1
3897.65,ATM Withdrawal,12.0,Desktop,Houston,4,89,5,Net Banking,1
3237.78,Bank Transfer,18.0,Tablet,Boston,4,96,5,Net Banking,1
345.7,POS Payment,19.0,Tablet,Seattle,2,103,10,Debit Card,1
3484.07,POS Payment,22.0,Tablet,Los Angeles,2,114,8,Credit Card,1
3818.95,Online Purchase,20.0,Unknown Device,Los Angeles,0,56,5,Credit Card,1
1538.95,Bill Payment,18.0,Desktop,Seattle,4,118,1,Debit Card,1
1429.37,Bill Payment,10.0,Desktop,Los Angeles,3,85,12,Credit Card,1
351.66,ATM Withdrawal,22.0,Desktop,San Francisco,2,100,8,Debit Card,1
1231.99,POS Payment,13.0,Mobile,San Francisco,4,75,1,Debit Card,1
1893.75,Online Purchase,15.0,Desktop,Chicago,4,102,9,Credit Card,1
1234.58,ATM Withdrawal,1.0,Mobile,Chicago,4,98,11,Net Banking,1
1815.34,Bank Transfer,22.0,Tablet,Chicago,2,58,5,Debit Card,1
1820.32,ATM Withdrawal,7.0,Tablet,Houston,2,114,12,UPI,1
2483.69,ATM Withdrawal,5.0,Tablet,Boston,1,55,13,Net Banking,1
2839.95,Bill Payment,12.0,Mobile,Miami,4,46,4,UPI,1
1210.85,ATM Withdrawal,23.0,Mobile,Houston,2,76,12,Debit Card,1
956.38,Bill Payment,17.0,Desktop,Houston,1,52,5,Net Banking,1
2571.16,Bank Transfer,15.0,Mobile,Miami,4,109,6,UPI,1
813.26,Bill Payment,22.0,Mobile,San Francisco,4,112,5,UPI,1
3832.3,POS Payment,23.0,Mobile,Seattle,3,93,6,UPI,1
3156.81,Bank Transfer,16.0,Mobile,Los Angeles,1,74,5,Net Banking,1
1702.06,Online Purchase,23.0,Mobile,Houston,2,118,8,Credit Card,1
1743.28,Bank Transfer,22.0,Desktop,Chicago,2,36,11,UPI,1
3660.35,POS Payment,17.0,Desktop,New York,2,73,9,Debit Card,1
588.26,Bill Payment,13.0,Desktop,Los Angeles,1,84,2,Debit Card,1
4750.24,Online Purchase,17.0,Desktop,Seattle,2,55,6,UPI,1
650.87,Bill Payment,21.0,Tablet,San Francisco,1,9,4,Net Banking,1
2731.57,Online Purchase,8.0,Mobile,Los Angeles,4,116,2,UPI,1
2977.6,Online Purchase,20.0,Tablet,Los Angeles,4,54,5,Net Banking,1
279.92,ATM Withdrawal,21.0,Mobile,Boston,0,106,11,Credit Card,1
66.1,Bank Transfer,16.0,Mobile,Miami,0,31,4,UPI,1
544.81,ATM Withdrawal,19.0,Mobile,Houston,4,40,8,Net Banking,1
3904.76,ATM Withdrawal,21.0,Desktop,Los Angeles,4,40,3,Invalid Method,1
1707.6,Bank Transfer,5.0,Desktop,Miami,1,106,5,Credit Card,1
1739.63,ATM Withdrawal,18.0,Mobile,Miami,0,85,12,Credit Card,1
3978.9,POS Payment,13.0,Mobile,Los Angeles,1,58,2,UPI,1
849.51,Bill Payment,20.0,Mobile,Los Angeles,0,1,7,UPI,1
1559.47,Bank Transfer,21.0,Tablet,Boston,0,95,3,Credit Card,1
1917.99,POS Payment,9.0,Tablet,Houston,1,25,8,Debit Card,1
596.66,Bill Payment,7.0,Tablet,Los Angeles,2,116,7,Invalid Method,1
990.99,Online Purchase,20.0,Tablet,Los Angeles,2,104,12,UPI,1
3318.36,ATM Withdrawal,11.0,Desktop,Houston,1,105,12,Credit Card,1
3424.28,POS Payment,18.0,Desktop,Chicago,2,7,8,UPI,1
475.4,POS Payment,20.0,Desktop,Boston,1,77,2,UPI,1
2507.26,Bill Payment,19.0,Tablet,San Francisco,4,67,9,UPI,1
1333.01,Online Purchase,15.0,Mobile,Los Angeles,2,105,7,UPI,1
150.76,Online Purchase,21.0,Mobile,Los Angeles,3,81,7,Net Banking,1
1542.79,ATM Withdrawal,6.0,Desktop,Houston,4,111,14,Debit Card,1
1623.33,ATM Withdrawal,9.0,Tablet,Boston,1,43,8,Credit Card,1
1280.21,Bill Payment,15.0,Tablet,New York,2,104,4,Credit Card,1
4516.83,ATM Withdrawal,15.0,Desktop,San Francisco,4,59,3,Debit Card,1
167.77,POS Payment,18.0,Mobile,Los Angeles,0,69,10,Net Banking,1
2638.27,Bank Transfer,18.0,Desktop,Chicago,1,62,14,UPI,1
2465.1,Bill Payment,12.0,Tablet,Los Angeles,0,59,11,Debit Card,1
3330.93,Bill Payment,8.0,Tablet,Miami,0,76,8,Net Banking,1
3810.62,Bill Payment,5.0,Desktop,Chicago,0,46,2,Credit Card,1
1869.49,ATM Withdrawal,22.0,Mobile,Seattle,3,114,14,Net Banking,1
4710.42,POS Payment,11.0,Desktop,Boston,3,76,3,Debit Card,1
4242.78,ATM Withdrawal,7.0,Desktop,Boston,2,45,10,UPI,1
4250.56,POS Payment,21.0,Mobile,Miami,3,42,4,Net Banking,1
753.33,Bank Transfer,15.0,Tablet,Miami,2,98,4,Debit Card,1
2744.72,Bank Transfer,20.0,Desktop,Houston,2,27,13,Debit Card,1
2686.99,Bill Payment,12.0,Desktop,Boston,0,54,1,Credit Card,1
4791.69,Bill Payment,19.0,Mobile,Boston,2,45,12,UPI,1
4757.52,ATM Withdrawal,14.0,Mobile,Boston,1,113,14,Net Banking,1
2921.87,Online Purchase,3.0,Desktop,Boston,1,77,6,Credit Card,1
4638.19,POS Payment,11.0,Tablet,Miami,1,10,6,Debit Card,1
2409.54,POS Payment,21.0,Tablet,Houston,1,11,2,Net Banking,1
2475.41,POS Payment,6.0,Desktop,Chicago,1,89,2,Debit Card,1
3972.32,Online Purchase,8.0,Desktop,Houston,2,42,6,Credit Card,1
3082.45,Bank Transfer,16.0,Mobile,Chicago,2,109,13,Net Banking,1
3036.58,Bank Transfer,11.0,Desktop,New York,2,114,1,UPI,1
702.98,Bank Transfer,21.0,Desktop,New York,2,93,7,UPI,1
2654.37,Bank Transfer,21.0,Desktop,Houston,1,6,1,Credit Card,1
2434.83,Online Purchase,11.0,Tablet,New York,2,72,4,Net Banking,1
363.66,Online Purchase,19.0,Mobile,Los Angeles,2,85,2,Net Banking,1
3725.67,ATM Withdrawal,21.0,Tablet,Boston,1,92,7,Debit Card,1
1697.79,POS Payment,13.0,Mobile,Boston,3,86,13,Credit Card,1
1193.47,Bill Payment,20.0,Desktop,Houston,4,90,11,Net Banking,1
3224.31,Bill Payment,2.0,Tablet,Boston,0,98,14,Net Banking,1
532.06,ATM Withdrawal,7.0,Desktop,Boston,0,3,11,UPI,1
944.64,Online Purchase,23.0,Tablet,Seattle,4,115,14,Debit Card,1
4209.59,Online Purchase,14.0,Tablet,Boston,4,10,13,Credit Card,1
4782.59,Bank Transfer,16.0,Tablet,Houston,4,82,12,Debit Card,1
2062.38,POS Payment,13.0,Mobile,Boston,0,47,6,Credit Card,1
2502.46,Bank Transfer,6.0,Tablet,Boston,2,78,11,Debit Card,1
682.35,Bill Payment,7.0,Tablet,Boston,4,90,7,Net Banking,1
4114.02,Online Purchase,19.0,Tablet,San Francisco,3,93,5,Debit Card,1
3059.82,POS Payment,5.0,Unknown Device,Los Angeles,2,101,8,Credit Card,1
3724.69,Bank Transfer,18.0,Mobile,Los Angeles,4,108,3,Credit Card,1
2153.9,Online Purchase,11.0,Mobile,Boston,4,18,1,Net Banking,1
581.1,Bank Transfer,12.0,Tablet,San Francisco,4,88,3,Credit Card,1
3059.82,Bill Payment,9.0,Desktop,Chicago,0,114,14,Credit Card,1
1058.41,Bank Transfer,13.0,Mobile,Los Angeles,2,117,3,Net Banking,1
795.03,ATM Withdrawal,20.0,Desktop,Chicago,1,117,11,Debit Card,1
1921.03,ATM Withdrawal,8.0,Mobile,Houston,4,110,5,Debit Card,1
317.81,ATM Withdrawal,20.0,Tablet,Miami,3,77,7,Debit Card,1
3949.13,POS Payment,9.0,Mobile,Houston,0,19,5,Invalid Method,1
65.19,Bank Transfer,0.0,Tablet,Chicago,0,110,1,Credit Card,1
1669.1,Bill Payment,9.0,Desktop,Houston,0,105,13,Credit Card,1
1350.99,Online Purchase,11.0,Desktop,Boston,0,20,3,Net Banking,1
4323.86,Online Purchase,12.0,Mobile,Los Angeles,3,65,14,UPI,1
4313.1,POS Payment,22.0,Tablet,Los Angeles,2,57,9,UPI,1
4947.89,ATM Withdrawal,8.0,Tablet,Boston,1,48,7,UPI,1
77.42,Bank Transfer,3.0,Unknown Device,Chicago,0,26,6,Credit Card,1
1128.95,Online Purchase,0.0,Tablet,Boston,1,97,10,Debit Card,1
4374.18,Bank Transfer,10.0,Desktop,Los Angeles,1,8,7,Net Banking,1
3469.07,Online Purchase,6.0,Tablet,Boston,1,68,10,Credit Card,1
1800.15,Bill Payment,23.0,Mobile,Boston,3,81,4,Credit Card,1
4112.72,Bank Transfer,20.0,Tablet,Miami,1,50,2,Credit Card,1
1924.65,Bill Payment,6.0,Desktop,Los Angeles,0,10,1,UPI,1
1911.93,Bill Payment,23.0,Tablet,Chicago,2,61,4,Net Banking,1
2841.31,Bill Payment,17.0,Tablet,Houston,2,59,9,Credit Card,1
4136.35,Online Purchase,5.0,Tablet,Houston,1,67,1,Credit Card,1
3544.05,Bill Payment,6.0,Tablet,Boston,4,18,5,Credit Card,1
4986.88,Bank Transfer,9.0,Desktop,New York,4,97,5,UPI,1
283.35,Bill Payment,11.0,Mobile,Houston,3,74,4,UPI,1
3038.98,Bank Transfer,13.0,Desktop,Chicago,2,70,4,UPI,1
49997.8,Bank Transfer,12.0,Mobile,Seattle,2,107,2,Net Banking,1
4262.74,POS Payment,8.0,Desktop,Houston,4,38,3,Net Banking,1
2058.65,ATM Withdrawal,4.0,Mobile,Chicago,1,76,3,Debit Card,1
4170.62,Bill Payment,5.0,Desktop,Boston,3,94,9,Debit Card,1
4943.84,POS Payment,8.0,Mobile,Chicago,2,24,6,UPI,1
3613.59,ATM Withdrawal,13.0,Tablet,Miami,1,51,9,UPI,1
2091.13,Bank Transfer,19.0,Desktop,Seattle,3,42,2,Debit Card,1
1635.61,Bank Transfer,7.0,Tablet,Los Angeles,3,32,3,UPI,1
4537.29,Online Purchase,6.0,Tablet,Boston,3,87,8,Debit Card,1
3331.31,POS Payment,16.0,Desktop,Miami,3,87,11,UPI,1
3754.71,Bank Transfer,19.0,Tablet,Chicago,1,20,8,Debit Card,1
4465.83,Bill Payment,22.0,Tablet,Chicago,2,108,1,Debit Card,1
3071.83,Bank Transfer,10.0,Desktop,Chicago,1,5,7,Net Banking,1
1542.6,Bill Payment,20.0,Tablet,Seattle,1,62,4,Debit Card,1
511.93,Bank Transfer,13.0,Mobile,Seattle,2,87,1,UPI,1
2368.63,Bill Payment,4.0,Mobile,Miami,2,106,6,Net Banking,1
3049.75,ATM Withdrawal,23.0,Mobile,Los Angeles,4,50,2,Debit Card,1
2413.98,Bill Payment,21.0,Desktop,Boston,4,107,4,Debit Card,1
4203.56,Bank Transfer,9.0,Tablet,Boston,1,83,14,UPI,1
1291.45,Bank Transfer,13.0,Tablet,Chicago,3,76,6,Net Banking,1
1646.51,ATM Withdrawal,9.0,Mobile,Los Angeles,4,37,2,Invalid Method,1
2769.85,ATM Withdrawal,18.0,Mobile,Los Angeles,0,36,6,Debit Card,1
4771.4,Bank Transfer,13.0,Tablet,Houston,1,9,7,Net Banking,1
424.88,ATM Withdrawal,23.0,Desktop,New York,4,104,4,Credit Card,1
1753.95,ATM Withdrawal,16.0,Desktop,Boston,3,69,13,Debit Card,1
1051.25,Bank Transfer,15.0,Desktop,San Francisco,4,54,2,UPI,1
1976.28,Online Purchase,9.0,Desktop,Boston,0,65,1,Debit Card,1
3788.72,Bank Transfer,23.0,Tablet,New York,4,12,12,Credit Card,1
4386.88,Online Purchase,14.0,Tablet,New York,1,67,12,Credit Card,1
2034.94,Online Purchase,3.0,Tablet,Chicago,3,114,7,Net Banking,1
1558.01,Online Purchase,9.0,Mobile,Houston,3,29,2,Net Banking,1
3590.69,POS Payment,20.0,Tablet,Los Angeles,4,89,2,Net Banking,1
4534.08,Bank Transfer,15.0,Tablet,San Francisco,4,113,11,UPI,1
3855.98,Bank Transfer,0.0,Tablet,Chicago,0,74,5,Net Banking,1
3084.31,POS Payment,21.0,Desktop,San Francisco,2,41,5,Net Banking,1
242.92,Online Purchase,17.0,Unknown Device,New York,1,91,2,UPI,1
1399.85,Bank Transfer,18.0,Mobile,Chicago,3,108,1,Net Banking,1
4744.26,Online Purchase,17.0,Tablet,New York,3,83,6,Debit Card,1
3046.4,POS Payment,17.0,Tablet,Boston,2,13,14,Debit Card,1
4150.12,Online Purchase,15.0,Desktop,Los Angeles,4,13,11,Debit Card,1
1373.4,ATM Withdrawal,8.0,Tablet,Houston,3,110,4,UPI,1
382.57,ATM Withdrawal,17.0,Tablet,Los Angeles,1,87,11,Credit Card,1
1774.03,Bank Transfer,20.0,Desktop,Chicago,2,76,5,Credit Card,1
1713.46,ATM Withdrawal,5.0,Mobile,Miami,1,111,8,Net Banking,1
4722.53,POS Payment,9.0,Tablet,Los Angeles,2,31,10,Net Banking,1
3679.63,ATM Withdrawal,20.0,Tablet,San Francisco,1,43,5,UPI,1
582.02,Online Purchase,22.0,Tablet,New York,2,108,8,Net Banking,1
4152.26,Bank Transfer,23.0,Mobile,Los Angeles,4,63,2,Net Banking,1
4181.91,Online Purchase,1.0,Mobile,Chicago,1,99,14,Credit Card,1
4568.96,Bank Transfer,8.0,Desktop,Los Angeles,4,36,6,UPI,1
622.59,Bill Payment,16.0,Tablet,Houston,3,15,10,UPI,1
3784.86,Online Purchase,12.0,Tablet,Boston,3,70,14,Debit Card,1
4226.02,POS Payment,13.0,Desktop,Los Angeles,0,45,5,Debit Card,1
1300.85,Bank Transfer,21.0,Desktop,Miami,0,81,10,Debit Card,1
465.94,Online Purchase,12.0,Mobile,Miami,1,57,6,Debit Card,1
1970.22,ATM Withdrawal,6.0,Desktop,Miami,1,114,1,UPI,1
757.31,Bank Transfer,16.0,Tablet,Boston,1,52,1,UPI,1
2736.03,ATM Withdrawal,22.0,Tablet,Boston,1,17,5,Credit Card,1
395.26,ATM Withdrawal,23.0,Mobile,Houston,1,84,5,UPI,1
3249.41,Bill Payment,13.0,Tablet,Chicago,4,90,5,Net Banking,1
4407.02,Bank Transfer,8.0,Tablet,Seattle,4,119,2,Debit Card,1
4190.99,Bank Transfer,21.0,Desktop,Seattle,2,103,10,Debit Card,1
3100.47,Online Purchase,3.0,Desktop,Miami,2,76,4,UPI,1
2777.32,ATM Withdrawal,22.0,Mobile,Seattle,2,47,8,Debit Card,1
2626.88,POS Payment,23.0,Tablet,Boston,0,26,10,Net Banking,1
4485.7,Online Purchase,10.0,Tablet,Houston,3,26,9,UPI,1
2859.53,Online Purchase,19.0,Mobile,Boston,0,111,3,Credit Card,1
845.52,Bank Transfer,17.0,Tablet,Miami,0,85,14,Credit Card,1
3375.46,Bill Payment,11.0,Desktop,Miami,4,80,9,Credit Card,1
1755.6,Bank Transfer,5.0,Tablet,Boston,2,114,7,UPI,1
1356.27,POS Payment,6.0,Tablet,Los Angeles,4,119,8,Net Banking,1
4342.79,ATM Withdrawal,8.0,Tablet,Chicago,3,6,11,Debit Card,1
4628.32,Bill Payment,13.0,Tablet,Miami,0,50,6,Credit Card,1
3227.92,ATM Withdrawal,14.0,Tablet,Houston,3,14,14,UPI,1
4718.26,Bank Transfer,14.0,Mobile,Miami,0,104,13,Credit Card,1
1279.9,Bill Payment,21.0,Desktop,Miami,2,18,7,Net Banking,1
2261.59,POS Payment,20.0,Mobile,Houston,1,83,4,Net Banking,1
4610.16,Bank Transfer,13.0,Tablet,Chicago,1,98,8,Net Banking,1
2074.99,Bank Transfer,19.0,Mobile,New York,0,111,6,Debit Card,1
764.46,Online Purchase,12.0,Tablet,San Francisco,3,91,1,Credit Card,1
3021.74,POS Payment,2.0,Tablet,Los Angeles,0,59,4,Debit Card,1
4978.5,Bill Payment,21.0,Tablet,New York,2,92,10,UPI,1
2616.55,Bill Payment,23.0,Mobile,Chicago,1,69,10,Credit Card,1
726.47,POS Payment,19.0,Tablet,Seattle,2,68,2,Debit Card,1
3063.98,Bill Payment,19.0,Tablet,New York,2,50,2,Net Banking,1
977.88,Online Purchase,2.0,Mobile,Boston,3,97,7,UPI,1
2205.11,Online Purchase,22.0,Desktop,Los Angeles,1,70,13,UPI,1
3085.19,Bank Transfer,0.0,Desktop,Chicago,3,54,8,Net Banking,1
3203.42,Online Purchase,16.0,Mobile,Los Angeles,3,26,11,UPI,1
2517.46,Online Purchase,20.0,Desktop,Houston,0,63,9,UPI,1
2050.74,Bill Payment,12.0,Desktop,Boston,0,44,10,Net Banking,1
668.6,Bill Payment,21.0,Tablet,Houston,2,57,11,UPI,1
2679.59,POS Payment,16.0,Mobile,Houston,0,66,11,Net Banking,1
2364.13,Bill Payment,20.0,Desktop,Boston,4,69,12,UPI,1
3284.21,ATM Withdrawal,23.0,Mobile,San Francisco,3,102,12,Debit Card,1
2965.36,POS Payment,12.0,Desktop,Miami,4,85,11,Net Banking,1
4714.92,Bank Transfer,10.0,Desktop,Chicago,3,4,6,Credit Card,1
1021.66,POS Payment,22.0,Desktop,New York,3,106,1,Net Banking,1
763.05,Bank Transfer,8.0,Mobile,Chicago,0,67,4,UPI,1
4709.93,POS Payment,21.0,Mobile,Boston,1,111,10,Net Banking,1
340.25,POS Payment,18.0,Desktop,Chicago,0,99,13,UPI,1
1774.48,Bank Transfer,16.0,Desktop,Miami,2,64,4,Credit Card,1
4622.11,POS Payment,13.0,Mobile,New York,0,100,9,Net Banking,1
1738.9,ATM Withdrawal,15.0,Tablet,Los Angeles,1,117,11,UPI,1
2879.15,ATM Withdrawal,21.0,Desktop,Seattle,4,76,1,Net Banking,1
3234.34,Bill Payment,3.0,Desktop,Boston,2,70,14,Net Banking,1
2186.01,Online Purchase,3.0,Mobile,Miami,3,77,1,UPI,1
2778.84,POS Payment,23.0,Mobile,San Francisco,1,82,6,Debit Card,1
3718.02,ATM Withdrawal,9.0,Desktop,Houston,4,115,3,UPI,1
2170.45,Online Purchase,17.0,Mobile,Houston,3,47,10,Debit Card,1
3415.73,ATM Withdrawal,17.0,Tablet,Miami,3,1,5,Debit Card,1
2309.97,Bill Payment,8.0,Mobile,Chicago,3,101,9,Debit Card,1
4499.93,ATM Withdrawal,16.0,Unknown Device,Los Angeles,3,116,4,Debit Card,1
2496.72,Bank Transfer,3.0,Mobile,Boston,4,4,5,Net Banking,1
4146.72,ATM Withdrawal,7.0,Desktop,Houston,4,103,7,Credit Card,1
3141.91,Bank Transfer,23.0,Mobile,Miami,3,103,2,Net Banking,1
1210.32,Online Purchase,16.0,Mobile,Chicago,0,7,3,Credit Card,1
1069.55,Online Purchase,8.0,Desktop,Boston,1,103,2,Debit Card,1
511.59,POS Payment,15.0,Tablet,Miami,3,54,4,UPI,1
3136.27,Online Purchase,23.0,Mobile,Houston,1,87,12,UPI,1
1107.93,Bank Transfer,19.0,Tablet,Boston,3,43,5,Debit Card,1
4918.07,Online Purchase,4.0,Tablet,Los Angeles,0,25,2,Credit Card,1
9.29,Online Purchase,19.0,Desktop,Miami,1,94,14,Net Banking,1
3755.54,Bank Transfer,18.0,Desktop,Los Angeles,0,2,9,Credit Card,1
1911.63,ATM Withdrawal,14.0,Tablet,Boston,2,105,7,Net Banking,1
3390.73,POS Payment,20.0,Mobile,Chicago,0,12,1,Debit Card,1
3530.69,ATM Withdrawal,16.0,Tablet,San Francisco,2,112,12,Credit Card,1
3799.33,Bank Transfer,15.0,Desktop,Chicago,1,96,14,Debit Card,1
4181.75,Online Purchase,18.0,Mobile,Seattle,0,74,9,UPI,1
4573.34,Online Purchase,23.0,Mobile,New York,4,55,11,Net Banking,1
3123.38,Bank Transfer,21.0,Tablet,Los Angeles,3,81,3,Debit Card,1
1928.47,Online Purchase,11.0,Mobile,San Francisco,2,108,4,Net Banking,1
3021.5,ATM Withdrawal,13.0,Mobile,Los Angeles,1,57,3,Debit Card,1
3189.15,ATM Withdrawal,21.0,Mobile,New York,1,52,5,Credit Card,1
1641.92,ATM Withdrawal,20.0,Mobile,Houston,2,74,2,UPI,1
935.33,Online Purchase,21.0,Mobile,Boston,1,17,6,Credit Card,1
1284.03,Bill Payment,2.0,Tablet,Chicago,3,102,5,Net Banking,1
344.7,Online Purchase,12.0,Desktop,Boston,2,19,11,UPI,1
2398.4,ATM Withdrawal,16.0,Unknown Device,Miami,2,113,11,Debit Card,1
3369.72,POS Payment,18.0,Desktop,Los Angeles,1,40,1,Credit Card,1
4163.31,ATM Withdrawal,22.0,Mobile,Chicago,3,5,10,Net Banking,1
3355.76,Bill Payment,1.0,Mobile,New York,3,97,1,Net Banking,1
4023.55,ATM Withdrawal,10.0,Tablet,Miami,4,92,5,Net Banking,1
3410.06,Bank Transfer,18.0,Mobile,San Francisco,2,48,6,Credit Card,1
2331.93,Online Purchase,14.0,Tablet,Chicago,0,35,4,Debit Card,1
791.53,POS Payment,7.0,Mobile,Chicago,3,100,10,Credit Card,1
2176.84,ATM Withdrawal,10.0,Tablet,Chicago,1,103,11,Debit Card,1
3813.72,Bill Payment,9.0,Tablet,Miami,0,61,9,Debit Card,1
3953.61,Online Purchase,20.0,Mobile,Boston,1,94,12,Debit Card,1
3985.04,Online Purchase,23.0,Tablet,Los Angeles,3,11,13,UPI,1
4618.13,POS Payment,14.0,Desktop,Los Angeles,3,50,2,Credit Card,1
542.96,Bill Payment,21.0,Desktop,Chicago,4,57,3,Debit Card,1
2814.91,Online Purchase,12.0,Mobile,Los Angeles,1,90,4,Credit Card,1
3664.49,Bank Transfer,12.0,Desktop,New York,2,52,7,UPI,1
4517.29,Bill Payment,2.0,Mobile,Los Angeles,2,79,3,Net Banking,1
212.77,ATM Withdrawal,20.0,Mobile,Miami,0,51,13,Credit Card,1
2590.76,Online Purchase,4.0,Mobile,Boston,0,40,14,UPI,1
2893.61,ATM Withdrawal,7.0,Tablet,Boston,1,59,9,Net Banking,1
3413.0,POS Payment,22.0,Desktop,New York,4,25,9,Credit Card,1
145.62,Online Purchase,23.0,Mobile,Los Angeles,3,10,9,UPI,1
3477.71,ATM Withdrawal,21.0,Tablet,Houston,1,67,8,Debit Card,1
2983.8,Online Purchase,4.0,Tablet,Los Angeles,0,86,6,UPI,1
4130.82,ATM Withdrawal,20.0,Mobile,Los Angeles,0,41,4,Credit Card,1
2742.83,POS Payment,10.0,Mobile,Houston,0,7,6,Credit Card,1
2657.44,POS Payment,15.0,Tablet,Miami,1,49,12,Credit Card,1
3062.49,POS Payment,22.0,Mobile,Seattle,0,99,2,UPI,1
956.38,Bank Transfer,19.0,Tablet,Seattle,1,115,4,Credit Card,1
4619.8,Online Purchase,20.0,Tablet,San Francisco,2,116,3,Debit Card,1
4111.67,POS Payment,19.0,Mobile,Seattle,3,107,12,Debit Card,1
4082.27,Bank Transfer,17.0,Mobile,San Francisco,1,103,8,Debit Card,1
930.88,Online Purchase,18.0,Tablet,Boston,1,57,5,Debit Card,1
3633.08,Online Purchase,5.0,Tablet,Houston,0,33,6,UPI,1
3094.98,ATM Withdrawal,6.0,Tablet,Boston,1,66,6,Credit Card,1
986.75,Bill Payment,22.0,Tablet,Seattle,3,82,7,Net Banking,1
298.21,Bank Transfer,23.0,Desktop,Chicago,2,98,2,UPI,1
1372.95,POS Payment,7.0,Mobile,Boston,1,70,2,Net Banking,1
1807.53,POS Payment,12.0,Desktop,Seattle,1,102,1,Debit Card,1
563.44,Bill Payment,20.0,Mobile,Miami,1,60,12,UPI,1
3003.77,Bill Payment,14.0,Desktop,Houston,3,64,4,Debit Card,1
4144.29,Bill Payment,11.0,Tablet,Miami,3,49,1,Debit Card,1
1484.33,POS Payment,17.0,Mobile,Miami,3,92,5,UPI,1
2913.24,Online Purchase,17.0,Tablet,New York,3,35,2,Debit Card,1
35.01,POS Payment,18.0,Desktop,Chicago,0,3,10,UPI,1
1847.88,Online Purchase,17.0,Desktop,Boston,3,104,11,UPI,1
3267.09,POS Payment,18.0,Tablet,Miami,0,75,14,Credit Card,1
406.46,POS Payment,14.0,Tablet,Boston,0,33,2,Credit Card,1
3006.17,Bank Transfer,15.0,Mobile,Houston,4,40,8,UPI,1
193.99,Bill Payment,11.0,Tablet,Boston,1,89,1,Debit Card,1
3803.48,Bank Transfer,12.0,Tablet,Seattle,3,107,1,Credit Card,1
3461.99,Bank Transfer,1.0,Desktop,Houston,0,81,3,UPI,1
2862.94,POS Payment,21.0,Tablet,Miami,3,78,12,UPI,1
100.78,POS Payment,20.0,Mobile,Chicago,2,48,14,UPI,1
49997.8,ATM Withdrawal,5.0,Mobile,Chicago,4,32,9,Debit Card,1
1755.29,Online Purchase,8.0,Tablet,Chicago,2,97,1,Net Banking,1
2237.65,POS Payment,23.0,Desktop,Houston,1,18,9,Invalid Method,1
3963.51,Online Purchase,21.0,Tablet,New York,4,102,14,Net Banking,1
1826.17,Online Purchase,18.0,Mobile,Chicago,4,96,5,Debit Card,1
1081.15,Bill Payment,6.0,Mobile,Boston,1,75,4,Net Banking,1
4178.8,Online Purchase,16.0,Tablet,Chicago,3,103,13,UPI,1
49997.8,ATM Withdrawal,18.0,Tablet,Boston,3,5,11,Debit Card,1
1582.21,POS Payment,18.0,Tablet,Los Angeles,3,33,3,UPI,1
4741.4,Online Purchase,21.0,Mobile,New York,3,57,11,UPI,1
4822.33,Bank Transfer,23.0,Desktop,Seattle,2,61,3,Credit Card,1
4978.91,Online Purchase,1.0,Mobile,Chicago,4,80,12,Net Banking,1
2782.76,Online Purchase,22.0,Unknown Device,New York,0,58,6,Debit Card,1
2143.02,Bill Payment,17.0,Desktop,Chicago,3,113,14,UPI,1
2917.66,ATM Withdrawal,2.0,Desktop,Houston,1,99,4,UPI,1
3790.15,POS Payment,4.0,Mobile,New York,2,101,3,Net Banking,1
3962.75,ATM Withdrawal,5.0,Mobile,Boston,3,39,12,Debit Card,1
246.47,Bill Payment,2.0,Desktop,Miami,3,106,3,UPI,1
4781.93,POS Payment,14.0,Tablet,San Francisco,4,48,3,UPI,1
3685.93,ATM Withdrawal,15.0,Desktop,New York,2,92,9,Debit Card,1
4788.84,Bill Payment,0.0,Tablet,Houston,0,118,6,Net Banking,1
999.86,Online Purchase,16.0,Mobile,Los Angeles,4,54,8,Net Banking,1
2758.94,Bank Transfer,12.0,Mobile,Miami,1,70,11,Net Banking,1
482.32,ATM Withdrawal,14.0,Desktop,Los Angeles,4,118,6,Debit Card,1
2589.66,ATM Withdrawal,20.0,Mobile,Miami,4,38,13,Net Banking,1
4662.4,POS Payment,17.0,Unknown Device,Boston,2,71,10,Debit Card,1
49997.8,Bill Payment,14.0,Tablet,Chicago,4,25,4,Credit Card,1
1648.11,ATM Withdrawal,15.0,Mobile,San Francisco,3,76,3,Debit Card,1
4250.52,Online Purchase,14.0,Desktop,New York,2,59,8,Net Banking,1
4841.59,Bill Payment,2.0,Desktop,Houston,0,88,8,UPI,1
49997.8,Bill Payment,18.0,Desktop,Houston,1,23,8,Debit Card,1
1742.59,Bank Transfer,20.0,Mobile,Miami,0,43,6,Net Banking,1
2454.76,Online Purchase,11.0,Mobile,Miami,4,117,1,Debit Card,1
749.67,Bill Payment,6.0,Desktop,Houston,3,75,8,Debit Card,1
3278.86,Bill Payment,15.0,Desktop,Chicago,1,15,5,Credit Card,1
471.23,POS Payment,20.0,Mobile,Boston,2,5,1,Debit Card,1
632.7,Bill Payment,20.0,Mobile,Chicago,1,90,8,Net Banking,1
2358.63,POS Payment,12.0,Mobile,Houston,4,12,3,Debit Card,1
4522.01,Bank Transfer,17.0,Mobile,Houston,0,73,1,UPI,1
3186.64,Online Purchase,15.0,Unknown Device,Miami,2,52,7,Credit Card,1
3558.25,Online Purchase,22.0,Desktop,San Francisco,1,36,7,Invalid Method,1
4094.23,Bank Transfer,17.0,Mobile,New York,4,90,5,Net Banking,1
1500.1,Bank Transfer,18.0,Desktop,Houston,3,20,10,UPI,1
3681.03,POS Payment,11.0,Desktop,Chicago,1,112,1,Debit Card,1
3962.13,Bank Transfer,4.0,Mobile,Houston,4,30,4,Debit Card,1
4351.07,Bank Transfer,7.0,Desktop,Chicago,0,88,8,Debit Card,1
195.31,ATM Withdrawal,2.0,Desktop,Miami,1,97,2,Net Banking,1
2565.87,POS Payment,6.0,Tablet,Boston,0,28,12,UPI,1
1062.26,POS Payment,8.0,Mobile,Miami,1,75,7,Invalid Method,1
2563.13,ATM Withdrawal,15.0,Desktop,Los Angeles,1,111,3,UPI,1
1815.61,Online Purchase,12.0,Desktop,Miami,1,104,11,Net Banking,1
4890.96,Online Purchase,8.0,Desktop,Boston,3,2,4,Credit Card,1
3157.99,Online Purchase,19.0,Desktop,Boston,3,33,8,Net Banking,1
488.77,POS Payment,4.0,Desktop,Houston,2,48,3,UPI,1
2578.69,POS Payment,10.0,Mobile,Chicago,1,83,12,UPI,1
4193.38,Bill Payment,16.0,Mobile,Miami,1,43,3,Credit Card,1
2522.9,ATM Withdrawal,11.0,Desktop,Houston,3,27,3,UPI,1
3635.4,Bank Transfer,9.0,Desktop,Chicago,0,104,3,Net Banking,1
49997.8,ATM Withdrawal,16.0,Desktop,New York,0,72,13,Credit Card,1
4674.13,ATM Withdrawal,4.0,Tablet,Miami,4,71,1,Net Banking,1
1829.36,ATM Withdrawal,16.0,Desktop,Los Angeles,3,83,7,Net Banking,1
762.9,Online Purchase,19.0,Mobile,New York,4,70,9,Net Banking,1
4988.64,ATM Withdrawal,10.0,Mobile,Boston,4,61,4,Debit Card,1
1242.67,Online Purchase,10.0,Mobile,Boston,3,70,13,Credit Card,1
2003.9,Bank Transfer,10.0,Tablet,Houston,4,110,8,Net Banking,1
3623.39,ATM Withdrawal,23.0,Mobile,Los Angeles,1,89,3,UPI,1
4096.14,ATM Withdrawal,10.0,Mobile,Houston,2,112,3,Credit Card,1
2876.59,POS Payment,20.0,Tablet,Houston,4,24,13,Net Banking,1
3625.32,Bank Transfer,22.0,Tablet,San Francisco,1,97,7,UPI,1
113.87,Bill Payment,15.0,Tablet,New York,1,58,3,UPI,1
3666.47,Bill Payment,11.0,Tablet,Houston,3,22,9,Debit Card,1
948.96,Bank Transfer,21.0,Tablet,Houston,1,30,14,UPI,1
3327.46,Bank Transfer,13.0,Desktop,Chicago,3,71,5,UPI,1
49997.8,Bill Payment,17.0,Desktop,Boston,0,101,3,UPI,1
696.97,ATM Withdrawal,8.0,Tablet,Miami,0,104,5,Debit Card,1
4501.07,Online Purchase,22.0,Unknown Device,Boston,4,115,14,UPI,1
4401.31,POS Payment,21.0,Desktop,Seattle,4,78,7,Credit Card,1
3122.17,Bank Transfer,21.0,Desktop,Houston,1,42,7,Debit Card,1
4301.14,Bill Payment,8.0,Mobile,Miami,2,99,12,Debit Card,1
1157.7,Online Purchase,17.0,Mobile,Houston,1,96,6,Debit Card,1
1768.9,ATM Withdrawal,16.0,Unknown Device,Chicago,0,94,5,Net Banking,1
3540.52,POS Payment,20.0,Mobile,New York,0,72,7,Credit Card,1
4290.91,POS Payment,20.0,Tablet,Chicago,1,45,8,Credit Card,1
3893.1,Bill Payment,23.0,Mobile,San Francisco,2,54,6,Debit Card,1
4851.37,Bill Payment,7.0,Desktop,Miami,1,87,12,Debit Card,1
1122.37,ATM Withdrawal,23.0,Mobile,Chicago,1,39,7,Debit Card,1
78.17,Online Purchase,13.0,Desktop,Los Angeles,3,111,14,Credit Card,1
1445.87,Bill Payment,13.0,Tablet,Houston,0,91,10,UPI,1
241.45,POS Payment,14.0,Mobile,Chicago,4,79,12,UPI,1
1582.81,Bill Payment,7.0,Mobile,Boston,1,62,7,Credit Card,1
1203.33,ATM Withdrawal,17.0,Desktop,Los Angeles,1,57,2,Debit Card,1
3391.24,POS Payment,11.0,Tablet,New York,1,104,7,Debit Card,1
2356.76,POS Payment,21.0,Desktop,Seattle,1,55,3,Credit Card,1
119.29,Bill Payment,22.0,Tablet,Houston,3,56,1,UPI,1
4731.69,ATM Withdrawal,20.0,Desktop,Houston,0,54,10,Net Banking,1
2039.72,ATM Withdrawal,18.0,Mobile,Miami,1,24,5,UPI,1
2565.06,POS Payment,13.0,Tablet,Boston,0,51,12,Debit Card,1
3475.71,ATM Withdrawal,15.0,Mobile,Chicago,1,51,5,Credit Card,1
1301.08,Online Purchase,7.0,Mobile,Boston,2,79,2,Net Banking,1
4364.82,POS Payment,16.0,Tablet,New York,0,97,9,Debit Card,1
3174.15,Bill Payment,17.0,Tablet,Houston,4,8,14,Debit Card,1
4091.4,Bank Transfer,8.0,Mobile,Boston,4,70,13,Credit Card,1
3565.36,ATM Withdrawal,13.0,Tablet,Chicago,3,106,4,Net Banking,1
4563.32,ATM Withdrawal,23.0,Unknown Device,Boston,1,36,9,UPI,1
2449.4,Online Purchase,17.0,Desktop,Houston,3,19,12,Debit Card,1
9.29,Bank Transfer,23.0,Tablet,Boston,0,111,6,Debit Card,1
2086.97,POS Payment,12.0,Desktop,Los Angeles,2,3,5,UPI,1
4787.29,POS Payment,22.0,Tablet,Chicago,4,83,11,Debit Card,1
4065.53,POS Payment,21.0,Tablet,Miami,0,62,11,UPI,1
4382.56,Bill Payment,15.0,Tablet,Chicago,2,107,1,Debit Card,1
1976.83,Online Purchase,16.0,Mobile,Seattle,4,89,4,Net Banking,1
2005.27,POS Payment,11.0,Mobile,San Francisco,4,119,8,UPI,1
963.69,Bill Payment,12.0,Desktop,Boston,1,78,1,Net Banking,1
3552.24,Bill Payment,19.0,Desktop,Los Angeles,3,113,5,UPI,1
2021.64,ATM Withdrawal,11.0,Desktop,Chicago,3,33,6,UPI,1
3950.68,ATM Withdrawal,15.0,Desktop,Boston,1,109,6,Net Banking,1
4288.64,POS Payment,18.0,Mobile,Miami,2,107,10,UPI,1
1410.14,Online Purchase,11.0,Mobile,Chicago,3,97,7,Net Banking,1
4391.45,Bank Transfer,2.0,Desktop,Los Angeles,4,119,5,Credit Card,1
3120.75,POS Payment,8.0,Tablet,Chicago,0,115,9,Debit Card,1
69.08,Bank Transfer,8.0,Desktop,Boston,3,53,9,Net Banking,1
4363.48,ATM Withdrawal,8.0,Desktop,Houston,3,33,8,Net Banking,1
4261.87,ATM Withdrawal,11.0,Tablet,Miami,1,38,5,Net Banking,1
1458.76,POS Payment,17.0,Desktop,Miami,1,28,7,Debit Card,1
4771.13,Bill Payment,10.0,Desktop,San Francisco,0,88,2,Net Banking,1
1954.99,Bill Payment,1.0,Desktop,Houston,3,103,6,Net Banking,1
2389.37,POS Payment,23.0,Unknown Device,Miami,4,54,14,Credit Card,1
23.51,ATM Withdrawal,22.0,Mobile,San Francisco,1,68,4,UPI,1
2029.74,Bank Transfer,9.0,Tablet,Boston,3,33,13,Credit Card,1
167.49,Online Purchase,16.0,Desktop,Los Angeles,2,77,1,Net Banking,1
456.88,ATM Withdrawal,12.0,Mobile,Chicago,2,103,9,Debit Card,1
3804.2,ATM Withdrawal,9.0,Desktop,Boston,1,112,11,Net Banking,1
1229.2,Bill Payment,22.0,Desktop,Houston,2,21,11,Credit Card,1
4332.65,Bill Payment,14.0,Tablet,Boston,4,11,4,Net Banking,1
1413.8,Online Purchase,22.0,Desktop,New York,2,101,10,Debit Card,1
78.76,POS Payment,19.0,Desktop,Boston,2,46,11,Net Banking,1
4188.52,POS Payment,14.0,Desktop,Miami,1,118,3,Debit Card,1
495.4,ATM Withdrawal,16.0,Mobile,Los Angeles,4,33,8,UPI,1
3796.89,Bank Transfer,7.0,Desktop,Houston,0,6,1,Net Banking,1
1657.78,Bill Payment,19.0,Desktop,Houston,3,12,7,Net Banking,1
2761.15,Online Purchase,15.0,Mobile,Houston,4,40,14,Credit Card,1
4534.67,Bank Transfer,18.0,Mobile,Los Angeles,4,115,3,Net Banking,1
442.16,Bank Transfer,3.0,Tablet,Boston,0,53,3,Net Banking,1
4127.53,Bill Payment,15.0,Mobile,Los Angeles,4,45,2,Net Banking,1
4437.61,ATM Withdrawal,21.0,Mobile,New York,4,39,5,Debit Card,1
2589.29,Bill Payment,23.0,Desktop,Miami,1,115,3,Debit Card,1
3035.98,Online Purchase,9.0,Tablet,Houston,0,36,3,UPI,1
1916.82,Online Purchase,8.0,Unknown Device,Boston,3,5,8,Credit Card,1
4754.21,Bill Payment,3.0,Mobile,Houston,4,92,9,UPI,1
3243.82,Online Purchase,20.0,Mobile,Houston,4,35,11,UPI,1
2582.93,Online Purchase,16.0,Desktop,Seattle,2,101,2,UPI,1
2746.69,Bank Transfer,7.0,Desktop,Houston,3,102,9,Net Banking,1
2877.96,Bill Payment,9.0,Unknown Device,Miami,2,61,5,UPI,1
2886.75,POS Payment,6.0,Tablet,Boston,0,69,10,Debit Card,1
2648.98,POS Payment,16.0,Tablet,Miami,3,9,6,Net Banking,1
3289.34,Bill Payment,17.0,Mobile,Miami,2,93,8,Credit Card,1
4036.0,ATM Withdrawal,3.0,Desktop,Boston,4,69,14,Net Banking,1
2111.16,POS Payment,13.0,Desktop,San Francisco,3,100,7,Net Banking,1
3189.0,Online Purchase,9.0,Tablet,Los Angeles,4,89,12,UPI,1
3658.19,POS Payment,6.0,Tablet,Boston,1,50,5,Net Banking,1
3899.21,Online Purchase,12.0,Tablet,Los Angeles,1,36,8,Debit Card,1
4408.88,Online Purchase,11.0,Tablet,Chicago,2,27,9,UPI,1
1470.09,Bank Transfer,23.0,Mobile,Seattle,4,73,8,Net Banking,1
2669.87,Online Purchase,13.0,Mobile,Boston,0,46,6,Net Banking,1
2350.05,Bank Transfer,22.0,Mobile,Boston,4,54,11,UPI,1
4885.73,Bill Payment,2.0,Mobile,Chicago,0,115,8,Debit Card,1
1210.01,Bill Payment,22.0,Desktop,Miami,1,12,4,Debit Card,1
657.69,POS Payment,22.0,Desktop,Miami,0,52,4,Credit Card,1
4595.62,ATM Withdrawal,3.0,Mobile,Miami,2,118,9,Credit Card,1
4980.57,POS Payment,10.0,Desktop,Boston,2,44,5,Net Banking,1
2710.87,POS Payment,10.0,Tablet,Houston,4,103,6,UPI,1
1965.86,POS Payment,22.0,Desktop,Chicago,1,67,2,Credit Card,1
1808.0,Bill Payment,17.0,Mobile,Los Angeles,1,105,12,Credit Card,1
891.02,Bank Transfer,12.0,Tablet,Boston,4,48,8,Credit Card,1
2109.99,Bank Transfer,19.0,Desktop,Chicago,2,26,8,Credit Card,1
635.75,Online Purchase,21.0,Mobile,New York,3,92,5,Debit Card,1
1996.08,ATM Withdrawal,18.0,Tablet,Boston,3,87,1,Credit Card,1
2711.52,Online Purchase,14.0,Mobile,Seattle,3,83,1,Net Banking,1
3316.13,Bill Payment,20.0,Tablet,Miami,3,19,13,UPI,1
4516.97,POS Payment,11.0,Tablet,Miami,4,56,7,Net Banking,1
2280.97,Bill Payment,17.0,Mobile,Miami,0,77,6,Debit Card,1
4804.75,Bill Payment,1.0,Desktop,Chicago,2,64,7,Net Banking,1
1801.03,ATM Withdrawal,16.0,Tablet,Boston,0,54,4,Net Banking,1
2014.43,Bank Transfer,10.0,Desktop,Chicago,0,26,11,UPI,1
4550.4,Bill Payment,22.0,Mobile,Chicago,1,84,12,Net Banking,1
4216.28,Bank Transfer,23.0,Tablet,Chicago,3,65,1,UPI,1
49997.8,ATM Withdrawal,9.0,Mobile,Chicago,1,57,2,Net Banking,1
4405.07,Online Purchase,22.0,Desktop,San Francisco,2,100,3,Credit Card,1
3852.08,Bank Transfer,4.0,Tablet,Chicago,2,21,9,Invalid Method,1
797.89,POS Payment,3.0,Mobile,Boston,1,77,7,Debit Card,1
409.67,Bill Payment,19.0,Mobile,Houston,0,105,3,Debit Card,1
918.8,ATM Withdrawal,8.0,Mobile,Chicago,0,112,14,Debit Card,1
182.69,Bill Payment,14.0,Tablet,Chicago,1,116,12,Credit Card,1
3949.07,ATM Withdrawal,5.0,Tablet,Boston,1,104,8,UPI,1
4642.93,POS Payment,9.0,Desktop,Houston,4,16,6,Debit Card,1
4303.84,ATM Withdrawal,5.0,Tablet,Houston,1,89,1,UPI,1
4328.79,Bank Transfer,15.0,Tablet,Boston,1,49,2,Debit Card,1
4019.12,Bank Transfer,23.0,Unknown Device,Houston,4,75,5,Debit Card,1
200.67,POS Payment,21.0,Desktop,Boston,3,60,3,UPI,1
2656.18,Online Purchase,14.0,Tablet,Chicago,2,23,13,Debit Card,1
1071.21,Online Purchase,23.0,Tablet,Seattle,2,32,2,Net Banking,1
1795.7,Bank Transfer,23.0,Mobile,Boston,0,65,4,Credit Card,1
1512.39,Bank Transfer,9.0,Mobile,Los Angeles,3,81,9,Debit Card,1
2989.61,Online Purchase,7.0,Tablet,Boston,2,12,14,Credit Card,1
3596.49,Bank Transfer,11.0,Desktop,New York,2,44,3,Credit Card,1
1873.7,Bill Payment,23.0,Desktop,Chicago,3,57,7,Invalid Method,1
1119.33,Online Purchase,9.0,Mobile,Chicago,0,83,11,UPI,1
4200.76,Bank Transfer,20.0,Desktop,Houston,1,38,1,UPI,1
135.66,Bank Transfer,0.0,Mobile,Chicago,1,22,2,Credit Card,1
1191.85,ATM Withdrawal,20.0,Mobile,Chicago,0,86,14,Debit Card,1
3746.98,ATM Withdrawal,1.0,Mobile,Boston,0,11,6,Credit Card,1
123.7,ATM Withdrawal,20.0,Mobile,Boston,0,14,5,Invalid Method,1
1112.16,Online Purchase,12.0,Tablet,Los Angeles,0,4,5,UPI,1
4182.69,Bill Payment,23.0,Mobile,San Francisco,3,114,2,Credit Card,1
1212.49,POS Payment,19.0,Mobile,Miami,4,78,9,Net Banking,1
1732.1,Bill Payment,16.0,Mobile,Boston,3,101,4,Debit Card,1
1933.78,Online Purchase,12.0,Tablet,Boston,0,41,9,Debit Card,1
1959.3,Online Purchase,15.0,Desktop,Los Angeles,4,33,9,Credit Card,1
1704.34,ATM Withdrawal,22.0,Tablet,Seattle,0,84,10,UPI,1
1288.75,POS Payment,2.0,Desktop,Chicago,1,94,2,UPI,1
1883.29,POS Payment,23.0,Tablet,Seattle,1,92,7,Credit Card,1
1706.51,Bank Transfer,20.0,Desktop,Houston,4,90,6,Debit Card,1
4108.91,Bill Payment,19.0,Tablet,Los Angeles,1,56,14,Debit Card,1
3798.94,POS Payment,12.0,Tablet,New York,3,64,4,UPI,1
457.33,Bank Transfer,21.0,Mobile,Boston,1,75,1,Debit Card,1
4426.8,Bill Payment,3.0,Unknown Device,Boston,0,75,3,Credit Card,1
1274.71,Bank Transfer,6.0,Desktop,Houston,3,119,13,Invalid Method,1
267.69,Online Purchase,21.0,Tablet,Miami,1,93,1,Debit Card,1
2981.82,POS Payment,16.0,Tablet,Houston,4,21,1,UPI,1
3666.96,ATM Withdrawal,8.0,Desktop,Boston,3,62,8,Invalid Method,1
4416.38,ATM Withdrawal,18.0,Tablet,Los Angeles,1,57,8,UPI,1
49997.8,Online Purchase,9.0,Desktop,Miami,1,58,7,UPI,1
148.28,ATM Withdrawal,12.0,Mobile,Chicago,3,64,8,Net Banking,1
2078.82,Bank Transfer,19.0,Desktop,San Francisco,0,70,1,Net Banking,1
1572.71,POS Payment,12.0,Desktop,Houston,4,58,12,Credit Card,1
3932.91,ATM Withdrawal,7.0,Mobile,San Francisco,2,82,1,Net Banking,1
3071.62,POS Payment,4.0,Desktop,Boston,1,41,4,Net Banking,1
4075.92,Bill Payment,6.0,Mobile,New York,4,60,2,Credit Card,1
1407.35,ATM Withdrawal,9.0,Desktop,Los Angeles,3,119,4,Debit Card,1
624.77,Bill Payment,22.0,Mobile,Boston,2,70,10,Credit Card,1
582.71,POS Payment,19.0,Mobile,Chicago,2,110,8,UPI,1
3012.79,Bank Transfer,14.0,Tablet,New York,3,12,3,Debit Card,1
2303.53,POS Payment,15.0,Mobile,Los Angeles,1,88,12,UPI,1
1024.44,Online Purchase,22.0,Desktop,Miami,2,26,11,Debit Card,1
3190.27,Online Purchase,11.0,Unknown Device,Chicago,4,22,5,Credit Card,1
832.3,Online Purchase,3.0,Mobile,Houston,0,104,2,Credit Card,1
925.53,ATM Withdrawal,18.0,Desktop,Houston,3,37,14,Credit Card,1
734.11,Bill Payment,23.0,Tablet,Houston,3,56,9,Credit Card,1
925.74,POS Payment,14.0,Tablet,Boston,3,50,7,UPI,1
4375.32,Bank Transfer,11.0,Tablet,Boston,1,45,3,UPI,1
171.39,Bank Transfer,3.0,Desktop,Miami,0,85,1,Net Banking,1
932.76,Bill Payment,16.0,Tablet,Los Angeles,1,34,13,Debit Card,1
928.7,ATM Withdrawal,9.0,Mobile,New York,4,102,1,UPI,1
4190.68,Bank Transfer,14.0,Desktop,Seattle,2,68,5,Credit Card,1
1267.81,ATM Withdrawal,20.0,Tablet,Los Angeles,4,114,11,Debit Card,1
200.8,Bank Transfer,1.0,Desktop,Chicago,3,103,1,Debit Card,1
1126.08,ATM Withdrawal,11.0,Mobile,Los Angeles,3,106,1,Net Banking,1
2118.64,POS Payment,23.0,Mobile,New York,4,110,11,Net Banking,1
4931.49,Bank Transfer,10.0,Desktop,Boston,3,117,13,Debit Card,1
4614.31,ATM Withdrawal,14.0,Desktop,San Francisco,0,98,13,Net Banking,1
49997.8,Online Purchase,7.0,Desktop,Houston,1,15,7,UPI,1
4201.97,Bill Payment,15.0,Mobile,San Francisco,4,113,1,UPI,1
1559.63,ATM Withdrawal,3.0,Mobile,Los Angeles,1,98,4,Credit Card,1
837.51,POS Payment,7.0,Desktop,Houston,4,61,5,Credit Card,1
149.3,Bank Transfer,16.0,Mobile,Chicago,0,57,11,UPI,1
1721.94,POS Payment,8.0,Desktop,Chicago,3,104,8,Credit Card,1
1868.33,Online Purchase,6.0,Mobile,Houston,1,71,3,Credit Card,1
4479.21,Bill Payment,11.0,Desktop,San Francisco,3,118,3,Credit Card,1
3348.56,POS Payment,7.0,Tablet,Miami,1,108,11,UPI,1
2198.1,Bill Payment,5.0,Mobile,Chicago,1,7,1,UPI,1
4297.66,ATM Withdrawal,1.0,Desktop,Miami,3,87,2,Debit Card,1
3057.8,ATM Withdrawal,17.0,Desktop,San Francisco,3,111,9,Net Banking,1
3400.9,Bank Transfer,20.0,Desktop,New York,0,118,9,UPI,1
3831.52,Bill Payment,13.0,Mobile,New York,4,79,9,Credit Card,1
2168.51,ATM Withdrawal,20.0,Desktop,New York,0,112,14,Invalid Method,1
1093.8,Bank Transfer,8.0,Mobile,Miami,0,103,3,Net Banking,1
1963.61,POS Payment,22.0,Mobile,Chicago,0,53,7,Debit Card,1
1800.11,Bill Payment,11.0,Tablet,Los Angeles,0,97,11,UPI,1
4301.63,Online Purchase,17.0,Desktop,Boston,4,22,12,UPI,1
3208.98,Online Purchase,18.0,Desktop,San Francisco,4,97,13,UPI,1
3020.53,Online Purchase,12.0,Desktop,Seattle,0,95,4,UPI,1
2064.22,Bill Payment,14.0,Mobile,Miami,4,104,6,Credit Card,1
4741.49,Bill Payment,13.0,Tablet,Los Angeles,4,20,4,UPI,1
3052.73,Online Purchase,6.0,Desktop,Houston,4,63,12,Net Banking,1
2216.47,ATM Withdrawal,12.0,Mobile,Chicago,3,30,2,Net Banking,1
200.75,POS Payment,23.0,Desktop,San Francisco,2,94,11,UPI,1
1914.11,ATM Withdrawal,23.0,Desktop,Chicago,1,24,8,Debit Card,1
181.74,Online Purchase,4.0,Tablet,Houston,1,87,11,Credit Card,1
3493.43,Online Purchase,8.0,Desktop,Boston,4,50,14,Debit Card,1
4911.57,Bank Transfer,19.0,Mobile,Boston,0,75,14,Net Banking,1
729.22,Bank Transfer,21.0,Desktop,Boston,1,96,11,Credit Card,1
4130.21,POS Payment,15.0,Tablet,Boston,3,97,14,Net Banking,1
4314.71,Bank Transfer,23.0,Mobile,Miami,4,60,8,Credit Card,1
4133.76,Bill Payment,15.0,Mobile,Miami,4,69,11,Net Banking,1
1165.42,POS Payment,8.0,Tablet,Chicago,0,45,3,Net Banking,1
4681.11,Bill Payment,13.0,Tablet,New York,0,74,1,UPI,1
2877.52,ATM Withdrawal,8.0,Desktop,Chicago,0,47,10,Credit Card,1
2247.69,Bill Payment,19.0,Desktop,San Francisco,2,114,5,Net Banking,1
2825.88,Bank Transfer,22.0,Desktop,Boston,1,68,9,Credit Card,1
3749.08,Bank Transfer,17.0,Desktop,San Francisco,4,109,14,Credit Card,1
112.17,ATM Withdrawal,15.0,Tablet,Boston,1,86,12,Credit Card,1
3458.9,ATM Withdrawal,9.0,Desktop,Boston,3,62,9,Debit Card,1
4967.98,Bank Transfer,15.0,Mobile,Boston,3,7,9,Net Banking,1
49997.8,Bank Transfer,20.0,Tablet,Seattle,0,40,1,Credit Card,1
2564.67,ATM Withdrawal,5.0,Tablet,Houston,2,111,12,Debit Card,1
4258.02,Online Purchase,13.0,Mobile,Houston,3,50,8,UPI,1
981.35,Bank Transfer,1.0,Tablet,Los Angeles,0,61,3,Debit Card,1
2614.4,Bill Payment,7.0,Tablet,Boston,4,13,4,UPI,1
2523.58,ATM Withdrawal,8.0,Mobile,Miami,0,69,2,UPI,1
3744.76,Bill Payment,0.0,Desktop,Los Angeles,1,97,8,UPI,1
1895.11,POS Payment,13.0,Mobile,Houston,4,71,8,Debit Card,1
4156.15,ATM Withdrawal,13.0,Tablet,Boston,3,92,8,Credit Card,1
3054.09,Bank Transfer,12.0,Tablet,Houston,1,24,3,UPI,1
1977.87,Online Purchase,21.0,Tablet,Chicago,3,119,7,Invalid Method,1
819.7,Online Purchase,18.0,Tablet,Chicago,1,91,7,Net Banking,1
2606.4,Bank Transfer,17.0,Tablet,Los Angeles,3,42,12,UPI,1
4157.16,Online Purchase,19.0,Mobile,Chicago,0,8,2,Debit Card,1
2187.78,POS Payment,23.0,Tablet,Houston,3,17,14,Debit Card,1
3260.99,Bill Payment,18.0,Tablet,San Francisco,0,93,12,Net Banking,1
1668.14,Bill Payment,18.0,Tablet,Chicago,3,108,13,Credit Card,1
723.12,Bill Payment,9.0,Mobile,Houston,1,38,4,Credit Card,1
441.29,POS Payment,10.0,Desktop,Boston,4,53,9,Credit Card,1
27.92,POS Payment,10.0,Mobile,Houston,2,81,10,Debit Card,1
547.23,POS Payment,14.0,Desktop,Chicago,0,83,2,Net Banking,1
3279.69,POS Payment,15.0,Tablet,New York,0,113,8,Debit Card,1
516.24,ATM Withdrawal,23.0,Desktop,New York,1,48,9,Net Banking,1
1789.51,Bank Transfer,7.0,Desktop,Houston,4,69,8,Net Banking,1
1068.4,Online Purchase,9.0,Tablet,Boston,3,32,13,Invalid Method,1
4105.81,Bill Payment,19.0,Mobile,Chicago,2,23,12,Net Banking,1
4322.79,Bank Transfer,20.0,Mobile,Miami,2,6,6,Debit Card,1
4503.28,ATM Withdrawal,17.0,Desktop,Chicago,4,82,6,Debit Card,1
745.0,Bill Payment,8.0,Desktop,Houston,3,27,2,Debit Card,1
3973.34,Bill Payment,17.0,Tablet,Houston,3,38,5,UPI,1
1555.39,POS Payment,13.0,Tablet,Chicago,3,87,7,Credit Card,1
1117.46,Online Purchase,18.0,Desktop,Los Angeles,0,83,9,UPI,1
3260.1,ATM Withdrawal,15.0,Mobile,New York,1,58,5,Debit Card,1
4171.02,Bank Transfer,7.0,Desktop,Los Angeles,3,67,3,Net Banking,1
2477.7,Bank Transfer,22.0,Desktop,Houston,0,33,2,UPI,1
1823.27,Bill Payment,16.0,Mobile,Miami,0,48,9,Debit Card,1
4799.54,POS Payment,18.0,Desktop,Miami,0,54,14,Net Banking,1
4557.37,Online Purchase,7.0,Desktop,Boston,1,86,13,Credit Card,1
1252.01,Bill Payment,4.0,Mobile,Los Angeles,1,107,3,Credit Card,1
1989.4,POS Payment,7.0,Tablet,San Francisco,1,119,2,Net Banking,1
4110.12,Bill Payment,6.0,Mobile,Houston,0,87,8,Credit Card,1
506.43,POS Payment,15.0,Mobile,Boston,2,28,14,Credit Card,1
1708.82,POS Payment,17.0,Tablet,Houston,4,40,10,Credit Card,1
4748.47,POS Payment,14.0,Mobile,Miami,0,42,3,Net Banking,1
49997.8,Online Purchase,17.0,Mobile,Seattle,3,42,11,Credit Card,1
983.8,POS Payment,22.0,Mobile,New York,1,42,4,UPI,1
3202.47,POS Payment,15.0,Unknown Device,Houston,4,99,10,Credit Card,1
2022.14,Bank Transfer,7.0,Tablet,San Francisco,0,104,4,UPI,1
1959.37,Bill Payment,18.0,Mobile,Los Angeles,2,105,5,Net Banking,1
2961.38,Bank Transfer,17.0,Mobile,Los Angeles,0,55,5,Debit Card,1
4506.29,Online Purchase,6.0,Desktop,Houston,1,10,2,Credit Card,1
1074.3,Bill Payment,15.0,Tablet,Houston,2,31,5,Debit Card,1
2491.13,Bank Transfer,8.0,Tablet,Boston,0,21,2,Net Banking,1
2983.24,POS Payment,23.0,Tablet,Miami,2,3,7,Credit Card,1
3590.25,Bank Transfer,21.0,Mobile,Miami,4,37,14,UPI,1
3491.74,Bill Payment,12.0,Tablet,Houston,4,91,11,UPI,1
198.12,Online Purchase,19.0,Tablet,Miami,3,29,3,Net Banking,1
2167.83,Bill Payment,6.0,Desktop,Houston,3,116,8,Credit Card,1
2919.25,Bank Transfer,4.0,Mobile,Boston,1,45,8,UPI,1
49997.8,ATM Withdrawal,3.0,Tablet,Boston,2,40,4,Debit Card,1
3575.31,ATM Withdrawal,11.0,Tablet,Houston,2,115,1,Debit Card,1
3460.0,Bill Payment,16.0,Unknown Device,Miami,3,115,2,Credit Card,1
49997.8,Bill Payment,12.0,Tablet,Chicago,1,25,4,Credit Card,1
1976.86,Online Purchase,20.0,Desktop,Los Angeles,1,6,6,Net Banking,1
2127.27,Bill Payment,5.0,Desktop,New York,4,113,6,Debit Card,1
4800.42,Bill Payment,0.0,Tablet,Boston,2,43,9,Debit Card,1
360.67,ATM Withdrawal,7.0,Tablet,Houston,1,72,12,Net Banking,1
756.95,Online Purchase,14.0,Mobile,Houston,3,25,5,Credit Card,1
286.19,POS Payment,16.0,Desktop,New York,2,112,5,Credit Card,1
4056.34,Bank Transfer,11.0,Tablet,Chicago,4,13,9,Debit Card,1
4632.93,Bill Payment,15.0,Tablet,Chicago,4,77,13,UPI,1
3747.13,Bill Payment,23.0,Desktop,San Francisco,1,55,4,UPI,1
3411.61,Bill Payment,20.0,Desktop,Chicago,3,19,7,Net Banking,1
832.19,Online Purchase,4.0,Desktop,Chicago,2,77,7,UPI,1
2291.07,ATM Withdrawal,19.0,Desktop,New York,4,62,13,UPI,1
3260.32,Bill Payment,18.0,Desktop,New York,2,43,7,UPI,1
1251.37,POS Payment,15.0,Desktop,New York,0,24,2,Net Banking,1
3577.49,ATM Withdrawal,20.0,Desktop,San Francisco,0,16,3,Net Banking,1
3009.46,Online Purchase,7.0,Tablet,Boston,1,88,11,UPI,1
3444.2,Bill Payment,23.0,Desktop,Seattle,3,87,13,Debit Card,1
1474.36,Online Purchase,22.0,Tablet,Los Angeles,1,19,13,Debit Card,1
1706.16,Online Purchase,23.0,Tablet,Houston,2,97,9,Debit Card,1
3396.76,POS Payment,21.0,Desktop,Chicago,0,91,10,Credit Card,1
1329.37,Online Purchase,11.0,Desktop,Chicago,0,104,4,Debit Card,1
1212.14,POS Payment,19.0,Mobile,Miami,3,27,7,Credit Card,1
2441.49,ATM Withdrawal,3.0,Mobile,Chicago,4,18,2,Debit Card,1
3947.0,Bank Transfer,13.0,Mobile,Los Angeles,3,81,7,Net Banking,1
693.15,ATM Withdrawal,12.0,Tablet,Miami,0,33,1,Net Banking,1
1762.42,Bank Transfer,17.0,Mobile,Houston,1,118,7,UPI,1
1297.84,Bill Payment,16.0,Desktop,Chicago,1,24,14,UPI,1
2833.73,Bank Transfer,12.0,Mobile,New York,1,100,11,Invalid Method,1
4106.0,Online Purchase,18.0,Tablet,New York,0,107,4,UPI,1
3547.81,Bill Payment,6.0,Tablet,Miami,0,99,5,Net Banking,1
2788.48,Bill Payment,7.0,Desktop,Los Angeles,1,111,8,Invalid Method,1
4411.62,POS Payment,12.0,Tablet,Los Angeles,2,109,14,Debit Card,1
3415.58,Bank Transfer,3.0,Mobile,Houston,2,73,6,Credit Card,1
4214.55,Online Purchase,6.0,Tablet,Los Angeles,3,56,2,Credit Card,1
84.26,Bill Payment,12.0,Mobile,Boston,2,83,9,Net Banking,1
964.0,POS Payment,18.0,Desktop,Chicago,0,37,1,Debit Card,1
4597.93,Bill Payment,13.0,Desktop,Boston,3,55,8,UPI,1
27.42,Online Purchase,8.0,Desktop,Chicago,3,103,8,Debit Card,1
4714.21,POS Payment,16.0,Tablet,Seattle,2,100,2,Net Banking,1
1284.97,ATM Withdrawal,15.0,Desktop,Chicago,2,55,13,Debit Card,1
266.58,ATM Withdrawal,19.0,Unknown Device,Seattle,0,87,2,Credit Card,1
15.85,Bill Payment,22.0,Desktop,Miami,0,50,8,UPI,1
646.74,Bill Payment,22.0,Desktop,Los Angeles,1,54,13,Net Banking,1
1196.02,Bill Payment,9.0,Tablet,Chicago,2,82,4,UPI,1
3083.84,Bill Payment,8.0,Mobile,San Francisco,3,96,1,Net Banking,1
2591.68,POS Payment,0.0,Tablet,Boston,1,37,4,Net Banking,1
4047.16,POS Payment,0.0,Mobile,Boston,4,82,12,Net Banking,1
3260.96,Bill Payment,18.0,Desktop,Boston,3,66,3,UPI,1
2917.64,POS Payment,4.0,Mobile,Houston,4,101,8,Credit Card,1
621.49,ATM Withdrawal,8.0,Mobile,Chicago,2,43,5,UPI,1
3836.58,POS Payment,18.0,Tablet,Boston,3,21,2,Credit Card,1
4934.91,Online Purchase,15.0,Tablet,New York,0,105,12,Debit Card,1
849.47,POS Payment,18.0,Mobile,Boston,4,90,12,Credit Card,1
4796.28,Online Purchase,4.0,Desktop,New York,3,104,7,Credit Card,1
1891.37,Bill Payment,13.0,Mobile,Seattle,4,106,5,Net Banking,1
2645.57,Bill Payment,13.0,Unknown Device,San Francisco,1,115,7,Debit Card,1
482.72,Online Purchase,18.0,Mobile,Chicago,1,11,7,Debit Card,1
3580.75,Bank Transfer,13.0,Tablet,Chicago,0,44,7,Credit Card,1
871.99,POS Payment,11.0,Desktop,Boston,2,95,3,Net Banking,1
3488.95,Bill Payment,16.0,Tablet,Los Angeles,1,111,5,Net Banking,1
2152.91,Online Purchase,23.0,Tablet,Boston,3,6,9,Net Banking,1
1290.19,POS Payment,13.0,Desktop,Los Angeles,2,49,5,Net Banking,1
3556.42,Bill Payment,12.0,Mobile,Chicago,1,33,3,UPI,1
3644.76,Bill Payment,11.0,Desktop,Los Angeles,1,107,11,Debit Card,1
2017.95,Bill Payment,15.0,Mobile,Houston,2,64,14,UPI,1
3192.07,Bill Payment,5.0,Mobile,Houston,2,74,5,UPI,1
3843.46,ATM Withdrawal,22.0,Mobile,Los Angeles,2,49,3,Credit Card,1
49997.8,POS Payment,17.0,Tablet,Chicago,4,28,13,Debit Card,1
2931.41,Bill Payment,17.0,Tablet,San Francisco,0,67,4,Invalid Method,1
4836.02,Online Purchase,14.0,Desktop,Boston,4,85,5,Credit Card,1
3071.59,POS Payment,19.0,Desktop,Houston,1,22,8,UPI,1
3467.45,POS Payment,22.0,Tablet,Seattle,1,82,9,Debit Card,1
1613.74,Bill Payment,22.0,Desktop,New York,2,118,4,Credit Card,1
3151.79,Bank Transfer,7.0,Desktop,Boston,2,54,9,Debit Card,1
4836.02,Bill Payment,12.0,Desktop,New York,1,113,12,UPI,1
1697.77,Online Purchase,16.0,Mobile,Miami,4,115,1,UPI,1
232.77,Bank Transfer,23.0,Tablet,Seattle,2,86,7,Debit Card,1
2392.62,Online Purchase,11.0,Tablet,Houston,0,101,13,UPI,1
3865.07,ATM Withdrawal,21.0,Desktop,New York,2,101,8,Net Banking,1
1412.81,Bank Transfer,16.0,Desktop,Houston,3,22,14,Debit Card,1
872.63,ATM Withdrawal,20.0,Desktop,Los Angeles,4,99,6,Debit Card,1
4808.06,Online Purchase,18.0,Desktop,Miami,0,25,7,Credit Card,1
49997.8,Online Purchase,18.0,Tablet,New York,4,2,6,Net Banking,1
654.33,Bill Payment,17.0,Desktop,San Francisco,3,89,1,Debit Card,1
3195.97,Online Purchase,15.0,Mobile,San Francisco,2,17,1,UPI,1
574.3,Bill Payment,15.0,Tablet,Miami,2,117,6,UPI,1
2975.68,POS Payment,11.0,Tablet,Miami,3,69,7,Net Banking,1
4087.05,POS Payment,15.0,Desktop,Chicago,3,46,9,Net Banking,1
3620.09,Bill Payment,21.0,Desktop,Los Angeles,0,42,4,Credit Card,1
3388.71,ATM Withdrawal,8.0,Mobile,Boston,1,96,1,Credit Card,1
3218.78,Bill Payment,7.0,Tablet,Chicago,1,73,14,UPI,1
4592.55,Online Purchase,22.0,Desktop,Houston,2,3,2,UPI,1
1219.81,POS Payment,4.0,Tablet,Houston,3,90,6,Debit Card,1
4846.29,Bill Payment,13.0,Desktop,Miami,0,71,14,Net Banking,1
64.97,Bank Transfer,22.0,Tablet,Miami,1,35,1,Credit Card,1
1214.56,Bill Payment,8.0,Tablet,Boston,0,43,10,UPI,1
128.82,POS Payment,8.0,Tablet,Boston,2,32,13,Net Banking,1
1277.45,Online Purchase,1.0,Mobile,Boston,1,40,1,Debit Card,1
549.0,Online Purchase,20.0,Tablet,Chicago,0,48,14,Credit Card,1
138.16,POS Payment,23.0,Mobile,San Francisco,2,73,6,UPI,1
1706.1,POS Payment,22.0,Tablet,Chicago,4,93,13,UPI,1
1428.74,Bank Transfer,18.0,Mobile,Los Angeles,3,66,4,Credit Card,1
4314.83,Bill Payment,6.0,Tablet,Los Angeles,0,100,1,UPI,1
4314.6,Bill Payment,16.0,Mobile,Seattle,2,56,3,Net Banking,1
1326.2,POS Payment,6.0,Desktop,Chicago,0,108,1,Net Banking,1
2721.57,Online Purchase,21.0,Mobile,Miami,3,14,13,Net Banking,1
756.03,POS Payment,20.0,Mobile,Houston,2,49,12,Credit Card,1
1502.25,Bill Payment,7.0,Desktop,Los Angeles,0,51,1,Credit Card,1
4620.76,Bill Payment,18.0,Tablet,Boston,4,20,12,Debit Card,1
3925.51,Bank Transfer,5.0,Mobile,Los Angeles,3,86,5,UPI,1
3153.07,POS Payment,22.0,Desktop,Miami,3,96,12,Debit Card,1
49997.8,Bank Transfer,6.0,Tablet,Boston,3,35,6,UPI,1
4709.61,Online Purchase,17.0,Unknown Device,Los Angeles,4,64,3,Credit Card,1
1158.55,POS Payment,12.0,Tablet,Miami,4,105,11,Debit Card,1
4860.41,Bill Payment,16.0,Tablet,Chicago,0,115,10,Net Banking,1
4575.56,ATM Withdrawal,8.0,Mobile,Los Angeles,3,60,11,Debit Card,1
4818.8,Bill Payment,4.0,Tablet,New York,4,109,6,UPI,1
4564.95,Online Purchase,20.0,Mobile,Miami,0,28,14,Credit Card,1
1746.11,POS Payment,20.0,Mobile,Los Angeles,3,102,10,Credit Card,1
1020.94,Bank Transfer,16.0,Tablet,San Francisco,3,114,6,Net Banking,1
49997.8,ATM Withdrawal,2.0,Unknown Device,Miami,1,63,2,UPI,1
90.49,POS Payment,2.0,Desktop,Los Angeles,3,78,4,Credit Card,1
2099.52,Bank Transfer,3.0,Mobile,Houston,1,73,3,UPI,1
2970.56,Online Purchase,7.0,Mobile,Los Angeles,0,47,5,UPI,1
1181.02,Bank Transfer,19.0,Mobile,Boston,3,40,5,Invalid Method,1
4869.6,ATM Withdrawal,22.0,Tablet,Chicago,2,66,5,Net Banking,1
4094.46,ATM Withdrawal,6.0,Tablet,Boston,0,49,5,UPI,1
2450.59,ATM Withdrawal,20.0,Tablet,Los Angeles,2,9,11,Net Banking,1
1179.96,Bank Transfer,1.0,Mobile,Boston,2,45,5,Credit Card,1
3426.59,Bill Payment,17.0,Tablet,Los Angeles,1,61,1,Debit Card,1
2065.08,Bank Transfer,10.0,Desktop,Boston,1,17,4,UPI,1
2629.62,ATM Withdrawal,6.0,Tablet,Los Angeles,0,92,6,Debit Card,1
3683.95,POS Payment,18.0,Mobile,Los Angeles,3,100,11,Net Banking,1
56.16,Online Purchase,23.0,Desktop,Houston,2,111,8,Debit Card,1
3198.26,ATM Withdrawal,20.0,Mobile,Seattle,4,54,3,Debit Card,1
3416.4,Online Purchase,7.0,Tablet,Miami,2,70,5,Net Banking,1
2962.96,ATM Withdrawal,3.0,Mobile,Boston,4,84,1,Credit Card,1
1369.22,POS Payment,20.0,Desktop,Boston,1,86,11,Net Banking,1
1472.05,Bank Transfer,7.0,Desktop,Boston,1,78,1,Debit Card,1
56.91,Bill Payment,14.0,Desktop,Los Angeles,2,32,2,UPI,1
171.64,Bank Transfer,22.0,Desktop,Miami,0,106,13,UPI,1
3444.32,Bank Transfer,9.0,Desktop,Houston,1,60,7,Credit Card,1
2704.7,ATM Withdrawal,19.0,Mobile,San Francisco,3,33,4,Net Banking,1
3701.28,Bank Transfer,16.0,Mobile,Boston,4,95,10,UPI,1
719.32,Online Purchase,18.0,Desktop,Chicago,1,54,7,Net Banking,1
173.69,Bill Payment,17.0,Tablet,Miami,3,100,11,Debit Card,1
1068.1,Bank Transfer,21.0,Desktop,Boston,4,1,3,Net Banking,1
4585.13,Bill Payment,15.0,Tablet,Boston,3,55,10,Debit Card,1
4162.57,POS Payment,15.0,Tablet,Houston,2,27,2,Credit Card,1
2279.97,Bill Payment,13.0,Desktop,New York,2,49,2,Debit Card,1
2899.93,Bank Transfer,15.0,Desktop,Miami,4,85,4,Debit Card,1
3584.2,Bill Payment,9.0,Tablet,Los Angeles,4,62,8,Debit Card,1
4028.3,POS Payment,13.0,Mobile,Houston,3,37,4,Debit Card,1
3886.92,Bill Payment,7.0,Unknown Device,Chicago,0,21,5,Net Banking,1
4964.31,Bank Transfer,16.0,Mobile,Chicago,3,12,11,Debit Card,1
882.03,Online Purchase,20.0,Desktop,New York,4,112,6,Credit Card,1
932.21,Bank Transfer,11.0,Tablet,Boston,0,95,1,Credit Card,1
2393.01,ATM Withdrawal,17.0,Tablet,San Francisco,3,96,3,Credit Card,1
4689.76,Online Purchase,17.0,Desktop,Los Angeles,1,2,7,Credit Card,1
2822.13,POS Payment,6.0,Mobile,Houston,1,70,2,Net Banking,1
3568.51,Bank Transfer,16.0,Mobile,Chicago,1,68,4,Credit Card,1
2711.55,Online Purchase,13.0,Desktop,Miami,0,78,4,Credit Card,1
816.22,POS Payment,0.0,Mobile,Chicago,3,84,1,Net Banking,1
1205.18,ATM Withdrawal,1.0,Desktop,Boston,4,113,4,Debit Card,1
1494.9,Bill Payment,11.0,Tablet,Boston,0,87,8,Debit Card,1
4646.86,ATM Withdrawal,7.0,Mobile,Houston,0,71,13,Credit Card,1
4867.74,Bill Payment,11.0,Mobile,Houston,2,33,8,Debit Card,1
1230.73,Bill Payment,16.0,Tablet,Seattle,0,111,7,Debit Card,1
1291.39,Bank Transfer,9.0,Desktop,Chicago,1,29,8,UPI,1
3824.9,Online Purchase,19.0,Desktop,Chicago,2,46,1,Debit Card,1
1430.17,Online Purchase,21.0,Tablet,Boston,4,117,10,Credit Card,1
3285.07,ATM Withdrawal,21.0,Desktop,Houston,2,29,6,Debit Card,1
4824.32,ATM Withdrawal,10.0,Tablet,Boston,2,83,7,Debit Card,1
2490.62,POS Payment,23.0,Mobile,Miami,2,105,3,Net Banking,1
64.11,POS Payment,15.0,Mobile,Boston,0,109,5,Net Banking,1
128.01,Bill Payment,5.0,Tablet,Boston,4,16,2,Credit Card,1
2524.32,Bank Transfer,7.0,Tablet,Boston,1,65,13,Net Banking,1
3093.64,Online Purchase,9.0,Mobile,Houston,3,33,8,Net Banking,1
2720.75,Bill Payment,12.0,Mobile,Boston,0,58,3,Net Banking,1
1114.74,Online Purchase,6.0,Mobile,Chicago,1,6,2,Debit Card,1
3083.61,ATM Withdrawal,7.0,Mobile,Boston,4,70,5,Debit Card,1
3980.97,Online Purchase,6.0,Tablet,Houston,3,68,11,UPI,1
1587.67,Bill Payment,13.0,Desktop,Boston,2,96,4,Credit Card,1
4023.76,Bank Transfer,6.0,Mobile,Boston,4,109,10,Credit Card,1
2476.0,Bill Payment,16.0,Mobile,San Francisco,2,56,1,UPI,1
3731.99,Bank Transfer,4.0,Desktop,Houston,0,98,2,Debit Card,1
2545.24,Bill Payment,20.0,Desktop,Houston,4,25,6,UPI,1
588.56,Bank Transfer,14.0,Tablet,Los Angeles,3,25,5,Credit Card,1
4870.61,Bill Payment,3.0,Desktop,Boston,3,45,4,UPI,1
4919.45,ATM Withdrawal,21.0,Tablet,Miami,0,48,9,UPI,1
3911.54,Online Purchase,7.0,Mobile,Boston,2,59,7,Debit Card,1
2928.49,Online Purchase,23.0,Tablet,Chicago,0,20,10,UPI,1
4578.49,POS Payment,5.0,Desktop,New York,0,76,5,Credit Card,1
1177.67,Bank Transfer,6.0,Desktop,Chicago,0,39,12,Net Banking,1
2910.31,Bill Payment,7.0,Tablet,Los Angeles,1,35,1,Net Banking,1
4268.09,Bank Transfer,22.0,Desktop,Miami,1,66,9,Debit Card,1
1720.14,Bank Transfer,12.0,Tablet,Houston,2,116,14,Credit Card,1
2984.77,ATM Withdrawal,11.0,Desktop,Houston,3,8,7,Credit Card,1
1266.32,POS Payment,15.0,Desktop,Houston,0,72,2,Debit Card,1
439.02,Bank Transfer,15.0,Tablet,Chicago,0,14,5,Debit Card,1
3810.54,Bank Transfer,10.0,Tablet,Los Angeles,4,38,7,Credit Card,1
532.28,POS Payment,5.0,Tablet,Chicago,2,91,10,Credit Card,1
4882.05,Online Purchase,18.0,Mobile,Seattle,3,32,3,Invalid Method,1
4374.05,POS Payment,16.0,Mobile,Houston,2,95,9,UPI,1
3184.53,ATM Withdrawal,10.0,Tablet,Houston,0,50,13,Credit Card,1
4288.25,ATM Withdrawal,0.0,Desktop,Miami,0,118,8,Debit Card,1
2214.16,Online Purchase,7.0,Mobile,Miami,3,104,7,UPI,1
49997.8,ATM Withdrawal,18.0,Mobile,New York,1,19,9,Credit Card,1
388.84,Bank Transfer,9.0,Unknown Device,Boston,2,99,10,Credit Card,1
1127.78,POS Payment,16.0,Mobile,Los Angeles,3,60,12,Net Banking,1
2676.61,Online Purchase,17.0,Unknown Device,Houston,4,24,3,Invalid Method,1
4513.07,ATM Withdrawal,5.0,Desktop,Chicago,1,40,9,UPI,1
3640.52,POS Payment,3.0,Tablet,Boston,0,79,7,Credit Card,1
1130.65,ATM Withdrawal,8.0,Tablet,Los Angeles,0,107,1,UPI,1
4473.86,Bill Payment,11.0,Tablet,Houston,3,65,3,Debit Card,1
3766.7,Bank Transfer,16.0,Unknown Device,Houston,2,11,14,UPI,1
1152.12,POS Payment,4.0,Desktop,Miami,3,75,3,Debit Card,1
4845.89,ATM Withdrawal,16.0,Tablet,Chicago,1,73,5,Debit Card,1
4025.02,Bill Payment,11.0,Desktop,San Francisco,4,98,8,Debit Card,1
4375.29,POS Payment,17.0,Tablet,Houston,2,38,13,Invalid Method,1
2097.66,ATM Withdrawal,20.0,Desktop,Miami,4,15,10,Debit Card,1
3272.97,ATM Withdrawal,22.0,Mobile,San Francisco,3,60,11,Debit Card,1
3738.8,Online Purchase,13.0,Desktop,Los Angeles,0,25,7,UPI,1
1978.22,Bill Payment,20.0,Mobile,San Francisco,4,103,9,Credit Card,1
423.99,Bill Payment,22.0,Tablet,Chicago,0,21,5,Debit Card,1
3784.39,ATM Withdrawal,17.0,Unknown Device,Miami,2,106,6,Credit Card,1
25.11,ATM Withdrawal,6.0,Desktop,Boston,3,32,5,Net Banking,1
3837.61,Bill Payment,18.0,Desktop,New York,4,109,5,Debit Card,1
3845.71,ATM Withdrawal,4.0,Mobile,Los Angeles,1,114,5,Credit Card,1
4679.46,POS Payment,20.0,Desktop,New York,4,42,2,UPI,1
1175.37,POS Payment,16.0,Desktop,Boston,4,83,11,UPI,1
1925.27,Online Purchase,19.0,Mobile,Houston,0,87,2,Debit Card,1
3195.97,Bill Payment,10.0,Mobile,Boston,0,86,3,Credit Card,1
508.88,ATM Withdrawal,21.0,Tablet,Boston,2,22,13,Debit Card,1
3802.19,Online Purchase,23.0,Mobile,Houston,2,80,5,Credit Card,1
1938.96,POS Payment,14.0,Mobile,Chicago,3,6,13,Net Banking,1
2248.24,ATM Withdrawal,19.0,Tablet,Houston,3,10,5,Credit Card,1
510.9,POS Payment,14.0,Mobile,Houston,0,59,5,Debit Card,1
2760.22,Online Purchase,9.0,Tablet,Miami,4,86,10,Net Banking,1
2987.2,Bill Payment,4.0,Desktop,Chicago,2,55,9,Net Banking,1
724.02,Online Purchase,15.0,Mobile,Houston,0,112,8,Credit Card,1
2781.4,Bill Payment,23.0,Desktop,Boston,4,114,1,Credit Card,1
4587.93,Online Purchase,4.0,Mobile,Chicago,1,18,7,UPI,1
4454.07,POS Payment,19.0,Desktop,Los Angeles,3,8,8,UPI,1
1885.0,POS Payment,23.0,Desktop,New York,2,15,2,Net Banking,1
4799.05,Bill Payment,12.0,Desktop,Los Angeles,1,67,11,Credit Card,1
2690.2,Bill Payment,11.0,Mobile,San Francisco,4,119,5,Debit Card,1
2890.12,ATM Withdrawal,14.0,Desktop,Houston,4,74,5,Net Banking,1
300.82,Bank Transfer,16.0,Tablet,Miami,4,113,5,Net Banking,1
3194.67,Online Purchase,22.0,Mobile,Los Angeles,2,115,8,UPI,1
2289.32,POS Payment,8.0,Mobile,Miami,2,16,1,Net Banking,1
3810.54,Bank Transfer,0.0,Mobile,Chicago,4,80,2,Debit Card,1
4871.98,Bank Transfer,23.0,Desktop,San Francisco,2,12,2,Net Banking,1
828.09,Bank Transfer,22.0,Mobile,New York,0,72,2,Credit Card,1
593.84,POS Payment,8.0,Tablet,Chicago,4,22,2,Debit Card,1
2435.47,Bank Transfer,21.0,Mobile,Seattle,4,78,1,UPI,1
2020.04,POS Payment,11.0,Tablet,Boston,2,70,2,Net Banking,1
2623.27,Online Purchase,1.0,Mobile,Chicago,2,38,3,UPI,1
3569.09,ATM Withdrawal,15.0,Desktop,Houston,0,28,8,Debit Card,1
955.77,Bill Payment,3.0,Desktop,Boston,2,93,8,Net Banking,1
816.17,Online Purchase,13.0,Mobile,Chicago,2,80,5,UPI,1
2412.43,ATM Withdrawal,9.0,Tablet,Houston,4,68,4,UPI,1
3200.09,Bill Payment,16.0,Tablet,San Francisco,4,119,12,Net Banking,1
595.24,Bill Payment,6.0,Desktop,Houston,2,97,9,Debit Card,1
543.64,Online Purchase,18.0,Tablet,San Francisco,0,64,5,Debit Card,1
1886.6,ATM Withdrawal,5.0,Tablet,Houston,1,65,2,Debit Card,1
4881.42,POS Payment,16.0,Mobile,San Francisco,4,107,9,UPI,1
1525.21,Online Purchase,8.0,Tablet,Chicago,3,40,9,Net Banking,1
4023.78,Bill Payment,8.0,Desktop,Los Angeles,0,107,13,Credit Card,1
3612.08,POS Payment,7.0,Tablet,Los Angeles,0,91,7,UPI,1
2060.25,POS Payment,19.0,Desktop,Houston,3,60,6,Net Banking,1
2800.37,ATM Withdrawal,1.0,Mobile,Boston,0,73,1,Net Banking,1
3955.67,Online Purchase,14.0,Desktop,Houston,0,26,4,Debit Card,1
2002.16,Online Purchase,5.0,Mobile,Boston,3,85,11,UPI,1
2741.93,POS Payment,16.0,Desktop,Seattle,1,98,5,Credit Card,1
2152.13,Bank Transfer,20.0,Mobile,New York,4,106,14,Credit Card,1
1796.62,POS Payment,18.0,Desktop,New York,0,95,9,Credit Card,1
3367.3,Online Purchase,18.0,Mobile,Boston,4,114,6,Net Banking,1
1479.07,POS Payment,21.0,Mobile,San Francisco,3,46,2,UPI,1
4310.01,ATM Withdrawal,20.0,Mobile,Houston,4,32,13,Net Banking,1
1832.46,Online Purchase,18.0,Tablet,Boston,4,28,1,Net Banking,1
3343.98,POS Payment,21.0,Mobile,Boston,4,103,14,Debit Card,1
1870.45,Online Purchase,14.0,Mobile,Chicago,0,77,10,Net Banking,1
990.19,ATM Withdrawal,23.0,Tablet,Chicago,2,26,12,Credit Card,1
1648.82,Bill Payment,21.0,Mobile,Houston,2,117,5,Invalid Method,1
2540.82,POS Payment,22.0,Desktop,Houston,1,8,9,Credit Card,1
3444.97,Online Purchase,21.0,Mobile,Chicago,0,1,6,UPI,1
4600.85,ATM Withdrawal,19.0,Tablet,Chicago,1,45,13,Credit Card,1
4942.49,Bank Transfer,2.0,Desktop,Houston,3,38,7,Credit Card,1
4876.57,POS Payment,4.0,Desktop,Chicago,2,38,12,UPI,1
4070.84,Online Purchase,17.0,Mobile,Miami,3,5,6,Debit Card,1
798.62,ATM Withdrawal,20.0,Mobile,Boston,4,95,8,UPI,1
4357.31,POS Payment,12.0,Mobile,Los Angeles,3,25,5,Net Banking,1
2972.01,Online Purchase,19.0,Tablet,New York,2,13,7,Net Banking,1
2459.53,POS Payment,14.0,Tablet,Chicago,2,46,6,UPI,1
3021.5,Bank Transfer,20.0,Tablet,Miami,3,88,5,Net Banking,1
49997.8,POS Payment,1.0,Mobile,Houston,2,92,12,Net Banking,1
4706.95,Online Purchase,0.0,Mobile,Boston,4,70,14,UPI,1
673.96,Online Purchase,11.0,Tablet,Boston,3,17,10,Credit Card,1
104.57,Bill Payment,22.0,Mobile,Los Angeles,2,48,8,Credit Card,1
1337.55,ATM Withdrawal,9.0,Tablet,New York,3,92,2,Net Banking,1
2733.33,ATM Withdrawal,13.0,Mobile,Boston,0,29,14,Credit Card,1
555.8,Bank Transfer,15.0,Tablet,San Francisco,4,90,1,UPI,1
3896.94,Online Purchase,11.0,Tablet,Houston,3,84,2,Debit Card,1
2500.44,Bank Transfer,7.0,Desktop,Chicago,0,108,7,Net Banking,1
1338.01,ATM Withdrawal,23.0,Desktop,New York,3,23,10,UPI,1
579.07,POS Payment,18.0,Mobile,Houston,4,20,2,UPI,1
4852.0,Bank Transfer,23.0,Desktop,Houston,1,57,12,Credit Card,1
3949.13,Bank Transfer,9.0,Desktop,Chicago,2,19,8,Credit Card,1
3542.83,ATM Withdrawal,13.0,Tablet,Chicago,4,23,8,Credit Card,1
2683.15,POS Payment,19.0,Tablet,Boston,4,57,12,Credit Card,1
4344.73,POS Payment,11.0,Tablet,Boston,3,45,6,UPI,1
4906.13,POS Payment,7.0,Tablet,Los Angeles,3,8,1,UPI,1
49997.8,Bank Transfer,12.0,Mobile,New York,1,28,3,Invalid Method,1
2276.47,Bill Payment,5.0,Unknown Device,Boston,0,75,10,Net Banking,1
2482.16,ATM Withdrawal,6.0,Tablet,Houston,3,87,2,UPI,1
1463.75,POS Payment,21.0,Tablet,Los Angeles,1,21,4,Debit Card,1
1606.2,ATM Withdrawal,0.0,Mobile,Miami,2,108,3,Credit Card,1
1001.43,POS Payment,7.0,Tablet,Houston,2,97,9,Debit Card,1
4304.29,Online Purchase,15.0,Tablet,Houston,0,78,7,Debit Card,1
2409.56,ATM Withdrawal,19.0,Mobile,New York,0,109,9,UPI,1
50.7,POS Payment,16.0,Desktop,Boston,2,34,13,UPI,1
3660.88,Online Purchase,3.0,Desktop,Miami,4,111,9,Debit Card,1
1259.9,Bill Payment,0.0,Desktop,Chicago,2,68,2,Credit Card,1
4036.0,Bank Transfer,6.0,Desktop,Chicago,4,69,1,Debit Card,1
1406.9,ATM Withdrawal,23.0,Desktop,Miami,1,117,4,UPI,1
4170.78,ATM Withdrawal,8.0,Desktop,New York,0,102,5,UPI,1
3443.39,Bank Transfer,12.0,Desktop,Chicago,2,98,13,UPI,1
3647.45,POS Payment,3.0,Tablet,Houston,3,54,9,Net Banking,1
3859.13,ATM Withdrawal,12.0,Tablet,Boston,2,28,7,Invalid Method,1
4970.31,Bank Transfer,16.0,Mobile,Chicago,3,106,3,UPI,1
2391.29,Bill Payment,1.0,Unknown Device,Chicago,0,96,4,UPI,1
3998.98,ATM Withdrawal,7.0,Tablet,New York,2,113,2,UPI,1
2766.23,Bill Payment,13.0,Tablet,Chicago,2,86,5,Debit Card,1
4680.7,ATM Withdrawal,20.0,Tablet,Seattle,0,75,3,UPI,1
130.83,Online Purchase,10.0,Tablet,Los Angeles,0,93,6,UPI,1
1410.2,Online Purchase,6.0,Desktop,Houston,3,95,9,Credit Card,1
1568.88,Bank Transfer,4.0,Desktop,Boston,1,17,8,UPI,1
3301.53,ATM Withdrawal,15.0,Tablet,Miami,2,70,12,Credit Card,1
2890.12,POS Payment,23.0,Mobile,New York,4,17,1,Credit Card,1
4409.3,POS Payment,3.0,Mobile,Houston,0,90,14,UPI,1
16.72,POS Payment,16.0,Mobile,Miami,3,111,11,UPI,1
2727.88,ATM Withdrawal,2.0,Tablet,Chicago,2,56,4,Net Banking,1
4291.14,POS Payment,6.0,Tablet,San Francisco,4,99,3,Credit Card,1
3040.17,Bill Payment,16.0,Tablet,Houston,0,97,8,Net Banking,1
1127.78,Bill Payment,17.0,Desktop,Boston,3,7,9,Debit Card,1
985.76,Online Purchase,14.0,Mobile,Chicago,2,11,14,UPI,1
1451.5,Bill Payment,0.0,Mobile,Boston,4,94,5,Credit Card,1
4168.54,Bank Transfer,4.0,Desktop,Boston,1,117,5,Net Banking,1
4505.67,ATM Withdrawal,20.0,Unknown Device,Houston,0,22,1,Debit Card,1
1637.88,Online Purchase,21.0,Desktop,Houston,2,35,1,Credit Card,1
3586.44,ATM Withdrawal,22.0,Desktop,Houston,3,30,3,Credit Card,1
2292.26,Online Purchase,17.0,Desktop,Houston,2,116,3,UPI,1
1878.1,POS Payment,19.0,Mobile,Los Angeles,1,68,3,Credit Card,1
3018.19,POS Payment,19.0,Mobile,Chicago,3,11,8,UPI,1
41.36,Bank Transfer,12.0,Tablet,Chicago,1,30,10,Net Banking,1
3519.6,Online Purchase,13.0,Unknown Device,Los Angeles,2,70,12,UPI,1
3034.31,Online Purchase,23.0,Tablet,Chicago,3,56,13,Debit Card,1
4020.62,Bill Payment,18.0,Mobile,Miami,3,85,8,Net Banking,1
125.39,Online Purchase,22.0,Mobile,Boston,1,59,11,Net Banking,1
2833.07,Bill Payment,16.0,Tablet,Los Angeles,2,117,6,UPI,1
1961.15,Online Purchase,11.0,Mobile,San Francisco,1,117,5,Credit Card,1
3912.83,Bank Transfer,18.0,Desktop,Houston,2,65,1,Debit Card,1
4023.76,ATM Withdrawal,19.0,Mobile,New York,4,11,1,Net Banking,1
3543.19,ATM Withdrawal,12.0,Desktop,Houston,3,119,4,Credit Card,1
221.1,Online Purchase,21.0,Tablet,Chicago,4,38,13,Credit Card,1
4670.63,Bank Transfer,23.0,Mobile,Miami,4,64,1,UPI,1
4583.22,Online Purchase,12.0,Mobile,Boston,0,106,3,Net Banking,1
3416.55,POS Payment,20.0,Desktop,Miami,1,110,4,Credit Card,1
2261.89,ATM Withdrawal,16.0,Tablet,Chicago,2,109,1,UPI,1
1878.99,Bank Transfer,14.0,Tablet,Boston,3,38,5,Credit Card,1
3588.15,POS Payment,7.0,Mobile,Miami,0,110,5,UPI,1
4349.96,ATM Withdrawal,18.0,Mobile,Miami,3,66,6,Net Banking,1
1067.37,ATM Withdrawal,18.0,Tablet,Houston,0,88,2,Net Banking,1
4229.04,ATM Withdrawal,16.0,Mobile,Boston,1,44,7,Net Banking,1
1317.87,POS Payment,7.0,Tablet,Los Angeles,2,68,7,Debit Card,1
3049.64,ATM Withdrawal,11.0,Desktop,Boston,2,5,12,Net Banking,1
1333.49,Bank Transfer,17.0,Tablet,Chicago,1,73,5,Credit Card,1
1390.22,Bill Payment,13.0,Desktop,Los Angeles,0,44,8,Debit Card,1
2023.37,Online Purchase,20.0,Desktop,Miami,4,99,1,Net Banking,1
3446.96,Bill Payment,21.0,Desktop,Chicago,3,90,11,UPI,1
4952.0,Bill Payment,19.0,Mobile,Houston,4,34,12,UPI,1
2632.03,ATM Withdrawal,7.0,Desktop,New York,2,119,1,Net Banking,1
2228.16,POS Payment,20.0,Mobile,San Francisco,1,96,13,UPI,1
3902.86,Online Purchase,18.0,Tablet,Boston,1,81,12,Net Banking,1
3997.4,Online Purchase,14.0,Tablet,Seattle,1,69,5,Net Banking,1
361.4,Online Purchase,6.0,Tablet,Boston,0,54,14,Net Banking,1
276.08,Online Purchase,0.0,Mobile,Miami,4,112,1,Net Banking,1
660.64,Online Purchase,13.0,Desktop,Boston,2,10,13,Net Banking,1
210.7,Bank Transfer,21.0,Desktop,Houston,4,73,8,Net Banking,1
3160.87,Online Purchase,3.0,Desktop,Boston,1,20,8,UPI,1
2756.56,Bill Payment,11.0,Tablet,Houston,2,18,5,UPI,1
4412.0,POS Payment,18.0,Tablet,Chicago,4,12,3,Net Banking,1
49997.8,POS Payment,18.0,Desktop,Houston,3,55,3,Net Banking,1
928.92,Bill Payment,10.0,Mobile,New York,4,96,1,Debit Card,1
286.43,Bank Transfer,14.0,Mobile,Boston,0,84,4,Debit Card,1
2413.21,Online Purchase,21.0,Tablet,Houston,4,27,14,UPI,1
3765.11,ATM Withdrawal,16.0,Tablet,Houston,3,102,5,Net Banking,1
394.4,Online Purchase,17.0,Mobile,Miami,0,57,8,Credit Card,1
4228.77,Bank Transfer,18.0,Desktop,Seattle,1,73,9,Net Banking,1
4851.61,Bank Transfer,15.0,Mobile,Los Angeles,4,75,4,Debit Card,1
506.52,Bank Transfer,23.0,Tablet,Houston,3,75,4,UPI,1
4397.28,Online Purchase,12.0,Unknown Device,Chicago,1,86,10,Net Banking,1
3947.02,ATM Withdrawal,20.0,Desktop,Chicago,0,22,9,UPI,1
3302.64,Bill Payment,8.0,Desktop,San Francisco,3,108,6,Debit Card,1
2683.08,Online Purchase,22.0,Mobile,Chicago,2,79,3,Credit Card,1
3970.2,Bank Transfer,14.0,Tablet,Miami,4,119,4,UPI,1
4507.6,Bank Transfer,9.0,Tablet,Houston,0,82,1,Net Banking,1
1879.67,ATM Withdrawal,20.0,Desktop,Los Angeles,4,10,12,UPI,1
440.54,ATM Withdrawal,6.0,Desktop,Los Angeles,3,86,7,Credit Card,1
2539.37,Online Purchase,14.0,Tablet,Chicago,3,19,6,Credit Card,1
2885.63,Bill Payment,17.0,Desktop,New York,1,15,7,Net Banking,1
1430.94,Bank Transfer,17.0,Desktop,San Francisco,2,83,5,Credit Card,1
4672.33,POS Payment,16.0,Desktop,Boston,1,80,1,UPI,1
4975.39,ATM Withdrawal,19.0,Tablet,Boston,1,43,3,Credit Card,1
3861.31,Bill Payment,15.0,Desktop,Chicago,0,113,13,Credit Card,1
2479.96,ATM Withdrawal,23.0,Tablet,Boston,3,45,13,UPI,1
1267.96,Bill Payment,15.0,Tablet,Houston,0,100,9,UPI,1
2183.37,Online Purchase,19.0,Mobile,Miami,2,44,12,Debit Card,1
4840.35,Bank Transfer,18.0,Tablet,San Francisco,3,55,6,Debit Card,1
1223.2,ATM Withdrawal,23.0,Mobile,Los Angeles,0,99,5,UPI,1
379.94,Bill Payment,21.0,Mobile,New York,0,87,9,Debit Card,1
3775.78,ATM Withdrawal,11.0,Tablet,Los Angeles,1,96,4,Net Banking,1
190.25,Bank Transfer,7.0,Mobile,San Francisco,1,111,2,UPI,1
886.05,Bill Payment,21.0,Tablet,Miami,4,92,5,UPI,1
2406.97,POS Payment,14.0,Tablet,Chicago,4,3,1,Net Banking,1
1826.49,POS Payment,12.0,Tablet,Los Angeles,3,45,9,Debit Card,1
54.7,Bank Transfer,20.0,Tablet,New York,1,113,4,Debit Card,1
2259.44,Online Purchase,16.0,Mobile,Houston,1,68,2,Credit Card,1
1560.49,ATM Withdrawal,16.0,Tablet,Seattle,4,92,4,Debit Card,1
3067.04,Bank Transfer,1.0,Desktop,Los Angeles,4,113,8,Credit Card,1
4308.45,POS Payment,1.0,Desktop,Boston,1,52,14,Net Banking,1
1395.81,Online Purchase,19.0,Mobile,Chicago,4,67,9,Credit Card,1
1797.53,Bank Transfer,3.0,Tablet,Boston,0,44,13,Net Banking,1
2761.05,ATM Withdrawal,18.0,Desktop,Houston,0,60,13,Debit Card,1
2995.3,Online Purchase,2.0,Desktop,Los Angeles,4,81,7,Net Banking,1
4214.55,POS Payment,5.0,Desktop,Chicago,3,62,5,Debit Card,1
2666.29,Bank Transfer,3.0,Tablet,Chicago,0,85,11,UPI,1
3591.72,POS Payment,22.0,Mobile,Houston,2,91,2,UPI,1
3886.73,Bill Payment,23.0,Tablet,New York,3,2,8,Net Banking,1
1783.01,Bank Transfer,22.0,Mobile,Chicago,4,84,3,Credit Card,1
4594.14,Bill Payment,23.0,Desktop,San Francisco,1,59,5,Credit Card,1
2092.21,Bill Payment,22.0,Mobile,San Francisco,3,42,8,UPI,1
4319.4,Online Purchase,14.0,Mobile,San Francisco,2,57,5,Debit Card,1
1636.54,Bill Payment,22.0,Mobile,Los Angeles,1,29,8,UPI,1
3905.42,Bank Transfer,7.0,Mobile,Chicago,0,44,4,UPI,1
2130.25,Bank Transfer,18.0,Unknown Device,San Francisco,4,90,6,Net Banking,1
2566.94,ATM Withdrawal,7.0,Mobile,Boston,2,37,2,Credit Card,1
3910.55,Bank Transfer,2.0,Desktop,Chicago,0,49,8,Credit Card,1
3444.2,Bill Payment,11.0,Mobile,Los Angeles,1,66,7,UPI,1
4223.44,Online Purchase,23.0,Tablet,Chicago,4,69,10,Debit Card,1
4204.37,Bill Payment,15.0,Tablet,Boston,2,62,2,Net Banking,1
397.67,POS Payment,0.0,Desktop,Los Angeles,0,87,3,Credit Card,1
4157.55,POS Payment,23.0,Mobile,Seattle,1,86,8,Net Banking,1
1795.3,Online Purchase,15.0,Desktop,Los Angeles,0,10,1,Debit Card,1
2665.47,Bill Payment,19.0,Desktop,Boston,1,10,10,Credit Card,1
4282.05,POS Payment,16.0,Desktop,San Francisco,3,118,14,UPI,1
35.45,Bank Transfer,13.0,Desktop,Houston,4,45,13,Credit Card,1
4738.96,POS Payment,23.0,Tablet,Boston,3,112,8,UPI,1
4401.8,Online Purchase,11.0,Mobile,New York,4,56,4,Debit Card,1
376.8,Bank Transfer,20.0,Mobile,Seattle,1,110,4,Net Banking,1
4446.65,ATM Withdrawal,8.0,Unknown Device,New York,1,102,5,Invalid Method,1
1823.5,Bank Transfer,15.0,Desktop,Seattle,2,99,5,Credit Card,1
392.28,Online Purchase,23.0,Mobile,Los Angeles,3,115,10,Credit Card,1
2857.99,POS Payment,8.0,Tablet,Boston,3,110,1,Net Banking,1
1308.16,Online Purchase,23.0,Mobile,Miami,0,78,1,Invalid Method,1
1831.67,Online Purchase,20.0,Mobile,Houston,3,95,11,Credit Card,1
1243.38,POS Payment,10.0,Tablet,Miami,1,98,1,Credit Card,1
4139.42,Bank Transfer,1.0,Mobile,Boston,4,26,7,Net Banking,1
4597.37,Online Purchase,13.0,Desktop,Houston,2,97,9,Credit Card,1
4052.61,ATM Withdrawal,22.0,Mobile,Miami,4,80,2,Debit Card,1
2790.92,Bill Payment,23.0,Tablet,Boston,0,1,14,Net Banking,1
2478.81,Online Purchase,12.0,Tablet,Boston,3,38,14,Debit Card,1
3747.55,POS Payment,18.0,Mobile,Seattle,3,93,6,Debit Card,1
2314.62,Bill Payment,15.0,Mobile,Chicago,2,36,4,Debit Card,1
1256.28,Bank Transfer,22.0,Desktop,Seattle,1,91,6,Debit Card,1
2514.99,Bill Payment,17.0,Tablet,Boston,2,57,13,Debit Card,1
1770.54,Online Purchase,17.0,Mobile,Los Angeles,1,110,14,Net Banking,1
2652.3,Bill Payment,11.0,Desktop,Houston,0,10,8,Credit Card,1
4818.95,POS Payment,17.0,Desktop,Chicago,1,7,2,Debit Card,1
4368.89,ATM Withdrawal,15.0,Tablet,Los Angeles,2,74,1,Net Banking,1
2665.97,POS Payment,15.0,Mobile,Boston,2,23,1,Debit Card,1
2294.59,Online Purchase,9.0,Tablet,New York,4,90,7,Net Banking,1
3582.81,ATM Withdrawal,21.0,Mobile,New York,2,39,2,Debit Card,1
1824.23,Bill Payment,18.0,Mobile,New York,0,79,14,UPI,1
2201.03,Online Purchase,20.0,Desktop,San Francisco,4,116,12,UPI,1
4918.75,ATM Withdrawal,17.0,Mobile,Boston,1,61,14,Credit Card,1
1000.17,POS Payment,17.0,Tablet,Chicago,1,104,6,UPI,1
4051.07,Online Purchase,10.0,Mobile,Boston,4,38,14,Debit Card,1
323.96,ATM Withdrawal,15.0,Desktop,Miami,2,47,6,Credit Card,1
4931.95,Bank Transfer,11.0,Tablet,Houston,4,87,8,UPI,1
1380.65,POS Payment,4.0,Tablet,Boston,4,71,3,UPI,1
4614.17,ATM Withdrawal,20.0,Desktop,Houston,1,117,11,UPI,1
2953.71,ATM Withdrawal,17.0,Mobile,San Francisco,1,71,1,Credit Card,1
1967.53,Online Purchase,20.0,Tablet,Los Angeles,3,75,8,UPI,1
642.81,ATM Withdrawal,0.0,Unknown Device,Boston,2,81,4,Net Banking,1
3654.38,Online Purchase,22.0,Desktop,Houston,1,111,4,Credit Card,1
1970.01,Online Purchase,18.0,Desktop,New York,4,52,4,Net Banking,1
112.56,Bank Transfer,23.0,Tablet,Houston,0,106,3,Debit Card,1
1475.43,Bill Payment,7.0,Desktop,Houston,1,51,9,Debit Card,1
3087.17,ATM Withdrawal,13.0,Mobile,Houston,1,74,4,UPI,1
2092.75,Bill Payment,0.0,Tablet,Boston,1,86,2,Credit Card,1
3821.21,Online Purchase,1.0,Desktop,Los Angeles,3,97,3,Net Banking,1
1127.94,POS Payment,14.0,Tablet,Miami,2,85,10,Credit Card,1
3037.91,ATM Withdrawal,17.0,Tablet,New York,0,78,5,Net Banking,1
4479.91,POS Payment,9.0,Desktop,Chicago,2,19,11,Net Banking,1
4656.45,Bank Transfer,6.0,Desktop,Houston,0,92,12,Net Banking,1
4398.43,Online Purchase,8.0,Mobile,Chicago,4,23,11,Debit Card,1
694.45,Bill Payment,13.0,Tablet,Houston,3,73,8,UPI,1
179.21,POS Payment,1.0,Mobile,Chicago,0,116,8,Credit Card,1
2123.44,Bill Payment,21.0,Tablet,Los Angeles,3,47,6,UPI,1
2701.87,ATM Withdrawal,9.0,Desktop,San Francisco,1,106,7,Credit Card,1
3608.42,Bank Transfer,16.0,Tablet,Boston,3,28,1,Credit Card,1
1964.5,ATM Withdrawal,22.0,Desktop,Boston,3,93,2,UPI,1
4538.24,Online Purchase,18.0,Tablet,Chicago,0,27,3,Net Banking,1
389.01,Bill Payment,18.0,Tablet,Chicago,0,41,11,Credit Card,1
3251.44,POS Payment,23.0,Mobile,Boston,1,94,13,Invalid Method,1
285.71,ATM Withdrawal,13.0,Desktop,Los Angeles,4,52,10,UPI,1
3211.46,ATM Withdrawal,0.0,Mobile,Miami,2,101,4,Credit Card,1
3848.2,POS Payment,18.0,Mobile,Los Angeles,2,63,1,UPI,1
575.45,ATM Withdrawal,11.0,Desktop,Houston,4,102,11,UPI,1
947.17,Bill Payment,4.0,Mobile,Chicago,4,113,13,Debit Card,1
2504.77,Online Purchase,7.0,Desktop,Miami,1,104,11,Debit Card,1
3348.54,Bill Payment,19.0,Mobile,Chicago,3,20,11,UPI,1
2980.68,POS Payment,0.0,Mobile,Los Angeles,2,75,2,Net Banking,1
2818.08,Online Purchase,8.0,Mobile,Chicago,0,22,13,Credit Card,1
1607.98,Online Purchase,23.0,Mobile,New York,2,86,7,Net Banking,1
4960.08,Bill Payment,15.0,Desktop,San Francisco,1,91,5,Credit Card,1
2738.27,Online Purchase,17.0,Desktop,Boston,3,1,1,Credit Card,1
4615.57,Online Purchase,17.0,Desktop,Los Angeles,4,80,1,Invalid Method,1
3997.07,ATM Withdrawal,8.0,Tablet,Los Angeles,1,36,7,Net Banking,1
3731.13,Bank Transfer,19.0,Desktop,Seattle,2,108,12,Debit Card,1
3797.79,Bill Payment,21.0,Desktop,Seattle,1,48,9,Debit Card,1
4024.27,ATM Withdrawal,12.0,Desktop,Chicago,1,20,14,Net Banking,1
1544.43,POS Payment,23.0,Desktop,Los Angeles,0,18,10,UPI,1
571.3,POS Payment,17.0,Mobile,Los Angeles,3,65,8,Invalid Method,1
4172.24,ATM Withdrawal,9.0,Tablet,Chicago,4,89,4,UPI,1
4440.52,Bill Payment,16.0,Mobile,Boston,4,45,9,Debit Card,1
4486.0,Online Purchase,8.0,Tablet,Miami,1,103,13,Credit Card,1
2678.81,ATM Withdrawal,21.0,Tablet,Los Angeles,3,51,8,Net Banking,1
4971.05,POS Payment,13.0,Desktop,Houston,1,27,13,Credit Card,1
2980.95,Online Purchase,3.0,Mobile,Los Angeles,3,104,8,Debit Card,1
1802.1,POS Payment,16.0,Tablet,Boston,2,81,3,Debit Card,1
3279.72,POS Payment,4.0,Tablet,Houston,0,102,13,Invalid Method,1
4426.83,ATM Withdrawal,18.0,Tablet,New York,1,104,5,Credit Card,1
3811.3,POS Payment,16.0,Mobile,San Francisco,1,2,1,Net Banking,1
1840.33,Bill Payment,2.0,Mobile,Miami,3,109,4,Credit Card,1
49997.8,Online Purchase,6.0,Mobile,Chicago,2,104,12,Debit Card,1
597.05,ATM Withdrawal,14.0,Mobile,Houston,2,80,5,Invalid Method,1
1926.06,Online Purchase,18.0,Desktop,Los Angeles,1,43,10,Debit Card,1
4876.95,ATM Withdrawal,14.0,Desktop,Houston,2,85,8,UPI,1
2494.24,Online Purchase,11.0,Desktop,Houston,3,96,1,UPI,1
2698.93,Online Purchase,14.0,Mobile,Los Angeles,0,15,8,Debit Card,1
1958.14,Online Purchase,14.0,Mobile,Houston,0,75,5,UPI,1
4588.88,Bill Payment,16.0,Tablet,New York,4,88,5,UPI,1
2542.86,Online Purchase,16.0,Mobile,Boston,0,85,9,UPI,1
2430.18,Online Purchase,22.0,Desktop,Miami,3,65,3,Debit Card,1
3975.54,ATM Withdrawal,8.0,Mobile,Chicago,4,55,10,Net Banking,1
1077.51,Bill Payment,19.0,Tablet,New York,0,37,5,Debit Card,1
4068.47,POS Payment,0.0,Tablet,Houston,2,33,1,Credit Card,1
663.05,Bank Transfer,14.0,Mobile,Boston,3,5,12,UPI,1
2203.25,Bill Payment,22.0,Desktop,Los Angeles,3,10,12,Debit Card,1
677.78,ATM Withdrawal,20.0,Tablet,New York,4,92,10,Credit Card,1
1817.63,Bill Payment,14.0,Tablet,New York,1,70,10,UPI,1
3611.03,ATM Withdrawal,20.0,Mobile,San Francisco,0,59,4,UPI,1
4697.62,ATM Withdrawal,21.0,Mobile,San Francisco,3,79,11,Debit Card,1
3339.33,Online Purchase,13.0,Desktop,Chicago,1,86,13,Credit Card,1
3702.27,Bill Payment,7.0,Tablet,Boston,3,81,12,Net Banking,1
3509.7,Online Purchase,11.0,Desktop,Miami,0,77,8,Net Banking,1
4325.59,POS Payment,22.0,Tablet,Seattle,2,32,5,Net Banking,1
4422.31,Bill Payment,17.0,Desktop,Chicago,3,28,8,Credit Card,1
500.84,Bill Payment,21.0,Desktop,Seattle,1,45,4,UPI,1
4887.57,Bank Transfer,19.0,Mobile,Houston,1,56,9,UPI,1
1445.59,Bank Transfer,8.0,Desktop,Los Angeles,2,73,4,UPI,1
3388.4,ATM Withdrawal,18.0,Tablet,Houston,3,108,7,Net Banking,1
3544.19,POS Payment,15.0,Desktop,Houston,1,62,8,Net Banking,1
1369.06,Online Purchase,19.0,Tablet,Chicago,0,94,9,Debit Card,1
2306.83,ATM Withdrawal,4.0,Tablet,Boston,3,58,12,UPI,1
4221.78,Bill Payment,22.0,Tablet,Houston,1,79,8,Debit Card,1
49997.8,Online Purchase,4.0,Mobile,Miami,3,101,3,Net Banking,1
3768.93,POS Payment,6.0,Mobile,Chicago,2,96,2,Credit Card,1
2889.67,ATM Withdrawal,7.0,Tablet,Boston,2,109,10,Credit Card,1
4749.13,Bill Payment,16.0,Desktop,New York,4,49,2,UPI,1
3857.47,Bill Payment,19.0,Desktop,Houston,1,34,5,UPI,1
2401.7,Bill Payment,21.0,Desktop,Miami,0,59,9,Credit Card,1
349.32,POS Payment,9.0,Desktop,Boston,0,100,9,Net Banking,1
466.01,POS Payment,13.0,Desktop,Houston,2,7,5,Credit Card,1
804.05,ATM Withdrawal,5.0,Desktop,New York,2,109,1,Net Banking,1
343.4,ATM Withdrawal,16.0,Desktop,Boston,0,71,2,Debit Card,1
4136.3,Bill Payment,22.0,Desktop,San Francisco,3,38,11,UPI,1
4447.13,Bank Transfer,10.0,Tablet,Boston,1,114,4,Debit Card,1
379.29,Bill Payment,20.0,Tablet,New York,4,78,3,Debit Card,1
1387.48,Online Purchase,16.0,Tablet,Chicago,3,50,5,UPI,1
3569.6,POS Payment,7.0,Tablet,Boston,1,114,14,Net Banking,1
1554.16,Online Purchase,0.0,Tablet,Miami,2,94,2,Net Banking,1
3194.69,Bank Transfer,4.0,Mobile,New York,0,106,3,Net Banking,1
4667.52,Online Purchase,5.0,Tablet,Boston,4,18,12,UPI,1
4372.42,ATM Withdrawal,16.0,Desktop,Boston,1,86,11,Credit Card,1
1649.68,Bank Transfer,3.0,Desktop,Boston,1,77,2,Credit Card,1
2583.51,POS Payment,13.0,Desktop,Boston,2,68,9,Debit Card,1
3861.56,Online Purchase,6.0,Mobile,Houston,1,16,5,Net Banking,1
3341.23,Bill Payment,17.0,Desktop,Miami,1,70,8,Net Banking,1
3420.15,Online Purchase,2.0,Tablet,Boston,2,53,14,UPI,1
995.3,POS Payment,9.0,Mobile,Los Angeles,4,43,3,Credit Card,1
2621.36,POS Payment,23.0,Desktop,Houston,4,116,1,Debit Card,1
1593.08,ATM Withdrawal,5.0,Desktop,Chicago,2,96,3,Debit Card,1
2926.16,Bank Transfer,17.0,Tablet,Chicago,4,6,13,Net Banking,1
1823.27,Online Purchase,22.0,Unknown Device,Los Angeles,4,6,9,Credit Card,1
2985.88,POS Payment,1.0,Desktop,Chicago,2,92,8,UPI,1
3174.43,ATM Withdrawal,12.0,Mobile,Los Angeles,3,21,2,Net Banking,1
4321.39,Bank Transfer,19.0,Unknown Device,Miami,3,80,4,Credit Card,1
4065.2,Online Purchase,12.0,Desktop,Los Angeles,1,5,6,UPI,1
1989.01,Bill Payment,23.0,Unknown Device,Houston,2,10,4,Debit Card,1
1144.48,POS Payment,17.0,Tablet,San Francisco,4,118,6,Debit Card,1
4476.62,Online Purchase,9.0,Tablet,Los Angeles,1,32,5,Debit Card,1
1282.81,Bank Transfer,9.0,Tablet,Los Angeles,2,100,13,Debit Card,1
4203.19,POS Payment,18.0,Tablet,Chicago,1,36,1,Net Banking,1
2883.06,ATM Withdrawal,13.0,Tablet,Boston,3,27,3,UPI,1
3282.64,POS Payment,22.0,Tablet,Los Angeles,4,37,5,Debit Card,1
4499.29,Online Purchase,4.0,Mobile,Houston,1,110,1,Net Banking,1
871.63,ATM Withdrawal,4.0,Tablet,Chicago,0,8,5,UPI,1
190.58,POS Payment,15.0,Tablet,Chicago,0,112,11,UPI,1
4705.16,POS Payment,1.0,Mobile,Houston,1,5,3,Net Banking,1
2494.49,POS Payment,9.0,Tablet,Chicago,0,68,14,Debit Card,1
49997.8,POS Payment,11.0,Desktop,New York,0,73,5,Debit Card,1
4321.93,POS Payment,13.0,Mobile,Houston,0,75,8,Debit Card,1
22.81,POS Payment,22.0,Mobile,Chicago,2,23,7,Net Banking,1
526.5,Bank Transfer,6.0,Mobile,Los Angeles,3,65,3,Credit Card,1
1526.67,Online Purchase,18.0,Tablet,Houston,0,100,6,Debit Card,1
967.64,POS Payment,15.0,Mobile,Miami,4,42,7,UPI,1
2306.52,ATM Withdrawal,4.0,Tablet,Chicago,3,21,1,Net Banking,1
3239.3,POS Payment,5.0,Mobile,Houston,1,41,1,Net Banking,1
937.15,Online Purchase,21.0,Desktop,Seattle,0,58,6,Debit Card,1
905.01,Online Purchase,17.0,Tablet,Los Angeles,1,61,13,UPI,1
2759.85,Bank Transfer,18.0,Mobile,Houston,2,24,7,UPI,1
543.05,ATM Withdrawal,8.0,Tablet,Chicago,4,27,3,UPI,1
3471.28,Bill Payment,5.0,Tablet,New York,1,102,1,UPI,1
1077.02,Bank Transfer,22.0,Tablet,Miami,4,93,7,Credit Card,1
4059.97,Bank Transfer,19.0,Tablet,Boston,1,108,12,Debit Card,1
4805.56,POS Payment,9.0,Tablet,Miami,0,74,9,Debit Card,1
3361.6,POS Payment,0.0,Mobile,Boston,2,93,11,Net Banking,1
2865.89,Bill Payment,22.0,Tablet,Miami,1,20,12,Credit Card,1
3921.93,Bank Transfer,18.0,Mobile,New York,2,7,5,UPI,1
1927.06,ATM Withdrawal,15.0,Mobile,Boston,4,119,3,Credit Card,1
2021.69,Online Purchase,0.0,Desktop,Boston,4,38,4,Invalid Method,1
1225.46,ATM Withdrawal,13.0,Desktop,Chicago,3,84,8,Debit Card,1
3409.18,Online Purchase,22.0,Mobile,New York,0,25,14,Credit Card,1
2182.62,Bank Transfer,17.0,Tablet,Chicago,4,89,9,Net Banking,1
581.32,Bank Transfer,16.0,Tablet,Houston,1,1,4,Debit Card,1
2531.13,Bank Transfer,19.0,Mobile,Seattle,4,51,5,Credit Card,1
3089.6,Bank Transfer,11.0,Desktop,Chicago,1,3,5,UPI,1
2804.09,Bill Payment,1.0,Desktop,Chicago,0,82,8,Debit Card,1
2229.56,POS Payment,9.0,Mobile,Houston,0,90,3,Net Banking,1
4325.13,POS Payment,19.0,Mobile,Boston,2,95,8,Credit Card,1
2873.42,POS Payment,2.0,Mobile,Boston,0,73,10,Credit Card,1
4459.15,POS Payment,11.0,Mobile,Chicago,3,2,2,Credit Card,1
2113.8,Bill Payment,23.0,Mobile,Houston,0,114,4,Debit Card,1
1888.74,ATM Withdrawal,10.0,Tablet,New York,4,62,1,Net Banking,1
2057.51,POS Payment,16.0,Desktop,Miami,3,116,12,UPI,1
334.3,POS Payment,13.0,Tablet,Los Angeles,3,105,3,Credit Card,1
3394.31,POS Payment,4.0,Desktop,Los Angeles,3,24,1,Net Banking,1
1945.18,ATM Withdrawal,3.0,Mobile,Houston,4,84,1,Net Banking,1
1364.01,Online Purchase,11.0,Mobile,Los Angeles,3,44,6,UPI,1
4620.12,Online Purchase,1.0,Mobile,Miami,1,92,2,Debit Card,1
1463.64,Online Purchase,19.0,Mobile,Chicago,3,21,6,Debit Card,1
2955.96,POS Payment,13.0,Desktop,Miami,0,74,4,Credit Card,1
3844.03,Bank Transfer,15.0,Desktop,Los Angeles,0,36,7,Net Banking,1
2198.36,ATM Withdrawal,7.0,Mobile,Miami,4,76,1,UPI,1
2874.23,Online Purchase,22.0,Desktop,Houston,0,95,7,Debit Card,1
3179.69,Bill Payment,22.0,Mobile,Los Angeles,1,55,7,Credit Card,1
3869.47,POS Payment,20.0,Mobile,Los Angeles,1,16,14,Debit Card,1
3998.13,ATM Withdrawal,16.0,Tablet,San Francisco,4,117,12,UPI,1
3022.62,Online Purchase,20.0,Tablet,Seattle,4,98,11,Debit Card,1
3978.84,POS Payment,5.0,Desktop,Chicago,3,93,13,Credit Card,1
3085.68,ATM Withdrawal,17.0,Mobile,Boston,4,92,8,Debit Card,1
2531.3,POS Payment,14.0,Tablet,Boston,2,89,13,Credit Card,1
4126.23,Bill Payment,23.0,Tablet,Seattle,2,17,7,Debit Card,1
3897.79,Bill Payment,19.0,Mobile,Boston,1,71,5,Debit Card,1
446.79,Bill Payment,17.0,Mobile,Boston,0,46,6,Net Banking,1
4248.42,ATM Withdrawal,6.0,Desktop,Chicago,0,98,10,Credit Card,1
3528.39,Bank Transfer,10.0,Mobile,Miami,3,99,4,Invalid Method,1
1250.85,Online Purchase,11.0,Desktop,Boston,1,4,13,Debit Card,1
2277.32,ATM Withdrawal,13.0,Desktop,Los Angeles,3,19,6,Debit Card,1
4760.42,POS Payment,5.0,Mobile,Miami,3,110,4,Credit Card,1
3799.95,Bank Transfer,10.0,Tablet,Seattle,2,91,2,UPI,1
1718.51,ATM Withdrawal,3.0,Desktop,Chicago,1,76,1,Net Banking,1
3505.1,ATM Withdrawal,14.0,Tablet,Chicago,0,106,5,Debit Card,1
1826.7,ATM Withdrawal,6.0,Tablet,Boston,2,39,8,Debit Card,1
2095.78,Bill Payment,12.0,Desktop,Boston,2,11,14,Net Banking,1
469.05,POS Payment,15.0,Desktop,Chicago,3,8,1,Net Banking,1
2726.53,ATM Withdrawal,17.0,Mobile,Miami,3,22,1,Debit Card,1
1710.05,POS Payment,8.0,Tablet,Chicago,2,52,9,Net Banking,1
2740.44,ATM Withdrawal,16.0,Desktop,New York,4,113,9,Debit Card,1
3262.72,ATM Withdrawal,20.0,Tablet,Miami,2,115,14,Invalid Method,1
2498.45,Bank Transfer,9.0,Mobile,Boston,3,118,11,Credit Card,1
4228.56,ATM Withdrawal,15.0,Desktop,Miami,3,79,5,Net Banking,1
583.65,Bill Payment,16.0,Desktop,New York,2,68,6,Credit Card,1
2139.22,Online Purchase,19.0,Mobile,Boston,2,6,9,Credit Card,1
26.6,Online Purchase,14.0,Desktop,San Francisco,4,103,4,Net Banking,1
4795.51,POS Payment,15.0,Desktop,New York,2,112,8,Debit Card,1
4350.89,ATM Withdrawal,8.0,Desktop,Los Angeles,1,91,4,Net Banking,1
3092.98,Online Purchase,10.0,Unknown Device,Los Angeles,3,17,3,UPI,1
843.9,Bank Transfer,23.0,Mobile,Los Angeles,2,88,12,Credit Card,1
4211.68,POS Payment,20.0,Tablet,New York,3,112,12,Debit Card,1
1824.81,ATM Withdrawal,11.0,Tablet,Chicago,0,89,8,UPI,1
4554.27,Online Purchase,0.0,Tablet,Boston,2,109,9,Debit Card,1
2661.84,Online Purchase,21.0,Desktop,New York,0,105,8,Credit Card,1
3745.4,ATM Withdrawal,14.0,Desktop,Chicago,3,24,12,UPI,1
2247.69,ATM Withdrawal,8.0,Mobile,Houston,0,47,1,UPI,1
66.97,POS Payment,1.0,Desktop,Houston,3,104,2,Credit Card,1
2995.33,POS Payment,18.0,Tablet,Chicago,4,108,13,Debit Card,1
1649.11,Bill Payment,16.0,Desktop,New York,4,107,5,Invalid Method,1
4644.98,Bank Transfer,14.0,Desktop,Miami,2,107,13,UPI,1
1492.75,Online Purchase,7.0,Mobile,Boston,4,63,10,Debit Card,1
2781.4,Bill Payment,14.0,Tablet,Houston,2,97,12,UPI,1
793.26,POS Payment,11.0,Desktop,Los Angeles,4,98,11,UPI,1
4331.76,Bank Transfer,22.0,Tablet,New York,4,59,9,UPI,1
3775.86,Bank Transfer,23.0,Mobile,Miami,3,28,7,Debit Card,1
1786.94,Online Purchase,12.0,Unknown Device,Miami,0,66,3,Debit Card,1
3978.84,Bill Payment,9.0,Tablet,Seattle,1,108,3,Credit Card,1
2419.1,ATM Withdrawal,21.0,Mobile,Miami,1,96,3,Credit Card,1
2312.95,Bank Transfer,17.0,Mobile,Houston,4,61,4,UPI,1
3305.24,Bill Payment,7.0,Tablet,Houston,1,72,11,Debit Card,1
3670.71,Online Purchase,14.0,Mobile,Boston,0,92,9,UPI,1
2423.61,Online Purchase,16.0,Mobile,Chicago,3,29,5,Debit Card,1
135.39,Bank Transfer,23.0,Desktop,Miami,3,14,7,Net Banking,1
2436.52,Bill Payment,8.0,Tablet,Chicago,0,8,7,Credit Card,1
3431.65,Bank Transfer,13.0,Mobile,Houston,3,62,2,Debit Card,1
1431.42,Bill Payment,16.0,Tablet,Boston,4,50,13,UPI,1
4261.63,ATM Withdrawal,14.0,Unknown Device,San Francisco,3,43,1,Debit Card,1
789.23,Bank Transfer,15.0,Mobile,Los Angeles,2,6,5,Credit Card,1
963.83,POS Payment,4.0,Mobile,Chicago,4,41,2,Credit Card,1
2735.8,Bill Payment,16.0,Mobile,Houston,0,46,8,UPI,1
4720.39,Bank Transfer,5.0,Tablet,New York,0,50,2,Debit Card,1
2743.02,Bill Payment,14.0,Desktop,Chicago,0,105,3,Credit Card,1
3797.06,ATM Withdrawal,19.0,Desktop,Seattle,3,86,7,Credit Card,1
4618.23,ATM Withdrawal,22.0,Tablet,Miami,0,85,9,Credit Card,1
718.38,Online Purchase,1.0,Mobile,Los Angeles,1,111,6,Credit Card,1
4620.96,POS Payment,1.0,Mobile,Miami,3,80,2,Net Banking,1
408.43,Bill Payment,3.0,Mobile,Chicago,4,117,5,Invalid Method,1
3048.92,Bank Transfer,13.0,Tablet,Miami,2,80,7,Debit Card,1
1226.23,Bank Transfer,13.0,Mobile,Los Angeles,0,100,3,Debit Card,1
2011.2,Bill Payment,7.0,Tablet,Boston,1,50,13,Debit Card,1
3491.91,ATM Withdrawal,21.0,Desktop,New York,1,33,1,Net Banking,1
725.7,Online Purchase,16.0,Tablet,Los Angeles,1,75,4,Credit Card,1
1243.68,POS Payment,21.0,Tablet,Seattle,2,73,2,Credit Card,1
4308.84,POS Payment,21.0,Tablet,Houston,4,78,6,UPI,1
4459.54,Online Purchase,21.0,Desktop,New York,0,96,3,UPI,1
3208.12,POS Payment,15.0,Desktop,Chicago,0,49,5,Credit Card,1
1039.85,Online Purchase,7.0,Desktop,Chicago,3,61,4,Debit Card,1
916.42,Bill Payment,2.0,Tablet,Boston,3,95,3,Credit Card,1
4372.71,Bank Transfer,16.0,Unknown Device,New York,0,44,9,Debit Card,1
3681.95,Online Purchase,19.0,Tablet,New York,2,74,11,Credit Card,1
4157.76,POS Payment,18.0,Desktop,New York,0,92,13,Debit Card,1
851.27,Bank Transfer,20.0,Mobile,Seattle,4,79,5,Debit Card,1
4613.17,ATM Withdrawal,20.0,Tablet,Boston,3,112,13,Credit Card,1
4687.89,Bank Transfer,13.0,Mobile,Miami,2,46,9,Net Banking,1
2340.5,POS Payment,19.0,Mobile,Boston,2,30,6,UPI,1
1166.67,Online Purchase,5.0,Mobile,Houston,3,100,4,UPI,1
4782.5,Bill Payment,19.0,Mobile,Los Angeles,0,31,13,Net Banking,1
3902.79,Bank Transfer,19.0,Mobile,Seattle,1,61,5,Debit Card,1
1635.14,ATM Withdrawal,9.0,Tablet,Chicago,0,59,3,Net Banking,1
2921.56,ATM Withdrawal,16.0,Tablet,Los Angeles,3,64,13,Invalid Method,1
3405.56,Bill Payment,9.0,Desktop,Houston,2,87,13,UPI,1
312.0,ATM Withdrawal,14.0,Unknown Device,Los Angeles,0,31,8,Credit Card,1
1437.09,POS Payment,11.0,Tablet,Los Angeles,3,57,4,UPI,1
1662.93,POS Payment,6.0,Mobile,Miami,2,105,5,Invalid Method,1
775.57,Online Purchase,18.0,Desktop,New York,4,117,5,Invalid Method,1
1497.04,Online Purchase,18.0,Mobile,Chicago,4,3,9,Net Banking,1
3771.87,Bill Payment,13.0,Tablet,Houston,2,21,6,Debit Card,1
3642.37,Online Purchase,21.0,Mobile,Houston,1,118,12,Net Banking,1
541.7,Bank Transfer,8.0,Tablet,Boston,4,4,1,UPI,1
1462.47,Online Purchase,5.0,Tablet,Houston,1,100,9,Credit Card,1
4266.65,POS Payment,16.0,Mobile,Chicago,2,3,7,Debit Card,1
733.35,POS Payment,16.0,Mobile,Houston,1,24,10,Credit Card,1
4855.5,Online Purchase,20.0,Tablet,New York,0,56,2,Credit Card,1
4445.94,POS Payment,7.0,Desktop,Seattle,3,108,3,UPI,1
2588.64,ATM Withdrawal,5.0,Desktop,Houston,2,56,2,Net Banking,1
559.07,Bank Transfer,6.0,Desktop,Boston,4,38,2,Debit Card,1
2241.85,Bill Payment,3.0,Mobile,Boston,2,110,13,Invalid Method,1
4964.53,Bank Transfer,14.0,Tablet,Boston,1,45,8,Net Banking,1
785.34,Bank Transfer,18.0,Desktop,Miami,0,53,7,Net Banking,1
967.43,Online Purchase,16.0,Mobile,San Francisco,1,107,9,Credit Card,1
2407.67,Bill Payment,20.0,Tablet,New York,1,19,7,Credit Card,1
2876.19,Bill Payment,21.0,Tablet,Los Angeles,0,110,3,Net Banking,1
3471.45,Bank Transfer,5.0,Desktop,Houston,0,14,3,Debit Card,1
2475.28,Bank Transfer,15.0,Desktop,Miami,4,89,7,UPI,1
2082.73,Bill Payment,17.0,Tablet,Los Angeles,3,24,11,Net Banking,1
3829.34,Bank Transfer,14.0,Desktop,Miami,0,25,5,Credit Card,1
2122.25,ATM Withdrawal,2.0,Desktop,Chicago,0,110,8,Credit Card,1
3298.37,ATM Withdrawal,16.0,Tablet,Miami,0,41,3,Net Banking,1
1806.84,Bank Transfer,21.0,Mobile,Miami,4,29,4,Debit Card,1
237.59,Online Purchase,23.0,Tablet,Chicago,3,115,11,Credit Card,1
4178.8,Bank Transfer,19.0,Tablet,Houston,2,6,7,Debit Card,1
4078.6,Bill Payment,21.0,Desktop,Chicago,4,41,7,Credit Card,1
4288.98,Bank Transfer,23.0,Desktop,Los Angeles,1,29,9,Debit Card,1
3006.17,ATM Withdrawal,14.0,Desktop,Los Angeles,1,23,9,Net Banking,1
4538.76,ATM Withdrawal,21.0,Tablet,New York,4,65,5,Net Banking,1
2823.54,Bank Transfer,14.0,Tablet,Boston,4,37,3,Net Banking,1
3490.15,POS Payment,18.0,Tablet,Miami,0,116,11,UPI,1
2324.33,ATM Withdrawal,20.0,Mobile,New York,2,93,4,Credit Card,1
3663.04,Bill Payment,19.0,Tablet,Los Angeles,0,15,9,Credit Card,1
1063.5,Online Purchase,19.0,Tablet,Chicago,0,53,1,UPI,1
3245.22,POS Payment,21.0,Tablet,Seattle,4,62,6,UPI,1
2634.14,POS Payment,21.0,Mobile,Chicago,2,95,7,Net Banking,1
1774.43,POS Payment,11.0,Tablet,Boston,2,57,13,Net Banking,1
930.53,ATM Withdrawal,15.0,Desktop,Houston,1,86,5,UPI,1
2041.68,ATM Withdrawal,20.0,Desktop,Houston,0,14,6,Invalid Method,1
3330.77,Online Purchase,6.0,Mobile,New York,0,97,6,Credit Card,1
1345.17,Bank Transfer,15.0,Tablet,Chicago,2,113,13,Invalid Method,1
4682.57,Bank Transfer,7.0,Mobile,Houston,3,44,12,UPI,1
3650.57,POS Payment,20.0,Desktop,San Francisco,0,85,10,Credit Card,1
1322.41,POS Payment,16.0,Tablet,Boston,3,52,8,Debit Card,1
3397.73,Online Purchase,0.0,Mobile,Boston,4,63,5,UPI,1
4159.63,POS Payment,8.0,Tablet,New York,0,80,7,UPI,1
2085.52,POS Payment,14.0,Desktop,Miami,0,92,14,Net Banking,1
3648.8,Online Purchase,20.0,Mobile,Chicago,4,22,10,Net Banking,1
4459.54,POS Payment,20.0,Desktop,Miami,0,112,6,Credit Card,1
4049.09,POS Payment,11.0,Desktop,Chicago,0,77,1,Debit Card,1
2252.14,Online Purchase,14.0,Mobile,Los Angeles,2,42,13,Credit Card,1
4441.95,Online Purchase,22.0,Tablet,Miami,3,117,2,Debit Card,1
2549.78,Online Purchase,15.0,Desktop,Chicago,2,69,3,Credit Card,1
1409.99,Online Purchase,7.0,Desktop,Los Angeles,2,64,7,Debit Card,1
3487.54,ATM Withdrawal,2.0,Tablet,Boston,3,105,9,UPI,1
3396.47,Bill Payment,4.0,Mobile,Houston,1,9,2,Debit Card,1
552.03,Bill Payment,22.0,Desktop,New York,1,31,5,Debit Card,1
2351.86,ATM Withdrawal,23.0,Tablet,San Francisco,2,34,9,Net Banking,1
4378.01,ATM Withdrawal,15.0,Desktop,Houston,2,99,9,Debit Card,1
2493.17,Bank Transfer,21.0,Desktop,San Francisco,0,25,4,Credit Card,1
417.45,ATM Withdrawal,17.0,Desktop,New York,2,42,7,Net Banking,1
1134.48,POS Payment,22.0,Tablet,San Francisco,4,101,9,Debit Card,1
4871.26,POS Payment,12.0,Desktop,Houston,1,80,14,Invalid Method,1
2425.2,Bill Payment,23.0,Desktop,Los Angeles,2,17,11,Credit Card,1
1172.89,Bill Payment,17.0,Mobile,Miami,4,27,6,UPI,1
576.21,Bank Transfer,10.0,Mobile,Los Angeles,2,113,2,Credit Card,1
2546.0,Online Purchase,16.0,Desktop,Boston,0,6,8,UPI,1
3677.12,POS Payment,18.0,Tablet,Chicago,4,42,4,Net Banking,1
808.67,Bank Transfer,11.0,Tablet,Chicago,4,18,2,Net Banking,1
949.96,Online Purchase,21.0,Mobile,San Francisco,2,118,8,UPI,1
2583.25,ATM Withdrawal,12.0,Tablet,Boston,3,6,3,Debit Card,1
4873.47,Bank Transfer,14.0,Desktop,Miami,4,64,13,Debit Card,1
784.61,Bill Payment,9.0,Mobile,Houston,0,115,4,Credit Card,1
149.3,Online Purchase,4.0,Unknown Device,Miami,4,98,4,Debit Card,1
2354.97,ATM Withdrawal,15.0,Desktop,San Francisco,1,63,4,Credit Card,1
2799.1,POS Payment,11.0,Tablet,San Francisco,1,63,2,Credit Card,1
2391.36,ATM Withdrawal,14.0,Mobile,New York,0,84,5,Debit Card,1
2338.07,Bank Transfer,4.0,Tablet,Chicago,1,115,12,Net Banking,1
1475.33,POS Payment,12.0,Desktop,Chicago,1,78,3,UPI,1
2796.03,ATM Withdrawal,22.0,Desktop,New York,1,62,4,Debit Card,1
1998.83,Bill Payment,20.0,Tablet,Boston,0,47,11,Net Banking,1
81.62,ATM Withdrawal,19.0,Desktop,Chicago,3,83,10,UPI,1
2392.5,POS Payment,21.0,Desktop,Chicago,1,46,14,Credit Card,1
1244.14,ATM Withdrawal,20.0,Desktop,Miami,4,114,1,Debit Card,1
1017.25,Bill Payment,2.0,Mobile,Boston,2,74,3,Credit Card,1
4618.93,Online Purchase,17.0,Mobile,Houston,2,1,5,Debit Card,1
1694.03,Bill Payment,2.0,Desktop,Boston,4,82,6,UPI,1
2646.04,POS Payment,14.0,Desktop,Boston,4,19,7,Net Banking,1
3478.72,Bill Payment,8.0,Mobile,Boston,0,9,7,Net Banking,1
468.31,POS Payment,3.0,Mobile,Chicago,0,107,4,Debit Card,1
622.37,POS Payment,19.0,Mobile,Chicago,4,22,1,Net Banking,1
219.54,POS Payment,6.0,Mobile,Boston,4,118,10,Debit Card,1
49997.8,Bank Transfer,21.0,Desktop,Miami,1,50,1,Debit Card,1
4928.5,Bank Transfer,5.0,Desktop,Houston,3,41,4,Net Banking,1
1069.09,POS Payment,10.0,Mobile,New York,2,101,7,UPI,1
3165.74,POS Payment,15.0,Mobile,Miami,1,74,14,Credit Card,1
1999.85,Bill Payment,20.0,Tablet,New York,1,30,6,Invalid Method,1
174.53,Bill Payment,21.0,Desktop,Chicago,4,56,4,Net Banking,1
3272.33,Bill Payment,16.0,Desktop,Boston,1,62,6,Debit Card,1
887.5,Online Purchase,12.0,Mobile,Seattle,0,92,1,Debit Card,1
1963.61,Online Purchase,9.0,Tablet,Los Angeles,0,56,4,Debit Card,1
3214.47,POS Payment,20.0,Mobile,Houston,2,113,10,Net Banking,1
1812.21,ATM Withdrawal,19.0,Tablet,Seattle,4,94,2,Credit Card,1
3584.2,POS Payment,20.0,Tablet,San Francisco,4,55,6,Net Banking,1
4353.53,Bill Payment,15.0,Tablet,Houston,3,116,12,Net Banking,1
4341.15,Bank Transfer,4.0,Desktop,Miami,2,99,4,Net Banking,1
4117.31,POS Payment,7.0,Desktop,Chicago,4,112,1,Debit Card,1
982.92,Bank Transfer,21.0,Tablet,Seattle,4,90,7,Net Banking,1
3569.79,POS Payment,18.0,Tablet,Houston,2,82,1,Debit Card,1
4049.14,Bill Payment,7.0,Desktop,Houston,1,119,10,Credit Card,1
2991.26,Bank Transfer,17.0,Mobile,Houston,0,117,6,UPI,1
4213.8,Bank Transfer,5.0,Desktop,Los Angeles,0,87,4,Net Banking,1
2520.87,POS Payment,7.0,Tablet,Houston,2,98,12,Credit Card,1
1605.23,ATM Withdrawal,16.0,Desktop,Boston,3,107,1,UPI,1
49997.8,Online Purchase,9.0,Tablet,Boston,0,106,12,Net Banking,1
49997.8,Bill Payment,23.0,Mobile,New York,3,87,9,Credit Card,1
4792.06,ATM Withdrawal,15.0,Tablet,Houston,3,70,7,Net Banking,1
1001.64,POS Payment,23.0,Mobile,Houston,0,83,10,Net Banking,1
3260.33,POS Payment,16.0,Tablet,San Francisco,1,7,2,Credit Card,1
1803.96,POS Payment,1.0,Desktop,Boston,1,99,12,Debit Card,1
1417.06,POS Payment,20.0,Mobile,San Francisco,1,115,8,Net Banking,1
963.39,Bill Payment,6.0,Mobile,Houston,3,34,4,Invalid Method,1
3343.03,POS Payment,14.0,Tablet,Houston,2,100,10,Debit Card,1
3677.88,POS Payment,23.0,Mobile,Chicago,4,104,14,Debit Card,1
473.0,Online Purchase,20.0,Desktop,Chicago,3,116,12,Credit Card,1
779.11,POS Payment,10.0,Desktop,Los Angeles,0,15,4,Net Banking,1
3879.13,POS Payment,14.0,Tablet,New York,1,61,11,Credit Card,1
2832.42,ATM Withdrawal,12.0,Desktop,Los Angeles,3,29,10,Debit Card,1
1192.18,Online Purchase,11.0,Mobile,Houston,0,22,6,Net Banking,1
829.99,POS Payment,21.0,Desktop,Boston,1,69,12,UPI,1
1936.21,POS Payment,22.0,Mobile,Boston,1,113,1,Net Banking,1
2089.81,Bill Payment,22.0,Tablet,Miami,2,119,4,UPI,1
109.79,POS Payment,3.0,Tablet,Houston,4,65,5,Credit Card,1
1912.77,POS Payment,15.0,Mobile,Los Angeles,1,43,1,Credit Card,1
4760.1,POS Payment,6.0,Tablet,New York,2,119,5,Credit Card,1
1379.36,Bill Payment,11.0,Mobile,Chicago,3,71,8,Credit Card,1
2479.35,Bank Transfer,20.0,Tablet,Miami,2,88,8,Debit Card,1
3172.59,POS Payment,9.0,Unknown Device,Houston,2,40,10,UPI,1
1532.4,Bank Transfer,21.0,Desktop,San Francisco,0,53,1,Debit Card,1
1335.64,Bank Transfer,9.0,Unknown Device,Boston,0,13,8,Debit Card,1
49997.8,Bill Payment,18.0,Desktop,Boston,0,92,7,Debit Card,1
900.24,POS Payment,13.0,Tablet,Chicago,0,57,1,UPI,1
1332.33,Bill Payment,16.0,Tablet,New York,4,54,5,Invalid Method,1
1781.05,POS Payment,15.0,Mobile,Houston,3,52,1,Credit Card,1
66.65,Online Purchase,20.0,Mobile,Los Angeles,0,41,11,Debit Card,1
162.84,Bank Transfer,16.0,Tablet,Los Angeles,4,75,4,Credit Card,1
1301.83,Online Purchase,19.0,Desktop,Los Angeles,4,105,4,Net Banking,1
3815.56,Bank Transfer,0.0,Mobile,Boston,3,45,1,Net Banking,1
1322.02,Online Purchase,21.0,Tablet,San Francisco,2,45,5,Debit Card,1
4960.65,POS Payment,8.0,Desktop,Boston,4,8,4,Credit Card,1
3978.84,Bill Payment,15.0,Tablet,Los Angeles,2,8,12,Debit Card,1
2128.23,ATM Withdrawal,20.0,Tablet,New York,4,98,7,Debit Card,1
2627.62,Bank Transfer,20.0,Mobile,Houston,0,115,5,UPI,1
745.0,Bank Transfer,4.0,Tablet,Chicago,2,105,12,Debit Card,1
3169.06,Bill Payment,23.0,Tablet,Miami,4,79,9,UPI,1
4794.22,ATM Withdrawal,17.0,Tablet,Boston,3,20,3,Credit Card,1
1145.0,POS Payment,22.0,Tablet,Seattle,3,111,13,Debit Card,1
1960.79,ATM Withdrawal,7.0,Tablet,Miami,1,94,4,Debit Card,1
108.0,POS Payment,7.0,Desktop,Chicago,2,97,9,UPI,1
2384.04,Bill Payment,13.0,Mobile,New York,4,65,2,Credit Card,1
2788.13,Online Purchase,15.0,Mobile,Miami,2,78,9,UPI,1
3484.25,Online Purchase,5.0,Mobile,Boston,3,81,10,Net Banking,1
2641.64,POS Payment,19.0,Mobile,Los Angeles,1,101,12,Credit Card,1
4373.84,Online Purchase,9.0,Tablet,Los Angeles,4,100,3,Credit Card,1
1503.75,POS Payment,10.0,Desktop,New York,1,116,8,Debit Card,1
1245.42,Bill Payment,17.0,Mobile,New York,1,68,4,Credit Card,1
2484.08,Bank Transfer,6.0,Mobile,Boston,4,81,4,Credit Card,1
794.56,ATM Withdrawal,14.0,Tablet,Los Angeles,3,117,3,Credit Card,1
689.08,Bank Transfer,23.0,Mobile,Los Angeles,0,52,8,Credit Card,1
2722.3,Online Purchase,0.0,Desktop,Boston,0,89,7,Credit Card,1
4987.03,POS Payment,4.0,Tablet,Boston,0,52,13,UPI,1
2612.07,Bank Transfer,2.0,Mobile,Los Angeles,0,83,2,Credit Card,1
1602.19,Bank Transfer,23.0,Mobile,New York,0,36,2,UPI,1
4206.82,Online Purchase,11.0,Tablet,Chicago,0,41,14,Net Banking,1
603.81,ATM Withdrawal,11.0,Mobile,Chicago,2,53,4,UPI,1
1705.76,POS Payment,11.0,Tablet,Houston,1,37,2,Debit Card,1
208.52,Bank Transfer,18.0,Unknown Device,Houston,0,86,11,UPI,1
3996.08,Bank Transfer,15.0,Mobile,Los Angeles,1,39,4,Debit Card,1
1885.92,Bill Payment,14.0,Desktop,Los Angeles,4,23,3,Net Banking,1
2436.06,Bank Transfer,19.0,Desktop,San Francisco,1,74,8,Debit Card,1
3353.02,Bank Transfer,5.0,Mobile,Boston,4,58,3,Net Banking,1
3101.71,ATM Withdrawal,20.0,Tablet,Miami,2,51,13,Credit Card,1
3084.1,Bill Payment,23.0,Desktop,Miami,3,6,6,Debit Card,1
1885.8,Bill Payment,16.0,Desktop,Los Angeles,4,44,6,Net Banking,1
614.86,POS Payment,6.0,Tablet,Los Angeles,4,68,4,Debit Card,1
3011.62,ATM Withdrawal,17.0,Desktop,Houston,1,58,7,Credit Card,1
2934.16,Online Purchase,23.0,Tablet,San Francisco,2,38,11,Net Banking,1
1781.6,Bank Transfer,7.0,Desktop,Chicago,3,70,8,Credit Card,1
786.15,Online Purchase,14.0,Tablet,Chicago,2,110,12,UPI,1
618.54,Bill Payment,13.0,Desktop,Boston,1,112,8,Net Banking,1
2240.51,Bill Payment,6.0,Unknown Device,Boston,3,107,10,Debit Card,1
1751.68,Bank Transfer,18.0,Mobile,Chicago,4,90,14,Credit Card,1
2517.46,Bank Transfer,16.0,Mobile,Houston,4,97,8,Net Banking,1
3253.46,Online Purchase,21.0,Tablet,Los Angeles,0,83,10,Net Banking,1
3148.61,Bill Payment,13.0,Desktop,Chicago,2,92,6,Credit Card,1
2109.17,POS Payment,11.0,Mobile,Los Angeles,1,3,1,Net Banking,1
4403.56,Bill Payment,20.0,Desktop,Seattle,1,41,6,Debit Card,1
2496.4,Bank Transfer,19.0,Tablet,Los Angeles,3,61,14,UPI,1
995.3,Online Purchase,23.0,Desktop,New York,1,77,1,UPI,1
4074.85,Online Purchase,23.0,Desktop,New York,2,18,8,Credit Card,1
3621.7,POS Payment,6.0,Desktop,Miami,1,96,11,Net Banking,1
4421.62,Bank Transfer,8.0,Tablet,Los Angeles,2,107,10,Debit Card,1
180.5,ATM Withdrawal,2.0,Mobile,Chicago,1,82,1,Net Banking,1
3550.13,Bank Transfer,18.0,Mobile,Boston,2,20,7,Debit Card,1
4097.64,POS Payment,19.0,Tablet,Seattle,0,94,2,UPI,1
4792.54,Bank Transfer,12.0,Mobile,Boston,0,24,8,Credit Card,1
2389.68,Online Purchase,15.0,Desktop,Los Angeles,0,39,4,UPI,1
3538.57,ATM Withdrawal,19.0,Desktop,New York,0,29,3,UPI,1
1392.68,Online Purchase,8.0,Mobile,Chicago,4,10,4,Debit Card,1
4336.62,Online Purchase,7.0,Desktop,San Francisco,2,89,1,UPI,1
999.66,ATM Withdrawal,10.0,Mobile,Chicago,4,61,8,Credit Card,1
4098.0,Bank Transfer,15.0,Mobile,Boston,2,35,4,UPI,1
2795.13,POS Payment,23.0,Tablet,Houston,0,45,7,Net Banking,1
372.54,Bank Transfer,13.0,Desktop,Chicago,3,79,14,Debit Card,1
4038.94,POS Payment,2.0,Mobile,Miami,3,109,5,Debit Card,1
4655.17,Bill Payment,23.0,Tablet,Boston,3,99,1,Credit Card,1
4073.68,Bank Transfer,7.0,Desktop,Houston,2,41,9,Credit Card,1
2573.86,Bank Transfer,11.0,Tablet,Los Angeles,0,61,8,UPI,1
384.58,POS Payment,7.0,Tablet,Los Angeles,2,104,8,Net Banking,1
634.89,Bank Transfer,22.0,Tablet,San Francisco,0,92,4,Debit Card,1
3582.86,Bill Payment,20.0,Tablet,Boston,3,97,8,Net Banking,1
2355.71,Bill Payment,10.0,Tablet,Houston,3,33,6,UPI,1
343.34,POS Payment,22.0,Tablet,Seattle,0,99,6,Credit Card,1
3356.56,POS Payment,7.0,Unknown Device,Miami,0,61,7,UPI,1
4645.24,ATM Withdrawal,20.0,Mobile,Chicago,1,80,5,UPI,1
4669.74,Bill Payment,17.0,Mobile,Los Angeles,4,111,14,Credit Card,1
993.47,POS Payment,20.0,Tablet,Boston,0,55,1,Net Banking,1
3050.46,Online Purchase,20.0,Mobile,New York,1,15,1,Debit Card,1
1874.6,Bank Transfer,23.0,Desktop,San Francisco,0,28,5,Invalid Method,1
2378.77,ATM Withdrawal,20.0,Unknown Device,New York,2,75,10,UPI,1
1861.21,Bank Transfer,22.0,Desktop,Seattle,4,47,6,Credit Card,1
3097.46,POS Payment,13.0,Tablet,New York,4,77,3,Net Banking,1
2452.32,Bank Transfer,16.0,Mobile,Houston,1,57,8,Credit Card,1
1813.4,ATM Withdrawal,8.0,Mobile,Los Angeles,0,102,11,Net Banking,1
1649.93,POS Payment,17.0,Mobile,Chicago,0,2,4,UPI,1
811.55,Bill Payment,2.0,Desktop,Chicago,4,116,12,Credit Card,1
857.08,Bank Transfer,5.0,Tablet,Chicago,0,61,1,Credit Card,1
104.08,Online Purchase,19.0,Tablet,Boston,0,102,7,Invalid Method,1
4621.21,ATM Withdrawal,17.0,Mobile,Boston,2,118,12,UPI,1
615.96,Bill Payment,23.0,Desktop,Los Angeles,2,29,13,Net Banking,1
584.95,ATM Withdrawal,15.0,Mobile,Boston,1,67,11,Credit Card,1
2081.36,POS Payment,8.0,Mobile,Los Angeles,1,82,2,UPI,1
1765.48,Bill Payment,10.0,Desktop,Boston,3,71,1,Credit Card,1
3669.16,Bill Payment,21.0,Tablet,Houston,4,96,11,Debit Card,1
4258.83,ATM Withdrawal,11.0,Desktop,Boston,2,97,10,Invalid Method,1
4476.93,Bill Payment,2.0,Desktop,Chicago,2,64,4,Net Banking,1
4399.95,Online Purchase,23.0,Mobile,Miami,0,14,1,Debit Card,1
2709.91,Bill Payment,4.0,Mobile,Los Angeles,2,100,10,Debit Card,1
3038.98,POS Payment,19.0,Tablet,Boston,4,24,11,Debit Card,1
3186.97,Bank Transfer,14.0,Desktop,Boston,3,64,5,Credit Card,1
4631.43,POS Payment,21.0,Desktop,Chicago,3,109,2,Debit Card,1
4639.77,POS Payment,10.0,Tablet,Miami,2,104,14,Credit Card,1
2346.28,ATM Withdrawal,23.0,Tablet,Chicago,1,61,13,Credit Card,1
2396.9,ATM Withdrawal,21.0,Mobile,New York,3,69,1,Debit Card,1
1496.55,POS Payment,10.0,Tablet,New York,2,80,5,Net Banking,1
2560.59,Online Purchase,16.0,Desktop,Chicago,3,10,10,Credit Card,1
3121.9,ATM Withdrawal,6.0,Mobile,Los Angeles,2,50,4,UPI,1
4608.06,Bank Transfer,19.0,Desktop,Miami,3,69,12,UPI,1
3340.87,ATM Withdrawal,10.0,Mobile,Los Angeles,1,51,9,Net Banking,1
4497.52,Online Purchase,1.0,Mobile,Boston,0,10,10,UPI,1
4273.13,ATM Withdrawal,21.0,Desktop,Boston,3,80,2,Credit Card,1
829.82,POS Payment,15.0,Tablet,New York,2,115,2,Credit Card,1
518.63,Bill Payment,14.0,Tablet,Chicago,0,25,11,Credit Card,1
1199.47,Online Purchase,14.0,Tablet,Chicago,4,47,8,Net Banking,1
1441.37,Bank Transfer,16.0,Desktop,Los Angeles,4,76,4,Debit Card,1
1077.02,Bill Payment,16.0,Mobile,Chicago,2,81,3,Net Banking,1
1365.7,POS Payment,11.0,Desktop,Seattle,0,115,1,Net Banking,1
2532.59,ATM Withdrawal,10.0,Mobile,New York,1,88,9,Debit Card,1
1674.25,Bank Transfer,12.0,Desktop,Los Angeles,2,86,11,Debit Card,1
846.42,POS Payment,20.0,Tablet,Boston,2,94,2,Net Banking,1
3178.48,Bill Payment,6.0,Mobile,Boston,4,4,1,Net Banking,1
873.53,Bank Transfer,21.0,Desktop,New York,2,94,8,Net Banking,1
4010.89,POS Payment,23.0,Tablet,New York,4,105,3,Debit Card,1
1120.5,POS Payment,17.0,Tablet,Miami,1,97,3,UPI,1
2267.35,Bank Transfer,17.0,Tablet,Miami,0,67,13,Credit Card,1
1612.13,Online Purchase,9.0,Tablet,New York,2,107,2,Credit Card,1
187.96,Online Purchase,22.0,Desktop,Houston,1,110,3,Invalid Method,1
3128.65,Online Purchase,22.0,Tablet,San Francisco,3,95,12,Debit Card,1
1392.07,ATM Withdrawal,17.0,Tablet,Chicago,0,71,11,Net Banking,1
4090.28,POS Payment,4.0,Tablet,Houston,4,52,3,UPI,1
1596.25,Bill Payment,16.0,Mobile,Boston,4,98,2,Invalid Method,1
3194.93,Bill Payment,15.0,Tablet,Houston,0,17,14,Credit Card,1
2261.59,Bill Payment,21.0,Tablet,New York,3,41,8,Net Banking,1
4066.94,POS Payment,19.0,Mobile,Seattle,2,57,8,Debit Card,1
136.09,Online Purchase,9.0,Mobile,New York,0,83,2,Debit Card,1
3934.59,Bank Transfer,9.0,Unknown Device,Chicago,0,9,10,Credit Card,1
4730.87,Bill Payment,19.0,Tablet,Boston,4,61,5,UPI,1
2447.16,ATM Withdrawal,14.0,Tablet,San Francisco,0,67,6,Net Banking,1
3148.05,Bill Payment,14.0,Tablet,New York,2,87,6,Debit Card,1
4523.93,Online Purchase,8.0,Desktop,Boston,3,111,10,Credit Card,1
449.27,Online Purchase,22.0,Tablet,Houston,4,64,5,Net Banking,1
329.81,Bank Transfer,18.0,Tablet,Seattle,2,102,7,Debit Card,1
3814.28,Online Purchase,6.0,Tablet,Chicago,2,99,6,Net Banking,1
3946.3,ATM Withdrawal,7.0,Tablet,Houston,0,49,11,UPI,1
49997.8,Bank Transfer,4.0,Mobile,Seattle,0,2,10,Debit Card,1
3840.86,Bank Transfer,4.0,Mobile,New York,1,79,3,Credit Card,1
4077.63,Online Purchase,4.0,Mobile,Houston,1,63,2,Debit Card,1
4826.95,POS Payment,5.0,Mobile,Miami,1,69,7,Debit Card,1
3796.75,ATM Withdrawal,3.0,Tablet,New York,4,79,1,Debit Card,1
3546.04,ATM Withdrawal,22.0,Desktop,Houston,0,108,1,Debit Card,1
2983.24,ATM Withdrawal,7.0,Desktop,Boston,2,67,7,Debit Card,1
4112.84,Online Purchase,3.0,Tablet,Boston,3,44,6,Net Banking,1
4221.72,ATM Withdrawal,12.0,Tablet,Boston,1,118,11,Debit Card,1
2055.67,ATM Withdrawal,2.0,Mobile,Los Angeles,2,107,1,Debit Card,1
542.76,Bill Payment,17.0,Tablet,Houston,2,38,9,UPI,1
3070.12,Online Purchase,7.0,Desktop,Boston,0,118,13,Net Banking,1
1106.49,POS Payment,11.0,Tablet,San Francisco,1,76,1,Credit Card,1
3432.96,POS Payment,7.0,Mobile,Miami,4,34,1,Credit Card,1
1111.45,POS Payment,13.0,Tablet,Los Angeles,2,96,8,Credit Card,1
3182.51,Online Purchase,22.0,Mobile,San Francisco,3,17,6,UPI,1
342.86,Bill Payment,19.0,Tablet,Los Angeles,0,22,3,UPI,1
3341.51,POS Payment,16.0,Desktop,New York,2,34,8,Net Banking,1
2097.75,POS Payment,16.0,Tablet,New York,1,59,2,Debit Card,1
1082.51,Bank Transfer,19.0,Desktop,Los Angeles,3,117,2,Net Banking,1
4501.8,POS Payment,14.0,Mobile,Boston,3,43,1,Net Banking,1
850.74,POS Payment,22.0,Mobile,Boston,1,99,11,UPI,1
4245.92,Online Purchase,22.0,Tablet,San Francisco,1,26,3,Debit Card,1
3797.24,Bank Transfer,7.0,Tablet,Chicago,3,61,6,Net Banking,1
3719.89,Bank Transfer,9.0,Mobile,Chicago,2,9,8,Credit Card,1
4236.5,ATM Withdrawal,7.0,Unknown Device,Boston,3,19,3,Credit Card,1
2351.31,ATM Withdrawal,17.0,Mobile,Boston,1,37,6,Net Banking,1
1963.76,Bill Payment,9.0,Mobile,Boston,4,113,2,Credit Card,1
4972.61,Online Purchase,19.0,Tablet,Houston,1,15,9,Credit Card,1
268.19,ATM Withdrawal,15.0,Desktop,Miami,1,42,8,Debit Card,1
300.21,Bank Transfer,11.0,Tablet,Miami,0,103,6,UPI,1
2970.91,Bank Transfer,16.0,Mobile,Miami,4,69,14,Net Banking,1
1435.76,Bank Transfer,14.0,Tablet,Los Angeles,0,45,1,UPI,1
1588.77,Bank Transfer,2.0,Mobile,Houston,0,118,11,Credit Card,1
3189.27,POS Payment,5.0,Mobile,Boston,4,47,6,Debit Card,1
4490.67,POS Payment,22.0,Tablet,Boston,4,105,8,UPI,1
1811.49,Bill Payment,3.0,Unknown Device,Boston,3,112,14,UPI,1
1620.44,Online Purchase,18.0,Tablet,New York,0,36,3,Debit Card,1
2531.19,Bank Transfer,10.0,Mobile,Chicago,0,115,2,Credit Card,1
3994.05,POS Payment,10.0,Tablet,San Francisco,2,101,5,UPI,1
4070.8,Bank Transfer,20.0,Tablet,Los Angeles,1,17,8,Net Banking,1
1348.62,Bank Transfer,2.0,Desktop,Boston,4,75,5,Net Banking,1
4465.31,ATM Withdrawal,23.0,Mobile,Seattle,1,48,6,Credit Card,1
720.56,ATM Withdrawal,0.0,Mobile,Boston,4,118,8,UPI,1
2588.76,POS Payment,16.0,Mobile,Boston,0,29,2,UPI,1
1422.02,POS Payment,23.0,Desktop,Los Angeles,0,114,13,Net Banking,1
896.0,ATM Withdrawal,15.0,Tablet,Boston,0,118,13,Net Banking,1
1009.23,Bank Transfer,3.0,Mobile,Los Angeles,2,98,1,Credit Card,1
3164.66,Bank Transfer,10.0,Mobile,Los Angeles,3,50,9,Net Banking,1
3864.9,Bill Payment,9.0,Mobile,Miami,1,108,9,Credit Card,1
4367.8,Bill Payment,10.0,Mobile,Houston,2,108,12,UPI,1
4839.35,ATM Withdrawal,2.0,Tablet,Houston,4,46,7,Debit Card,1
2946.55,ATM Withdrawal,11.0,Desktop,Los Angeles,1,107,12,Credit Card,1
2333.73,Bank Transfer,12.0,Tablet,Los Angeles,4,61,1,Credit Card,1
675.1,Bank Transfer,22.0,Desktop,Chicago,1,37,2,Debit Card,1
3915.46,ATM Withdrawal,15.0,Desktop,Los Angeles,1,85,2,Invalid Method,1
3079.77,POS Payment,4.0,Mobile,Boston,0,81,12,Net Banking,1
2919.64,ATM Withdrawal,8.0,Tablet,Los Angeles,2,77,10,Net Banking,1
3579.09,ATM Withdrawal,5.0,Tablet,Houston,3,51,3,UPI,1
3809.31,Online Purchase,11.0,Desktop,Los Angeles,0,115,8,Net Banking,1
4933.08,POS Payment,4.0,Mobile,New York,1,102,4,Net Banking,1
2051.2,Online Purchase,15.0,Unknown Device,Chicago,3,44,1,UPI,1
1565.4,Bill Payment,19.0,Desktop,Los Angeles,0,80,8,Net Banking,1
4170.13,ATM Withdrawal,13.0,Desktop,San Francisco,1,105,5,Net Banking,1
4147.56,Online Purchase,11.0,Mobile,Houston,2,29,3,Debit Card,1
3904.73,Bank Transfer,20.0,Mobile,Chicago,3,31,3,Credit Card,1
3537.39,Online Purchase,23.0,Desktop,Los Angeles,2,7,3,Debit Card,1
2245.81,Bill Payment,8.0,Mobile,Boston,0,98,4,UPI,1
3075.99,Online Purchase,18.0,Desktop,Chicago,1,9,14,Net Banking,1
1977.36,ATM Withdrawal,13.0,Desktop,Chicago,3,15,6,Credit Card,1
49997.8,Bill Payment,16.0,Desktop,Seattle,0,115,14,Debit Card,1
713.7,Bank Transfer,8.0,Desktop,Boston,0,50,3,Debit Card,1
3183.44,Bill Payment,4.0,Mobile,Houston,1,78,9,Credit Card,1
831.39,Online Purchase,17.0,Tablet,Boston,4,40,13,Credit Card,1
2007.44,Bill Payment,20.0,Tablet,Houston,3,102,5,Net Banking,1
3696.3,ATM Withdrawal,2.0,Tablet,New York,0,101,3,Debit Card,1
3090.5,Bank Transfer,14.0,Desktop,Chicago,0,98,1,Debit Card,1
3314.99,Bill Payment,3.0,Desktop,Houston,1,22,2,Credit Card,1
4455.96,Online Purchase,9.0,Tablet,Boston,4,90,12,Credit Card,1
249.35,ATM Withdrawal,7.0,Desktop,Los Angeles,1,68,6,UPI,1
3345.34,Bill Payment,21.0,Tablet,Houston,1,34,2,Credit Card,1
1842.77,POS Payment,5.0,Desktop,Los Angeles,3,63,3,Invalid Method,1
1441.78,Bill Payment,18.0,Desktop,Los Angeles,0,112,9,Debit Card,1
2818.65,ATM Withdrawal,23.0,Tablet,Houston,1,108,1,Debit Card,1
850.03,Bank Transfer,23.0,Mobile,Houston,4,89,4,Net Banking,1
4422.31,Online Purchase,13.0,Tablet,Chicago,0,13,11,Credit Card,1
4544.11,Online Purchase,9.0,Desktop,Seattle,4,93,1,UPI,1
4145.89,ATM Withdrawal,12.0,Tablet,Miami,1,93,13,UPI,1
1430.17,Online Purchase,20.0,Mobile,Boston,3,44,5,Net Banking,1
4580.48,ATM Withdrawal,20.0,Mobile,Houston,1,114,1,Debit Card,1
3734.26,Online Purchase,20.0,Desktop,Boston,0,4,2,Debit Card,1
4960.95,Bank Transfer,15.0,Tablet,Los Angeles,3,114,7,Debit Card,1
3195.01,ATM Withdrawal,8.0,Desktop,Chicago,3,98,8,Debit Card,1
1762.2,Online Purchase,16.0,Desktop,Chicago,4,80,4,Credit Card,1
